association_id;atc_id_id;drug_id_id
26381;V09IA09;DB09266
22850;B01AC16;DB00063
22851;L04AB02;DB00065
22852;G03GA06;DB00066
22853;G03GA10;DB00066
22854;G03GA05;DB00066
22784;B01AE02;DB00001
22785;L01XC06;DB00002
22786;L01XX29;DB00004
22787;L04AB01;DB00005
22788;B01AE06;DB00006
22789;L02AE51;DB00007
22790;L02AE02;DB00007
22791;L03AB11;DB00008
22792;L03AB61;DB00008
22793;B01AD02;DB00009
22794;S01XA13;DB00009
22795;V04CD03;DB00010
22796;H01AC04;DB00010
22797;L03AB06;DB00011
22798;B03XA02;DB00012
22799;B01AD04;DB00013
22800;L02AE03;DB00014
22801;B01AD07;DB00015
22802;B03XA01;DB00016
22803;H05BA01;DB00017
22804;L03AA13;DB00019
22805;L03AA09;DB00020
22806;L03AB10;DB00022
22807;L03AB60;DB00022
22808;L01XX02;DB00023
22809;H01AB01;DB00024
22810;B02BD02;DB00025
22811;L04AC03;DB00026
22812;R02AB30;DB00027
22813;B01AD03;DB00029
22814;A10AC01;DB00030
22815;A10AE01;DB00030
22816;A10AB01;DB00030
22817;A10AD01;DB00030
22818;A10AF01;DB00030
22819;B01AD11;DB00031
22820;G03GA02;DB00032
22821;G03GA03;DB00032
22822;L03AB04;DB00034
22823;H01BA02;DB00035
22824;B02BD08;DB00036
22825;L03AC02;DB00038
22826;V03AF08;DB00039
22827;H04AA01;DB00040
22828;L03AC01;DB00041
22829;M03AX01;DB00042
22830;R03DX05;DB00043
22831;G03GA07;DB00044
22832;A10AC04;DB00046
22833;A10AB04;DB00046
22834;A10AD04;DB00046
22835;A10AE54;DB00047
22836;A10AE04;DB00047
22837;D03BA02;DB00048
22838;M09AB02;DB00048
22839;D03BA52;DB00048
22840;H01CC02;DB00050
22841;L04AB04;DB00051
22842;H01AC01;DB00052
22843;B01AC13;DB00054
22844;B01AD10;DB00055
22845;L01XC05;DB00056
22846;B02AB02;DB00058
22847;L01XX24;DB00059
22848;L03AB07;DB00060
22849;L03AX04;DB00061
22855;L03AB08;DB00068
22856;L03AB09;DB00069
22857;A10AC03;DB00071
22858;A10AB03;DB00071
22859;A10AE03;DB00071
22860;A10AD03;DB00071
22861;L01XC03;DB00072
22862;L01XC02;DB00073
22863;L04AC02;DB00074
22864;L04AA02;DB00075
22865;V10XX02;DB00078
22866;J01XX09;DB00080
22867;V10XA53;DB00081
22868;H01AX01;DB00082
22869;M03AX01;DB00083
22870;B01AD01;DB00086
22871;B06AA55;DB00086
22872;L04AA34;DB00087
22873;V09IB04;DB00089
22874;L04AD01;DB00091
22875;S01XA18;DB00091
22876;L04AA15;DB00092
22877;G03GA04;DB00094
22878;L04AA21;DB00095
22879;G03GA08;DB00097
22880;L04AA04;DB00098
22881;L03AA02;DB00099
22882;D03AX06;DB00102
22883;A01AD08;DB00102
22884;A16AB04;DB00103
22885;H01CB02;DB00104
22886;L03AB05;DB00105
22887;L02BX01;DB00106
22888;G02AC01;DB00107
22889;H01BB02;DB00107
22890;L04AA23;DB00108
22891;J05AX07;DB00109
22892;J06BB16;DB00110
22893;L04AC01;DB00111
22894;L01XC07;DB00112
22895;V09IA06;DB00113
22896;A11HA06;DB00114
22897;B03BA01;DB00115
22898;B03AE01;DB00115
22899;B03BA51;DB00115
22900;A16AA02;DB00118
22901;A11HA05;DB00121
22902;V03AF11;DB00123
22903;B05XB03;DB00123
22904;V03AF11;DB00125
22905;B05XB01;DB00125
22906;G01AD03;DB00126
22907;A11GA01;DB00126
22908;A11GB01;DB00126
22909;S01XA15;DB00126
22910;A05BA06;DB00129
22911;A16AA03;DB00130
22912;V03AB26;DB00134
22913;D05AX03;DB00136
22914;A11CC04;DB00136
22915;A11HA04;DB00140
22916;S01XA26;DB00140
22917;A09AB01;DB00142
22918;V03AB32;DB00143
22919;B05CX03;DB00145
22920;A11CC06;DB00146
22921;N06AX02;DB00150
22922;A11DA01;DB00152
22923;A11CC01;DB00153
22924;B03AE02;DB00158
22976;N05BA56;DB00186
22977;N05BA06;DB00186
22978;C07AB09;DB00187
22979;L01XX32;DB00188
22980;A08AA01;DB00191
22981;N02AJ13;DB00193
22982;N02AJ14;DB00193
22983;N02AX02;DB00193
22984;J05AB03;DB00194
22985;S01AD06;DB00194
22986;S01ED02;DB00195
22987;C07AB05;DB00195
22988;S01ED52;DB00195
22989;J01RA07;DB00196
22990;J02AC01;DB00196
22991;D01AC15;DB00196
22992;A10BG01;DB00197
22993;J05AH02;DB00198
22925;V04CX02;DB00158
22926;B03BB01;DB00158
22927;B03AE01;DB00158
22928;B03BB51;DB00158
22929;S01XA02;DB00162
22930;V04CB01;DB00162
22931;D10AD02;DB00162
22932;R01AX02;DB00162
22933;A11CA01;DB00162
22934;J04AM08;DB00165
22935;A11HA02;DB00165
22936;A16AX01;DB00166
22937;M05BB09;DB00169
22938;M05BX53;DB00169
22939;M05BB07;DB00169
22940;M05BB08;DB00169
22941;A11CC55;DB00169
22942;M05BB05;DB00169
22943;A11CC05;DB00169
22944;M05BB03;DB00169
22945;M05BB04;DB00169
22946;B02BA02;DB00170
22947;C10AA03;DB00175
22948;C10BA03;DB00175
22949;C10BX02;DB00175
22950;N06AB08;DB00176
22951;C09DX05;DB00177
22952;C10BX10;DB00177
22953;C09DA03;DB00177
22954;C09CA03;DB00177
22955;C09DX02;DB00177
22956;C09DX01;DB00177
22957;C09DB08;DB00177
22958;C09DB01;DB00177
22959;C09DX04;DB00177
22960;C09BX03;DB00178
22961;C10BX04;DB00178
22962;C10BX17;DB00178
22963;C09BB07;DB00178
22964;C10BX06;DB00178
22965;C09BB05;DB00178
22966;C09BA05;DB00178
22967;C09AA05;DB00178
22968;L01XX10;DB00179
22969;R01AD04;DB00180
22970;R03BA03;DB00180
22971;M03BX01;DB00181
22972;N06BA01;DB00182
22973;V04CG04;DB00183
22974;N07BA01;DB00184
22975;N07AX03;DB00185
22994;J01FA01;DB00199
22995;D10AF02;DB00199
22996;S01AA17;DB00199
22997;D10AF52;DB00199
22998;B03BA53;DB00200
22999;V03AB33;DB00200
23000;B03BA03;DB00200
23001;R03DA20;DB00201
23002;V04CG30;DB00201
23003;N06BC01;DB00201
23004;M03AB01;DB00202
23005;G01AE10;DB00203
23006;G04BE03;DB00203
23007;C01BD04;DB00204
23008;P01BD01;DB00205
23009;P01BD51;DB00205
23010;P01BF04;DB00205
23011;C02LA51;DB00206
23012;C02AA02;DB00206
23013;C02LA01;DB00206
23014;C02LA71;DB00206
23015;C02AA52;DB00206
23016;J01RA07;DB00207
23017;S01AA26;DB00207
23018;J01FA10;DB00207
23019;B01AC05;DB00208
23020;A03DA06;DB00209
23021;G04BD09;DB00209
23022;D10AD03;DB00210
23023;D10AD53;DB00210
23024;C01CA17;DB00211
23025;C09XA01;DB00212
23026;A02BD04;DB00213
23027;A02BD11;DB00213
23028;A02BC02;DB00213
23029;C03CA04;DB00214
23030;G01AE10;DB00214
23031;N06AB04;DB00215
23032;N02CC06;DB00216
23033;C02CC01;DB00217
23034;S01AE07;DB00218
23035;J01MA14;DB00218
23036;A03AB53;DB00219
23037;A03AB03;DB00219
23038;J05AE04;DB00220
23039;A10BD04;DB00222
23040;A10BB12;DB00222
23041;A10BD06;DB00222
23042;D07AC10;DB00223
23043;J05AE02;DB00224
23044;C10AA02;DB00227
23045;C10BA01;DB00227
23046;N01AB04;DB00228
23047;J01DC07;DB00229
23048;N03AX16;DB00230
23049;N05CD07;DB00231
23050;C03AA08;DB00232
23051;C03AB08;DB00232
23052;J04AA02;DB00233
23053;J04AA03;DB00233
23054;J04AA01;DB00233
23055;N06AX18;DB00234
23056;C01CE02;DB00235
23057;N05CB01;DB00237
23058;J05AG01;DB00238
23059;J05AR05;DB00238
23060;J05AR07;DB00238
23061;D01AC11;DB00239
23062;G01AF17;DB00239
23063;G01AF20;DB00239
23064;D07AB10;DB00240
23065;S01BA10;DB00240
23066;N05CB01;DB00241
23067;L04AA40;DB00242
23068;L01BB04;DB00242
23069;C01EB18;DB00243
23070;A07EC02;DB00244
23071;N04AC01;DB00245
23072;N05AE04;DB00246
23073;N02CA04;DB00247
23074;N04BC06;DB00248
23075;G02CB03;DB00248
23076;D10AX05;DB00250
23077;J04BA02;DB00250
23078;N03AB02;DB00252
23079;N03AB52;DB00252
23080;S01BA08;DB00253
23081;J01AA02;DB00254
23082;A01AB22;DB00254
23083;J01AA20;DB00254
23084;L02AA04;DB00255
23085;L02AA01;DB00255
23086;G03CC05;DB00255
23087;G03CB02;DB00255
23088;D01AC01;DB00257
23089;A01AB18;DB00257
23090;G01AF02;DB00257
23091;G01AF20;DB00257
23092;J04AB01;DB00260
23093;L01XX35;DB00261
23094;L01AD01;DB00262
23095;J01EB05;DB00263
23096;G01AE10;DB00263
23097;S01AB02;DB00263
23098;C07FB02;DB00264
23099;C07FX05;DB00264
23100;C07FX03;DB00264
23101;C07FB13;DB00264
23102;C07AB02;DB00264
23103;C07BB52;DB00264
23104;C07CB02;DB00264
23105;C07BB02;DB00264
23106;B01AA01;DB00266
23107;N04BC04;DB00268
23108;G03CA06;DB00269
23109;C08CA03;DB00270
23110;V04CG02;DB00272
23111;N03AX11;DB00273
23112;J01DC09;DB00274
23113;C09DA08;DB00275
23114;C09DX03;DB00275
23115;C09CA08;DB00275
23116;C09DB02;DB00275
23117;L01XX01;DB00276
23118;R03DA54;DB00277
23119;R03DA74;DB00277
23120;R03DA20;DB00277
23121;R03DA04;DB00277
23122;R03DB04;DB00277
23123;B01AE03;DB00278
23124;H03AA03;DB00279
23125;H03AA02;DB00279
23126;C01BA03;DB00280
23127;S01HA07;DB00281
23128;D04AB01;DB00281
23129;R02AD02;DB00281
23130;C01BB01;DB00281
23131;S02DA01;DB00281
23132;N01BB52;DB00281
23133;C05AD01;DB00281
23134;N01BB02;DB00281
23135;M05BA03;DB00282
23136;D04AA14;DB00283
23137;R06AA54;DB00283
23138;R06AA04;DB00283
23139;A10BD17;DB00284
23140;A10BF01;DB00284
23141;N06AX16;DB00285
23142;G03CA57;DB00286
23143;G03CC07;DB00286
23144;S01EE04;DB00287
23145;D07AC11;DB00288
23146;N06BA09;DB00289
23147;L01DC01;DB00290
23148;L01AA02;DB00291
23149;N01AX07;DB00292
23150;L01BA03;DB00293
23151;G03AC08;DB00294
23152;A07DA52;DB00295
23153;N02AA51;DB00295
23154;N02AA01;DB00295
23155;N02AG01;DB00295
23156;N01BB09;DB00296
23157;N01BB01;DB00297
23158;N01BB51;DB00297
23159;S01EX02;DB00298
23160;J05AR27;DB00300
23161;J05AF07;DB00300
23162;J05AR08;DB00300
23163;J05AR11;DB00300
23164;J05AR09;DB00300
23165;J05AR06;DB00300
23166;J05AR24;DB00300
23167;J05AR12;DB00300
23168;J05AR03;DB00300
23169;J01CR50;DB00301
23170;J01CF05;DB00301
23171;B02AA02;DB00302
23172;G03AC09;DB00304
23173;G03FB10;DB00304
23174;G03AB05;DB00304
23175;G03AA09;DB00304
23176;L01DC03;DB00305
23177;N05CA07;DB00306
23178;L01XX25;DB00307
23179;C01BD05;DB00308
23180;L01CA03;DB00309
23181;G01AE10;DB00310
23182;C03EA06;DB00310
23183;C03BB04;DB00310
23184;C03BA04;DB00310
23185;N05CB01;DB00312
23186;N05CA01;DB00312
23187;N03AG01;DB00313
23188;N02CC03;DB00315
23189;N02BE71;DB00316
23190;N02BE01;DB00316
23191;N02AJ13;DB00316
23192;N02AJ17;DB00316
23193;N02BE51;DB00316
23194;N02AJ06;DB00316
23195;N02AJ01;DB00316
23196;L01XE02;DB00317
23197;N02AA79;DB00318
23198;R05DA04;DB00318
23199;N02AA59;DB00318
23200;N02AJ08;DB00318
23201;N02AJ06;DB00318
23202;N02AJ07;DB00318
23203;J01CA12;DB00319
23204;J01CR50;DB00319
23205;N02CA51;DB00320
23206;N02CA01;DB00320
23207;N06AA09;DB00321
23208;N06CA01;DB00321
23209;L01BC09;DB00322
23210;N04BX01;DB00323
23211;D07XB04;DB00324
23212;D07AB06;DB00324
23213;S01BA07;DB00324
23214;S01BB03;DB00324
23215;C05AA06;DB00324
23216;D07CB03;DB00324
23217;S01CB05;DB00324
23218;S01CA07;DB00324
23219;D10AA01;DB00324
23220;C02DD01;DB00325
23221;N02AA53;DB00327
23222;N02AA03;DB00327
23223;N02AG04;DB00327
23224;S01CC02;DB00328
23225;M01AB51;DB00328
23226;S01BC01;DB00328
23227;M02AA23;DB00328
23228;M01AB01;DB00328
23229;C01EB03;DB00328
23230;J04AK02;DB00330
23231;J04AM03;DB00330
23232;J04AM06;DB00330
23233;J04AM07;DB00330
23234;A10BD23;DB00331
23235;A10BD02;DB00331
23236;A10BD18;DB00331
23237;A10BD11;DB00331
23238;A10BD25;DB00331
23239;A10BA02;DB00331
23240;A10BD22;DB00331
23241;A10BD14;DB00331
23242;A10BD16;DB00331
23243;A10BD17;DB00331
23244;A10BD05;DB00331
23245;A10BD15;DB00331
23246;A10BD07;DB00331
23247;A10BD10;DB00331
23248;A10BD13;DB00331
23249;A10BD20;DB00331
23250;A10BD08;DB00331
23251;A10BD03;DB00331
23252;R03BB01;DB00332
23253;R01AX03;DB00332
23254;R03AL01;DB00332
23255;R03AL02;DB00332
23256;N07BC02;DB00333
23257;N02AC52;DB00333
23258;N05AH03;DB00334
23259;C07CB53;DB00335
23260;C07AB03;DB00335
23261;C07FB03;DB00335
23262;C07DB01;DB00335
23263;C07BB03;DB00335
23264;C07CB03;DB00335
23265;B05CA03;DB00336
23266;S02AA02;DB00336
23267;D08AF01;DB00336
23268;D09AA03;DB00336
23269;S01AX04;DB00336
23270;P01CC02;DB00336
23271;D11AH02;DB00337
23272;A02BC01;DB00338
23273;A02BD05;DB00338
23274;A02BD01;DB00338
23275;J04AK01;DB00339
23276;J04AM06;DB00339
23277;J04AM05;DB00339
23278;R06AE07;DB00341
23279;R06AX12;DB00342
23280;C08DB01;DB00343
23281;C05AE03;DB00343
23282;N06AA11;DB00344
23283;V04CH30;DB00345
23284;G04CA01;DB00346
23285;G04CA51;DB00346
23286;N03AC02;DB00347
23287;A16AX04;DB00348
23288;N05BA09;DB00349
23289;D11AX01;DB00350
23290;C02DC01;DB00350
23291;G03FB04;DB00351
23292;G03DB02;DB00351
23293;G03FA08;DB00351
23294;G03AC05;DB00351
23295;L02AB01;DB00351
23296;G03AA04;DB00351
23297;G03AB01;DB00351
23298;L01BB03;DB00352
23299;G02AC01;DB00353
23300;G02AB01;DB00353
23301;R06AE51;DB00354
23302;R06AE01;DB00354
23303;M03BB03;DB00356
23304;M03BB53;DB00356
23305;M03BB73;DB00356
23306;L02BG01;DB00357
23307;P01BF02;DB00358
23308;P01BC02;DB00358
23309;J01EE06;DB00359
23310;J01EC02;DB00359
23311;G01AE10;DB00359
23312;J01EE02;DB00359
23313;A16AX07;DB00360
23314;L01CA04;DB00361
23315;N05AH02;DB00363
23316;A02BX02;DB00364
23317;J01MA11;DB00365
23318;R06AA09;DB00366
23319;R06AA59;DB00366
23320;G03AB03;DB00367
23321;G03AD01;DB00367
23322;G03AC03;DB00367
23323;G03FB09;DB00367
23324;G03AA07;DB00367
23325;G03FA11;DB00367
23326;C01CA03;DB00368
23327;J05AB12;DB00369
23328;N06AX11;DB00370
23329;N05BC51;DB00371
23330;N05CX01;DB00371
23331;N05BC01;DB00371
23332;R06AD03;DB00372
23333;C07AA06;DB00373
23334;S01ED51;DB00373
23335;C07BA06;DB00373
23336;C07DA06;DB00373
23337;S01ED01;DB00373
23338;B01AC21;DB00374
23339;N04AA01;DB00376
23340;A04AA55;DB00377
23341;A04AA05;DB00377
23342;G03FA14;DB00378
23343;G03DB01;DB00378
23344;G03FB08;DB00378
23345;C01BB02;DB00379
23346;V03AF02;DB00380
23347;C09XA54;DB00381
23348;C10BX07;DB00381
23349;C09BB03;DB00381
23350;C09BB04;DB00381
23351;C07FB07;DB00381
23352;C09DB06;DB00381
23353;C07FB12;DB00381
23354;C09DB05;DB00381
23355;C09XA53;DB00381
23356;C10BX03;DB00381
23357;C07FB13;DB00381
23358;C08CA01;DB00381
23359;C09BX04;DB00381
23360;C09BX03;DB00381
23361;C09DB04;DB00381
23362;C09DX03;DB00381
23363;C08GA02;DB00381
23364;C09DB07;DB00381
23365;C09DX06;DB00381
23366;C09BX01;DB00381
23367;C10BX11;DB00381
23368;C09DB02;DB00381
23369;C10BX09;DB00381
23370;C08CA51;DB00381
23371;C09DX01;DB00381
23372;C09DB09;DB00381
23373;C09DB01;DB00381
23374;C10BX14;DB00381
23375;C09BB07;DB00381
23376;C09DX07;DB00381
23377;N06DA01;DB00382
23378;A03AA01;DB00383
23379;A03CA03;DB00383
23380;C03DB02;DB00384
23381;L01DB09;DB00385
23382;N04AA04;DB00387
23383;S01FB01;DB00388
23384;R01AB01;DB00388
23385;C01CA06;DB00388
23386;R01AA04;DB00388
23387;S01FB51;DB00388
23388;R01BA53;DB00388
23389;S01GA05;DB00388
23390;S01GA55;DB00388
23391;R01BA03;DB00388
23392;H03BB01;DB00389
23393;C01AA05;DB00390
23394;N05AL01;DB00391
23395;N04AA05;DB00392
23396;C08CA06;DB00393
23397;D07CC04;DB00394
23398;R03AL09;DB00394
23399;R03BA01;DB00394
23400;D07AC15;DB00394
23401;R03AK08;DB00394
23402;R03AK13;DB00394
23403;R01AD01;DB00394
23404;A07EA07;DB00394
23405;M03BA02;DB00395
23406;M03BA72;DB00395
23407;M03BA52;DB00395
23408;G03FA04;DB00396
23409;G03DA04;DB00396
23410;R01BA51;DB00397
23411;R01BA01;DB00397
23412;L01XE05;DB00398
23413;M05BB08;DB00399
23414;M05BA08;DB00399
23415;D01BA01;DB00400
23416;D01AA08;DB00400
23417;C08CA07;DB00401
23418;N05CF04;DB00402
23419;V04CC04;DB00403
23420;N05BA12;DB00404
23421;R06AB06;DB00405
23422;R06AB56;DB00405
23423;G01AX09;DB00406
23424;D01AE02;DB00406
23425;N05AH01;DB00408
23426;N05AL04;DB00409
23427;N07AB01;DB00411
23428;S01EB02;DB00411
23429;A10BD04;DB00412
23430;A10BG02;DB00412
23431;A10BD03;DB00412
23432;N04BC05;DB00413
23433;A10BB31;DB00414
23434;J01CR50;DB00415
23435;J01CA51;DB00415
23436;J01CA01;DB00415
23437;S01AA19;DB00415
23438;J01CR50;DB00417
23439;J01CE10;DB00417
23440;J01CE02;DB00417
23441;N05CB01;DB00418
23442;N05CA06;DB00418
23443;A16AX06;DB00419
23444;N05AA03;DB00420
23445;C03DA01;DB00421
23446;N06BA04;DB00422
23447;M03BA73;DB00423
23448;M03BA03;DB00423
23449;M03BA53;DB00423
23450;A03BA03;DB00424
23451;A03CB31;DB00424
23452;N05CF02;DB00425
23453;J05AB09;DB00426
23454;S01AD07;DB00426
23455;R06AX07;DB00427
23456;L01AD04;DB00428
23457;G02AD04;DB00429
23458;J01DD11;DB00430
23459;P03AB02;DB00431
23460;L01BC59;DB00432
23461;S01AD02;DB00432
23462;N05AB04;DB00433
23463;R06AX02;DB00434
23464;R07AX01;DB00435
23465;C03AB01;DB00436
23466;C03EA13;DB00436
23467;G01AE10;DB00436
23468;C03AA01;DB00436
23469;M04AA01;DB00437
23470;M04AA51;DB00437
23471;J01DD02;DB00438
23472;C10AA06;DB00439
23473;J01EE03;DB00440
23474;J01EA01;DB00440
23475;J04AM08;DB00440
23476;J01EE01;DB00440
23477;J01EE04;DB00440
23478;J01EE02;DB00440
23479;J01EE05;DB00440
23480;J01EE07;DB00440
23481;L01BC05;DB00441
23482;R01AD06;DB00443
23483;D07BC01;DB00443
23484;S01BA06;DB00443
23485;S01BB04;DB00443
23486;S01CB04;DB00443
23487;H02AB01;DB00443
23488;C05AA05;DB00443
23489;S03CA06;DB00443
23490;D07XC01;DB00443
23491;D07AC01;DB00443
23492;A07EA04;DB00443
23493;S02BA07;DB00443
23494;R03BA04;DB00443
23495;S03BA03;DB00443
23496;S01CA05;DB00443
23497;D07CC01;DB00443
23498;L01CB02;DB00444
23499;L01DB03;DB00445
23500;D06AX02;DB00446
23501;S02AA01;DB00446
23502;D10AF03;DB00446
23503;S01AA01;DB00446
23504;G01AA05;DB00446
23505;J01BA01;DB00446
23506;S03AA08;DB00446
23507;J01DC08;DB00447
23508;A02BC03;DB00448
23509;A02BD02;DB00448
23510;A02BD07;DB00448
23511;A02BD09;DB00448
23512;A02BD10;DB00448
23513;A02BD03;DB00448
23514;A02BC53;DB00448
23515;S01EA02;DB00449
23516;N05AD08;DB00450
23517;H03AA01;DB00451
23518;D09AA01;DB00452
23519;R01AX08;DB00452
23520;S01AA07;DB00452
23521;N02AB02;DB00454
23522;N02AB72;DB00454
23523;N02AB52;DB00454
23524;N02AG03;DB00454
23525;R06AX13;DB00455
23526;J01DB03;DB00456
23527;C02LE01;DB00457
23528;C02CA01;DB00457
23529;N06AA02;DB00458
23530;D05BB02;DB00459
23531;M01AX01;DB00461
23532;N03AA30;DB00463
23533;C05BB04;DB00464
23534;M01AB15;DB00465
23535;S01FB51;DB00465
23536;S01BC05;DB00465
23537;J01MA04;DB00467
23538;M09AA72;DB00468
23539;P01BC01;DB00468
23540;M01AC02;DB00469
23541;A04AD10;DB00470
23542;R03DC03;DB00471
23543;R03DC53;DB00471
23544;N06CA03;DB00472
23545;N06AB03;DB00472
23546;N05CB01;DB00474
23547;N01AF01;DB00474
23548;N05CA15;DB00474
23549;N05BA02;DB00475
23550;N06AX21;DB00476
23551;N05AA01;DB00477
23552;L04AX04;DB00480
23553;G03XC01;DB00481
23554;M01AH01;DB00482
23555;G01AE10;DB00482
23556;L01XX33;DB00482
23557;C08CA51;DB00482
23558;D11AX21;DB00484
23559;S01EA05;DB00484
23560;J01CR50;DB00485
23561;J01CF01;DB00485
23562;A04AD11;DB00486
23563;J01MA03;DB00487
23564;C07AA07;DB00489
23565;C07BA07;DB00489
23566;C07FX02;DB00489
23567;N05BE01;DB00490
23568;A10BF02;DB00491
23569;C09BA09;DB00492
23570;C09AA09;DB00492
23571;J01DD01;DB00493
23572;N04BX02;DB00494
23573;J05AR04;DB00495
23574;J05AF01;DB00495
23575;J05AR05;DB00495
23576;J05AR01;DB00495
23577;G04BD10;DB00496
23578;N02AA56;DB00497
23579;N02AA05;DB00497
23580;N02AA55;DB00497
23581;N02AJ18;DB00497
23582;N02AJ17;DB00497
23583;N02AJ19;DB00497
23584;B01AA02;DB00498
23585;L02BB01;DB00499
23586;M01AB03;DB00500
23587;M02AA21;DB00500
23588;A02BA51;DB00501
23589;A02BA01;DB00501
23590;N05AD01;DB00502
23591;J05AP53;DB00503
23592;J05AR10;DB00503
23593;J05AE03;DB00503
23594;J05AR23;DB00503
23595;J05AR26;DB00503
23596;J05AP52;DB00503
23597;A03AB08;DB00505
23598;N05AA05;DB00508
23599;C10AX01;DB00509
23600;C01AA01;DB00511
23601;J01XA01;DB00512
23602;A07AA09;DB00512
23603;S01AA28;DB00512
23604;B02AA01;DB00513
23605;R05DA09;DB00514
23606;N07XX59;DB00514
23607;L01XA01;DB00515
23608;P02CA03;DB00518
23609;C09AA10;DB00519
23610;C09BB10;DB00519
23611;J02AX04;DB00520
23612;S01ED55;DB00521
23613;S01ED05;DB00521
23614;C07AA15;DB00521
23615;V04CK03;DB00522
23616;D11AH04;DB00523
23617;C03EA12;DB00524
23618;G01AE10;DB00524
23619;C03BA08;DB00524
23620;L01XA03;DB00526
23621;D04AB02;DB00527
23622;S01HA06;DB00527
23623;S02DA04;DB00527
23624;N01BB06;DB00527
23625;C05AD04;DB00527
23626;C09DB08;DB00528
23627;C09BB02;DB00528
23628;C08CA13;DB00528
23629;J05AD01;DB00529
23630;L01XE03;DB00530
23631;L01AA01;DB00531
23632;N03AB04;DB00532
23633;N03AB54;DB00532
23634;M01AH02;DB00533
23635;J01DD15;DB00535
23636;J01RA11;DB00537
23637;S03AA07;DB00537
23638;J01MA02;DB00537
23639;S02AA15;DB00537
23640;J01RA10;DB00537
23641;J01RA12;DB00537
23642;S01AE03;DB00537
23643;L02BA02;DB00539
23644;N06AA10;DB00540
23645;L01CA02;DB00541
23646;C09BA07;DB00542
23647;C09AA07;DB00542
23648;N06AA17;DB00543
23649;L01BC52;DB00544
23650;L01BC02;DB00544
23651;N07AA02;DB00545
23652;N05BA07;DB00546
23653;D07AC03;DB00547
23654;D07XC02;DB00547
23655;D10AX03;DB00548
23656;R03DC01;DB00549
23657;H03BA02;DB00550
23658;G04BX03;DB00551
23659;L01XX08;DB00552
23660;D05BA02;DB00553
23661;D05AD02;DB00553
23662;M01AC01;DB00554
23663;M02AA07;DB00554
23664;S01BC06;DB00554
23665;N03AX09;DB00555
23666;N05BB01;DB00557
23667;N05BB51;DB00557
23668;J05AH01;DB00558
23669;G01AE10;DB00559
23670;C02KX01;DB00559
23671;R07AB01;DB00561
23672;G01AE10;DB00562
23673;L04AX03;DB00563
23674;L01BA01;DB00563
23675;N03AF01;DB00564
23676;M03AC11;DB00565
23677;J01DB01;DB00567
23678;N07CA52;DB00568
23679;N07CA02;DB00568
23680;B01AX05;DB00569
23681;L01CA01;DB00570
23682;C07FX01;DB00571
23683;C07AA05;DB00571
23684;C07BA05;DB00571
23685;S01FA01;DB00572
23686;A03CB03;DB00572
23687;A03BA01;DB00572
23688;M01AE04;DB00573
23689;A08AA02;DB00574
23690;S01EA04;DB00575
23691;C02LC01;DB00575
23692;C02AC01;DB00575
23693;N02CX02;DB00575
23694;C02LC51;DB00575
23695;J01EB02;DB00576
23696;B05CA04;DB00576
23697;G01AE10;DB00576
23698;S01AB01;DB00576
23699;D06BA04;DB00576
23700;J05AB11;DB00577
23701;J01CR50;DB00578
23702;J01CA03;DB00578
23703;A08AA05;DB00579
23704;M01AH03;DB00580
23705;J02AC03;DB00582
23706;A16AA01;DB00583
23707;C09BA02;DB00584
23708;C09BB06;DB00584
23709;C09BB02;DB00584
23710;C09AA02;DB00584
23711;A02BA04;DB00585
23712;S01CC01;DB00586
23713;S01BC03;DB00586
23714;M01AB55;DB00586
23715;M02AA15;DB00586
23716;M01AB05;DB00586
23717;D11AX18;DB00586
23718;G02CB02;DB00589
23719;N02CA07;DB00589
23720;C02CA04;DB00590
23721;S01CA10;DB00591
23722;D07BC02;DB00591
23723;S02BA08;DB00591
23724;C05AA10;DB00591
23725;S01BA15;DB00591
23726;D07AC04;DB00591
23727;S02CA05;DB00591
23728;D07CC02;DB00591
23729;P02CB01;DB00592
23730;N03AD01;DB00593
23731;N03AD51;DB00593
23732;C03DB01;DB00594
23733;J01AA06;DB00595
23734;S01AA04;DB00595
23735;J01AA56;DB00595
23736;D06AA03;DB00595
23737;G01AA07;DB00595
23738;J01AA20;DB00595
23739;D07AC21;DB00596
23740;C07BG01;DB00598
23741;C07CG01;DB00598
23742;C07AG01;DB00598
23743;N01AF03;DB00599
23744;N05CB01;DB00599
23745;N05CA19;DB00599
23746;D11AX13;DB00600
23747;J01XX08;DB00601
23748;P02CF01;DB00602
23749;D11AX22;DB00602
23750;G03AA08;DB00603
23751;G03DA02;DB00603
23752;G03FB06;DB00603
23753;G03FA12;DB00603
23754;L02AB02;DB00603
23755;G03AA17;DB00603
23756;G03AC06;DB00603
23757;A03FA02;DB00604
23758;M01AB02;DB00605
23759;G01AE10;DB00606
23760;C03AB09;DB00606
23761;C03AA09;DB00606
23762;J01CR50;DB00607
23763;J01CF06;DB00607
23764;P01BA01;DB00608
23765;C01CA09;DB00610
23766;N02AF01;DB00611
23767;C07FX04;DB00612
23768;C07BB07;DB00612
23769;C07AB07;DB00612
23770;C09BX02;DB00612
23771;C09BX04;DB00612
23772;C07FB07;DB00612
23773;P01BF03;DB00613
23774;P01BA06;DB00613
23775;G01AX06;DB00614
23776;J04AB04;DB00615
23777;N03AC01;DB00617
23778;J01AA01;DB00618
23779;D06AA01;DB00618
23780;J01AA20;DB00618
23781;L01XE01;DB00619
23782;D07AB09;DB00620
23783;R01AD11;DB00620
23784;R03BA06;DB00620
23785;D07BB03;DB00620
23786;A01AC01;DB00620
23787;H02AB08;DB00620
23788;D07CB01;DB00620
23789;S01BA05;DB00620
23790;D07XB02;DB00620
23791;S02CA04;DB00620
23792;C05AA12;DB00620
23793;A14AA08;DB00621
23794;C08CA04;DB00622
23795;N05AB02;DB00623
23796;G03BA03;DB00624
23797;G03EA02;DB00624
23798;J05AR06;DB00625
23799;J05AG03;DB00625
23800;J05AR11;DB00625
23801;J01XX10;DB00626
23802;D06AX05;DB00626
23803;R02AB04;DB00626
23804;C10AD02;DB00627
23805;C10AD52;DB00627
23806;C10BA01;DB00627
23807;C04AC01;DB00627
23808;N05BA05;DB00628
23809;M05BB03;DB00630
23810;M05BA04;DB00630
23811;M05BB06;DB00630
23812;M05BB05;DB00630
23813;L01BB06;DB00631
23814;N05CM18;DB00633
23815;A07EA03;DB00635
23816;H02AB07;DB00635
23817;C10AB01;DB00636
23818;R06AX11;DB00637
23819;C01EB10;DB00640
23820;A10BH51;DB00641
23821;C10AA01;DB00641
23822;C10BX04;DB00641
23823;C10BA02;DB00641
23824;C10BX01;DB00641
23825;C10BA04;DB00641
23826;L01BA04;DB00642
23827;P02CA51;DB00643
23828;P02CA01;DB00643
23829;V04CM01;DB00644
23830;H01CA01;DB00644
23831;N01BX02;DB00645
23832;R02AD04;DB00645
23833;D01AA01;DB00646
23834;G01AA01;DB00646
23835;A07AA02;DB00646
23836;G01AA51;DB00646
23837;N02AC04;DB00647
23838;N02AC54;DB00647
23839;N02AC74;DB00647
23840;L01XX23;DB00648
23841;J05AF04;DB00649
23842;J05AR07;DB00649
23843;V03AF06;DB00650
23844;V03AF03;DB00650
23845;R03DA20;DB00651
23846;R03DB01;DB00651
23847;R03DA51;DB00651
23848;R03DA01;DB00651
23849;N02AD01;DB00652
23850;S01EE01;DB00654
23851;S01EE51;DB00654
23852;G03CC04;DB00655
23853;G03CA07;DB00655
23854;N06AX05;DB00656
23855;C02BB01;DB00657
23856;N07BB03;DB00659
23857;C09BB10;DB00661
23858;C08DA51;DB00661
23859;C08DA01;DB00661
23860;D07AB03;DB00663
23861;D07BB01;DB00663
23862;S02CA02;DB00663
23863;D07CB05;DB00663
23864;D07XB01;DB00663
23865;L02BB02;DB00665
23866;H01CA02;DB00666
23867;A01AD01;DB00668
23868;R03AK01;DB00668
23869;B02BC09;DB00668
23870;C01CA24;DB00668
23871;S01EA01;DB00668
23872;R01AA14;DB00668
23873;R03AA01;DB00668
23874;S01EA51;DB00668
23875;N02CC01;DB00669
23876;G01AE10;DB00669
23877;A02BX03;DB00670
23878;J01DD08;DB00671
23879;A10BB02;DB00672
23880;A04AD12;DB00673
23881;N06DA04;DB00674
23882;L02BA01;DB00675
23883;C09CA01;DB00678
23884;C09DA01;DB00678
23885;C09DB06;DB00678
23886;N05AC02;DB00679
23887;C01BG01;DB00680
23888;B01AA03;DB00682
23889;N05CD08;DB00683
23890;J01MA13;DB00685
23891;C05BA04;DB00686
23892;G04BX15;DB00686
23893;S02CA07;DB00687
23894;S01CA06;DB00687
23895;H02AA02;DB00687
23896;S03CA05;DB00687
23897;N05CD01;DB00690
23898;C09AA13;DB00691
23899;C09BA13;DB00691
23900;V03AB36;DB00692
23901;C04AB01;DB00692
23902;S01JA01;DB00693
23903;S01JA51;DB00693
23904;L01DB02;DB00694
23905;L01XY01;DB00694
23906;C03EB01;DB00695
23907;C03CA01;DB00695
23908;G01AE10;DB00695
23909;C03CB01;DB00695
23910;N02CA02;DB00696
23911;N02CA52;DB00696
23912;N02CA72;DB00696
23913;M03BX02;DB00697
23914;J01XE01;DB00698
23915;J01XE51;DB00698
23916;C04AE02;DB00699
23917;C03DA04;DB00700
23918;J05AE05;DB00701
23919;G01AE10;DB00703
23920;S01EC05;DB00703
23921;N02AA56;DB00704
23922;N07BB04;DB00704
23923;A08AA62;DB00704
23924;J05AG02;DB00705
23925;G04CA52;DB00706
23926;G04CA02;DB00706
23927;G01AE10;DB00706
23928;G04CA54;DB00706
23929;G04CA53;DB00706
23930;L01XD01;DB00707
23931;N01AH03;DB00708
23932;J05AR27;DB00709
23933;J05AR02;DB00709
23934;J05AR25;DB00709
23935;J05AR11;DB00709
23936;J05AR07;DB00709
23937;J05AR01;DB00709
23938;J05AR13;DB00709
23939;J05AR12;DB00709
23940;J05AR24;DB00709
23941;J05AR04;DB00709
23942;J05AR16;DB00709
23943;J05AR05;DB00709
23944;J05AF05;DB00709
23945;M05BA06;DB00710
23946;M05BB09;DB00710
23947;P02CB02;DB00711
23948;M02AA19;DB00712
23949;M01AE09;DB00712
23950;R02AX01;DB00712
23951;S01BC04;DB00712
23952;J01CR50;DB00713
23953;J01CF04;DB00713
23954;G04BE07;DB00714
23955;N04BC07;DB00714
23956;N06AB05;DB00715
23957;R03BC03;DB00716
23958;R01AC07;DB00716
23959;S01GX04;DB00716
23960;G03AA05;DB00717
23961;G03DC02;DB00717
23962;G03AB04;DB00717
23963;G03AC01;DB00717
23964;G03FA01;DB00717
23965;G03FB05;DB00717
23966;J05AF08;DB00718
23967;R06AX09;DB00719
23968;M05BA02;DB00720
23969;N01BA52;DB00721
23970;C05AD05;DB00721
23971;S01HA05;DB00721
23972;N01BA02;DB00721
23973;C09BA03;DB00722
23974;C10BX07;DB00722
23975;C09AA03;DB00722
23976;C09BB03;DB00722
23977;C01CA10;DB00723
23978;D06BB10;DB00724
23979;A03CB04;DB00725
23980;A03BB06;DB00725
23981;N06AA06;DB00726
23982;C01DA02;DB00727
23983;C01DA52;DB00727
23984;C05AE01;DB00727
23985;M03AC09;DB00728
23986;D01AC06;DB00730
23987;P02CA02;DB00730
23988;A10BX03;DB00731
23989;V03AB04;DB00733
23990;N05AX08;DB00734
23991;D01AE22;DB00735
23992;A02BD06;DB00736
23993;A02BC05;DB00736
23994;M01AE52;DB00736
23995;R06AE55;DB00737
23996;R06AE05;DB00737
23997;P01CX01;DB00738
23998;N07XX02;DB00740
23999;S01CB03;DB00741
24000;A01AC03;DB00741
24001;S01BA02;DB00741
24002;S01CA03;DB00741
24003;D07AA02;DB00741
24004;S01BB01;DB00741
24005;D07XA01;DB00741
24006;D07BA04;DB00741
24007;S02CA03;DB00741
24008;A07EA02;DB00741
24009;S02BA01;DB00741
24010;R01AD60;DB00741
24011;H02AB09;DB00741
24012;D07CA01;DB00741
24013;S03CA04;DB00741
24014;C05AA01;DB00741
24015;V08CA08;DB00743
24016;N06BA07;DB00745
24017;V03AC01;DB00746
24018;N05CM05;DB00747
24019;S01FA02;DB00747
24020;A04AD01;DB00747
24021;A04AD51;DB00747
24022;R06AA08;DB00748
24023;M01AB08;DB00749
24024;N01BB54;DB00750
24025;N01BB04;DB00750
24026;S01GX10;DB00751
24027;R06AX24;DB00751
24028;N06AF04;DB00752
24029;N01AB06;DB00753
24030;N03AB01;DB00754
24031;D10AD51;DB00755
24032;D10AD01;DB00755
24033;D08AE01;DB00756
24034;A04AA04;DB00757
24035;B01AC04;DB00758
24036;S02AA08;DB00759
24037;A02BD02;DB00759
24038;A01AB13;DB00759
24039;J01AA07;DB00759
24040;S01AA09;DB00759
24041;J01AA20;DB00759
24042;J01RA08;DB00759
24043;S03AA02;DB00759
24044;D06AA04;DB00759
24045;A02BD08;DB00759
24046;A12BA51;DB00761
24047;B05XA01;DB00761
24048;A12BA01;DB00761
24049;L01XX19;DB00762
24050;H03BB52;DB00763
24051;H03BB02;DB00763
24052;R03AL12;DB00764
24053;R03AK14;DB00764
24054;C02KB01;DB00765
24055;S01GX09;DB00768
24056;R01AC08;DB00768
24057;C01EA01;DB00770
24058;G04BE01;DB00770
24059;A03CA02;DB00771
24060;P03AX03;DB00772
24061;L01CB01;DB00773
24062;C03AA02;DB00774
24063;G01AE10;DB00774
24064;C03AH02;DB00774
24065;C03AB02;DB00774
24066;B01AC17;DB00775
24067;N03AF02;DB00776
24068;N05CM06;DB00777
24069;J01FA06;DB00778
24070;J01MB02;DB00779
24071;N06AF03;DB00780
24072;A03AB05;DB00782
24073;A03CA34;DB00782
24074;G03FA16;DB00783
24075;G03FA06;DB00783
24076;G03FA09;DB00783
24077;G03FA14;DB00783
24078;G03CA53;DB00783
24079;G03FA12;DB00783
24080;G03FB12;DB00783
24081;G03FB03;DB00783
24082;G03FA15;DB00783
24083;G03FB02;DB00783
24084;G03FB10;DB00783
24085;G03FA10;DB00783
24086;G03EA01;DB00783
24087;G03FA04;DB00783
24088;G03FB11;DB00783
24089;G03FA01;DB00783
24090;G03FB09;DB00783
24091;G03FB08;DB00783
24092;G03EA03;DB00783
24093;G03AA14;DB00783
24094;G03AB08;DB00783
24095;G03FB01;DB00783
24096;G03FA03;DB00783
24097;G03FA08;DB00783
24098;G03FB06;DB00783
24099;G03EA02;DB00783
24100;G03AA17;DB00783
24101;G03FA11;DB00783
24102;G03FB07;DB00783
24103;G03FA17;DB00783
24104;G03FA07;DB00783
24105;G03FA02;DB00783
24106;G03HB01;DB00783
24107;G03FB04;DB00783
24108;G03FA13;DB00783
24109;G02BB01;DB00783
24110;G03CA03;DB00783
24111;G03FA05;DB00783
24112;G03FB05;DB00783
24113;M01AG01;DB00784
24114;J05AB01;DB00787
24115;D06BB03;DB00787
24116;S01AD03;DB00787
24117;D06BB53;DB00787
24118;G02CC02;DB00788
24119;M02AA12;DB00788
24120;M01AE56;DB00788
24121;M01AE52;DB00788
24122;M01AE02;DB00788
24123;V08CA01;DB00789
24124;C09BX01;DB00790
24125;C09BA04;DB00790
24126;C10BX11;DB00790
24127;C10BX13;DB00790
24128;C09AA04;DB00790
24129;C09BX02;DB00790
24130;C10BX12;DB00790
24131;C09BB04;DB00790
24132;C10BX15;DB00790
24133;C10BX14;DB00790
24134;C09BX04;DB00790
24135;R06AC04;DB00792
24136;D04AA04;DB00792
24137;N05CB01;DB00794
24138;N03AA03;DB00794
24139;G01AE10;DB00795
24140;A07EC01;DB00795
24141;M02AX02;DB00797
24142;C04AB02;DB00797
24143;S01AA11;DB00798
24144;S02AA14;DB00798
24145;D06AX07;DB00798
24146;S03AA06;DB00798
24147;J01GB03;DB00798
24148;D05AX05;DB00799
24149;C01CA19;DB00800
24150;N01AH02;DB00802
24151;A03AA07;DB00804
24152;N06AX07;DB00805
24153;C04AD03;DB00806
24154;R03DA20;DB00806
24155;S01HA04;DB00807
24156;C03BA11;DB00808
24157;C09BX01;DB00808
24158;G01AE10;DB00808
24159;C10BX13;DB00808
24160;S01FA06;DB00809
24161;S01FA56;DB00809
24162;N04AA02;DB00810
24163;J05AP01;DB00811
24164;M01BA01;DB00812
24165;M01AA01;DB00812
24166;M02AA01;DB00812
24167;N01AH01;DB00813
24168;N02AB03;DB00813
24169;N01AH51;DB00813
24170;M01AC56;DB00814
24171;M01AC06;DB00814
24172;R03AB03;DB00816
24173;R03CB03;DB00816
24174;R03CB53;DB00816
24175;J01MB01;DB00817
24176;N01AX10;DB00818
24177;G01AE10;DB00819
24178;S01EC01;DB00819
24179;G04BE08;DB00820
24180;C02KX52;DB00820
24181;G04CA54;DB00820
24182;P03AA04;DB00822
24183;P03AA54;DB00822
24184;N07BB01;DB00822
24185;J01MB06;DB00827
24186;N05BA01;DB00829
24187;N05AB06;DB00831
24188;J01DC04;DB00833
24189;G03XB01;DB00834
24190;G03XB51;DB00834
24191;R06AB51;DB00835
24192;R06AB01;DB00835
24193;A07DA53;DB00836
24194;A07DA03;DB00836
24195;N03AG05;DB00837
24196;D07AB21;DB00838
24197;A10BB05;DB00839
24198;C01CA07;DB00841
24199;N05BA04;DB00842
24200;N06DA52;DB00843
24201;N06DA53;DB00843
24202;N06DA02;DB00843
24203;N02AF02;DB00844
24204;J04BA01;DB00845
24205;D07CC03;DB00846
24206;D07AC07;DB00846
24207;A16AA04;DB00847
24208;S01XA21;DB00847
24209;P02CE01;DB00848
24210;N03AA01;DB00849
24211;N05CB01;DB00849
24233;D07CA03;DB00860
24212;N05AB03;DB00850
24213;L01AX04;DB00851
24234;S01BA04;DB00860
24214;R01BA52;DB00852
24215;R01BA02;DB00852
24235;S02BA03;DB00860
24216;L01AX03;DB00853
24217;L01XD04;DB00855
24236;A07EA01;DB00860
24218;D01AE07;DB00856
24219;D01AE15;DB00857
24237;H02AB06;DB00860
24220;D01BA02;DB00857
24221;M01CC01;DB00859
24238;S02CA01;DB00860
24222;D07AA03;DB00860
24223;S01CA02;DB00860
24239;C05AA04;DB00860
24224;D07XA02;DB00860
24225;A01AC54;DB00860
24240;S03CA02;DB00860
24226;R01AD02;DB00860
24227;S01BB02;DB00860
24241;N02BA11;DB00861
24228;R01AD52;DB00860
24229;S01CB02;DB00860
24242;G04BE09;DB00862
24230;V03AB05;DB00860
24231;S03BA02;DB00860
24243;A02BA07;DB00863
24232;D07BA01;DB00860
24244;A02BA02;DB00863
24245;D11AH01;DB00864
24246;L04AD02;DB00864
24247;C07AA01;DB00866
24248;G02CA01;DB00867
24249;R05DB01;DB00868
24250;G01AE10;DB00869
24251;S01EC03;DB00869
24252;M01AE07;DB00870
24253;R03CC53;DB00871
24254;R03CC03;DB00871
24255;R03AC03;DB00871
24256;C03XA02;DB00872
24257;N05AF01;DB00875
24258;C09DA02;DB00876
24259;C09CA02;DB00876
24260;S01XA23;DB00877
24261;L04AA10;DB00877
24262;R02AA05;DB00878
24263;S03AA04;DB00878
24264;D08AC52;DB00878
24265;D08AC02;DB00878
24266;S01AX09;DB00878
24267;D09AA12;DB00878
24268;B05CA02;DB00878
24269;A01AB03;DB00878
24270;S02AA09;DB00878
24271;J05AR19;DB00879
24272;J05AR08;DB00879
24273;J05AR17;DB00879
24274;J05AF09;DB00879
24275;J05AR09;DB00879
24276;J05AR20;DB00879
24277;J05AR06;DB00879
24278;J05AR03;DB00879
24279;J05AR22;DB00879
24280;J05AR18;DB00879
24281;C03AB04;DB00880
24282;G01AE10;DB00880
24283;C03AA04;DB00880
24284;C03AH01;DB00880
24285;C09AA06;DB00881
24286;C09BA06;DB00881
24287;G03GB02;DB00882
24288;C01DA08;DB00883
24289;C01DA58;DB00883
24290;C05AE02;DB00883
24291;M05BB07;DB00884
24292;M05BB02;DB00884
24293;M05BB04;DB00884
24294;M05BA07;DB00884
24295;G01AE10;DB00887
24296;C03CB02;DB00887
24297;C03EB02;DB00887
24298;C03CA02;DB00887
24299;L01AA05;DB00888
24300;A04AA02;DB00889
24301;G03CB01;DB00890
24302;G03CC02;DB00890
24303;G01AE10;DB00891
24304;J01EB04;DB00891
24305;S01HA02;DB00892
24306;D04AB03;DB00892
24307;J01CR50;DB00895
24308;H02AB12;DB00896
24309;S01BA13;DB00896
24310;N05CD05;DB00897
24311;V03AB16;DB00898
24312;V03AZ01;DB00898
24313;D08AX08;DB00898
24315;J05AF02;DB00900
24316;R03AC17;DB00901
24317;R06AD04;DB00902
24318;C03CC01;DB00903
24319;A04AA01;DB00904
24320;S01EE03;DB00905
24321;N03AG06;DB00906
24322;S01HA01;DB00907
24323;S02DA02;DB00907
24324;N01BC01;DB00907
24325;R02AD03;DB00907
24326;C01BA01;DB00908
24327;C01BA51;DB00908
24328;C01BA71;DB00908
24329;N03AX15;DB00909
24330;G01AE10;DB00909
24331;H05BX02;DB00910
24332;J01RA11;DB00911
24333;J01RA13;DB00911
24334;A02BD09;DB00911
24335;J01XD02;DB00911
24336;G01AF20;DB00911
24337;P01AB02;DB00911
24338;A10BD14;DB00912
24339;A10BX02;DB00912
24340;N01AH05;DB00913
24341;A10BA01;DB00914
24342;A10BD01;DB00914
24343;N04BB01;DB00915
24344;A02BD11;DB00916
24345;D06BX01;DB00916
24346;A02BD03;DB00916
24347;J01XD01;DB00916
24348;J01RA04;DB00916
24349;A02BD01;DB00916
24350;A02BD15;DB00916
24351;J01RA03;DB00916
24352;A01AB17;DB00916
24353;G01AF20;DB00916
24354;J01RA10;DB00916
24355;A02BD02;DB00916
24356;A02BD13;DB00916
24357;G01AF01;DB00916
24358;P01AB51;DB00916
24359;A02BD08;DB00916
24360;P01AB01;DB00916
24361;G02AD02;DB00917
24362;N02CC05;DB00918
24363;S01GX08;DB00920
24364;R06AX17;DB00920
24365;N07BC01;DB00921
24366;N07BC51;DB00921
24367;N02AE01;DB00921
24368;C01CX08;DB00922
24369;M03BX08;DB00924
24370;C04AX02;DB00925
24371;D05BB01;DB00926
24372;A02BA03;DB00927
24373;A02BA53;DB00927
24374;L01BC07;DB00928
24375;G02AD06;DB00929
24376;A02BB01;DB00929
24377;M01AE56;DB00929
24378;J01AA05;DB00931
24379;J01AA20;DB00931
24314;N01AH06;DB00899
24380;J05AE09;DB00932
24381;N05AC03;DB00933
24382;N06AA21;DB00934
24383;S01GA04;DB00935
24384;R01AB07;DB00935
24385;R01AA05;DB00935
24386;D01AE12;DB00936
24387;N02BA04;DB00936
24388;N02BA12;DB00936
24389;S01BC08;DB00936
24390;A08AA03;DB00937
24391;R03AK06;DB00938
24392;R03AK12;DB00938
24393;R03AC12;DB00938
24394;M01AG04;DB00939
24395;M02AA18;DB00939
24396;A03AB07;DB00940
24397;M03AC05;DB00941
24398;J05AF03;DB00943
24399;S01EB04;DB00944
24400;B01AC06;DB00945
24401;C07FX04;DB00945
24402;C10BX04;DB00945
24403;M01BA03;DB00945
24404;N02BA71;DB00945
24405;C10BX02;DB00945
24406;B01AC56;DB00945
24407;N02AJ07;DB00945
24408;N02AJ02;DB00945
24409;N02BA01;DB00945
24410;C10BX05;DB00945
24411;N02BA51;DB00945
24412;A01AD05;DB00945
24413;C10BX01;DB00945
24414;C07FX03;DB00945
24415;N02AJ18;DB00945
24416;C10BX12;DB00945
24417;C10BX08;DB00945
24418;C10BX06;DB00945
24419;C07FX02;DB00945
24420;B01AA04;DB00946
24421;L02BA03;DB00947
24422;N03AX10;DB00949
24423;R06AX26;DB00950
24424;J04AM04;DB00951
24425;J04AM01;DB00951
24426;J04AM03;DB00951
24427;J04AM02;DB00951
24428;J04AC01;DB00951
24429;J04AM06;DB00951
24430;J04AM05;DB00951
24431;J04AM07;DB00951
24432;J04AM08;DB00951
24433;J04AC51;DB00951
24434;N02CC02;DB00952
24435;N02CC04;DB00953
24436;J01FA13;DB00954
24437;R05DA03;DB00956
24438;G03AA11;DB00957
24439;G03FA13;DB00957
24440;G03AB09;DB00957
24441;L01XA02;DB00958
24442;D10AA02;DB00959
24443;H02AB04;DB00959
24444;H02BX01;DB00959
24445;D07CA02;DB00959
24446;S01CA08;DB00959
24447;D07AA01;DB00959
24448;C07CA03;DB00960
24449;C07AA03;DB00960
24450;N01BB53;DB00961
24451;N01BB03;DB00961
24452;N05CF03;DB00962
24453;S01BC11;DB00963
24454;S01EA03;DB00964
24455;C09DB04;DB00966
24456;C09CA07;DB00966
24457;C09DA07;DB00966
24458;R06AX27;DB00967
24459;C02AB01;DB00968
24460;A03AE01;DB00969
24461;L01DA01;DB00970
24462;R06AX19;DB00972
24463;S01GX07;DB00972
24464;R01AC03;DB00972
24465;C10BA02;DB00973
24466;C10BA05;DB00973
24467;C10AX09;DB00973
24468;C10BA06;DB00973
24469;B01AC07;DB00975
24470;J01FA15;DB00976
24471;G03AA15;DB00977
24472;G03AA11;DB00977
24473;L02AA03;DB00977
24474;G03AA12;DB00977
24475;G03AA16;DB00977
24476;G03AB02;DB00977
24477;G03CA01;DB00977
24478;G03AA03;DB00977
24479;G03AA10;DB00977
24480;G03AB04;DB00977
24481;G03AB01;DB00977
24482;G03AB07;DB00977
24483;G03AA13;DB00977
24484;G03AA06;DB00977
24485;G03AA08;DB00977
24486;G03AA02;DB00977
24487;G03AA04;DB00977
24488;G03AA09;DB00977
24489;G03AB09;DB00977
24490;G03AA07;DB00977
24491;G03AB03;DB00977
24492;G03AA05;DB00977
24493;G03AB05;DB00977
24494;G03AB06;DB00977
24495;G03AA01;DB00977
24496;S01AE04;DB00978
24497;J01MA07;DB00978
24498;S01FA54;DB00979
24499;S01FA04;DB00979
24500;N05CH02;DB00980
24501;S01EB05;DB00981
24502;V03AB19;DB00981
24503;D10AD04;DB00982
24504;D10AD54;DB00982
24505;D10BA01;DB00982
24506;R03AL09;DB00983
24507;R03AL05;DB00983
24508;R03AK09;DB00983
24509;R03AL10;DB00983
24510;R03AL11;DB00983
24511;R03AL07;DB00983
24512;R03AK08;DB00983
24513;R03AC13;DB00983
24514;R03AK07;DB00983
24515;R03AK11;DB00983
24516;R03AL09;DB00986
24517;R03AL04;DB00986
24518;R03BB06;DB00986
24519;D11AA01;DB00986
24520;A03AB02;DB00986
24521;R03AL11;DB00986
24522;R03AL07;DB00986
24523;A03CA05;DB00986
24524;R03AL12;DB00986
24525;L01BC01;DB00987
24526;L01XY01;DB00987
24527;C01CA04;DB00988
24528;N06DA03;DB00989
24529;L02BG06;DB00990
24530;M01AE12;DB00991
24531;L04AX01;DB00993
24532;A07AA51;DB00994
24533;R02AB01;DB00994
24534;J01GB05;DB00994
24535;D06AX04;DB00994
24536;S03AA01;DB00994
24537;A01AB08;DB00994
24538;A07AA01;DB00994
24539;S02AA07;DB00994
24540;B05CA09;DB00994
24541;S01AA03;DB00994
24542;M01CB03;DB00995
24543;N03AX12;DB00996
24544;L01DB01;DB00997
24545;N02CC07;DB00998
24546;C09BX03;DB00999
24547;C03AX01;DB00999
24548;C03AB03;DB00999
24549;C09DX03;DB00999
24550;C03EA01;DB00999
24551;C09DX06;DB00999
24552;C09XA52;DB00999
24553;G01AE10;DB00999
24554;C09DX01;DB00999
24555;C03AA03;DB00999
24556;C09XA54;DB00999
24557;C09DX07;DB00999
24558;J01CR50;DB01000
24559;R03AK04;DB01001
24560;R03AC02;DB01001
24561;R03CC02;DB01001
24562;R03AK13;DB01001
24563;R03AL02;DB01001
24564;N01BB10;DB01002
24565;R03AK05;DB01003
24566;R03AK04;DB01003
24567;R03BC01;DB01003
24568;R01AC51;DB01003
24569;S01GX51;DB01003
24570;R01AC01;DB01003
24571;S01GX01;DB01003
24572;D11AH03;DB01003
24573;A07EB01;DB01003
24574;J05AB06;DB01004
24575;S01AD09;DB01004
24576;L01XX05;DB01005
24577;L02BG04;DB01006
24578;G01AF20;DB01007
24579;D01AC07;DB01007
24580;G01AF08;DB01007
24581;L01AB01;DB01008
24582;M01AE03;DB01009
24583;M02AA10;DB01009
24584;M01AE53;DB01009
24585;V04CX07;DB01010
24586;V04CD01;DB01011
24587;H05BX01;DB01012
24588;A07EC04;DB01014
24589;J04AM08;DB01015
24590;J01EE01;DB01015
24591;G01AE10;DB01015
24592;J01EC01;DB01015
24593;A10BB01;DB01016
24594;J01AA08;DB01017
24595;J01AA20;DB01017
24596;A01AB23;DB01017
24597;C02AC02;DB01018
24598;N07AB02;DB01019
24599;C01DA14;DB01020
24600;G01AE10;DB01021
24601;C03AA06;DB01021
24602;C03EA02;DB01021
24603;C03AB06;DB01021
24604;B02BA01;DB01022
24605;C07FB02;DB01023
24606;C08CA02;DB01023
24607;C09BB05;DB01023
24608;L04AA06;DB01024
24609;A01AD07;DB01025
24610;R03DX01;DB01025
24611;G01AF11;DB01026
24612;G01AF20;DB01026
24613;J02AB02;DB01026
24614;D01AC08;DB01026
24615;N02BG09;DB01028
24616;C09CA04;DB01029
24617;C09DB05;DB01029
24618;C09DA04;DB01029
24619;C09DX07;DB01029
24620;L01XX17;DB01030
24621;M04AB01;DB01032
24622;G01AE10;DB01032
24623;L01BB02;DB01033
24624;R03DA20;DB01033
24625;C01BA02;DB01035
24626;G04BD07;DB01036
24627;N04BD01;DB01037
24628;C10BA03;DB01039
24629;C10AB05;DB01039
24630;C10BA09;DB01039
24631;C10BA04;DB01039
24632;L04AX02;DB01041
24633;L01AA03;DB01042
24634;N06DA52;DB01043
24635;N06DX01;DB01043
24636;N06DA53;DB01043
24637;S01AE06;DB01044
24638;J01MA16;DB01044
24639;J04AM02;DB01045
24640;J04AB02;DB01045
24641;J04AM06;DB01045
24642;J04AM05;DB01045
24643;J04AM07;DB01045
24644;A06AX03;DB01046
24645;C05AA11;DB01047
24646;D07AC08;DB01047
24647;D07CC05;DB01047
24648;J05AR13;DB01048
24649;J05AR02;DB01048
24650;J05AR04;DB01048
24651;J05AF06;DB01048
24652;G02CC01;DB01050
24653;C01EB16;DB01050
24654;M01AE01;DB01050
24655;M02AA13;DB01050
24656;R02AX02;DB01050
24657;N02AJ08;DB01050
24658;N02AJ19;DB01050
24659;M01AE51;DB01050
24660;J01CR50;DB01053
24661;J01CE01;DB01053
24662;S01AA14;DB01053
24663;J01CE08;DB01053
24664;C08CA08;DB01054
24665;C09BB06;DB01054
24666;C01BB03;DB01056
24667;S01EB03;DB01057
24668;P02BA01;DB01058
24669;J01RA13;DB01059
24670;S01AE02;DB01059
24671;J01MA06;DB01059
24672;A02BD12;DB01060
24673;A02BD14;DB01060
24674;J01CR50;DB01060
24675;A02BD04;DB01060
24676;A02BD07;DB01060
24677;A02BD13;DB01060
24678;A02BD10;DB01060
24679;A02BD05;DB01060
24680;A02BD03;DB01060
24681;A02BD01;DB01060
24682;A02BD15;DB01060
24683;A02BD06;DB01060
24684;J01CA04;DB01060
24685;A02BD11;DB01060
24686;G04BD04;DB01062
24687;N05AB07;DB01063
24688;C01CA02;DB01064
24689;R03AK02;DB01064
24690;R03AB02;DB01064
24691;R03CB01;DB01064
24692;R03CB51;DB01064
24693;N05CH01;DB01065
24694;A10BB07;DB01067
24695;N03AE01;DB01068
24696;R06AD52;DB01069
24697;D04AA10;DB01069
24698;V03AB05;DB01069
24699;R06AD02;DB01069
24700;A11CC02;DB01070
24701;R06AD07;DB01071
24702;J05AE08;DB01072
24703;J05AR15;DB01072
24704;J05AR23;DB01072
24705;L01BB05;DB01073
24706;C08EX02;DB01074
24707;D04AA32;DB01075
24708;R06AA02;DB01075
24709;D04AA33;DB01075
24710;R06AA52;DB01075
24711;C10BX15;DB01076
24712;C10AA05;DB01076
24713;C10BX03;DB01076
24714;C10BA05;DB01076
24715;C10BX11;DB01076
24716;C10BX08;DB01076
24717;C10BX06;DB01076
24718;C10BX12;DB01076
24719;M05BB01;DB01077
24720;M05BA01;DB01077
24721;C01AA07;DB01078
24722;A06AX06;DB01079
24723;N03AG04;DB01080
24724;A07DA01;DB01081
24725;J04AM01;DB01082
24726;J01GA01;DB01082
24727;A07AA54;DB01082
24728;A07AA04;DB01082
24729;A08AB01;DB01083
24730;S01GX06;DB01084
24731;N07AX01;DB01085
24732;S01EB01;DB01085
24733;S01EB51;DB01085
24734;C05AD03;DB01086
24735;R02AD01;DB01086
24736;D04AB04;DB01086
24737;N01BA05;DB01086
24738;P01BA03;DB01087
24739;B01AC11;DB01088
24740;C02LA03;DB01089
24741;C02AA05;DB01089
24742;D01AE23;DB01091
24743;C01AC01;DB01092
24744;M02AX03;DB01093
24745;G04BX13;DB01093
24746;C10AA04;DB01095
24747;P02BA02;DB01096
24748;L04AA13;DB01097
24749;C10BX10;DB01098
24750;C10BX05;DB01098
24751;C10BX07;DB01098
24752;C10AA07;DB01098
24753;A10BH52;DB01098
24754;G01AE10;DB01098
24755;C10BX13;DB01098
24756;C10BX09;DB01098
24757;C10BA09;DB01098
24758;C10BX16;DB01098
24759;C10BX17;DB01098
24760;C10BX14;DB01098
24761;C10BA06;DB01098
24762;J02AX01;DB01099
24763;D01AE21;DB01099
24764;N05AG02;DB01100
24765;L01BC06;DB01101
24766;C01CA22;DB01102
24767;P01AX05;DB01103
24768;N06AB06;DB01104
24769;A08AA10;DB01105
24770;R01AC02;DB01106
24771;S01GX02;DB01106
24772;N05CE02;DB01107
24773;H02CA01;DB01108
24774;B01AB51;DB01109
24775;C05BA03;DB01109
24776;S01XA14;DB01109
24777;C05BA53;DB01109
24778;B01AB01;DB01109
24779;A07AC01;DB01110
24780;J02AB01;DB01110
24781;D01AC52;DB01110
24782;G01AF20;DB01110
24783;A01AB09;DB01110
24784;D01AC02;DB01110
24785;S02AA13;DB01110
24786;G01AF04;DB01110
24787;S01AA27;DB01112
24788;J01DC02;DB01112
24789;J01RA03;DB01112
24790;G04BE02;DB01113
24791;A03AD01;DB01113
24792;G04BE52;DB01113
24793;R06AB54;DB01114
24794;R06AB04;DB01114
24795;C08CA55;DB01115
24796;C08GA01;DB01115
24797;C08CA05;DB01115
24798;C07FB03;DB01115
24799;C02BA01;DB01116
24800;P01AX06;DB01117
24801;C01BD01;DB01118
24802;G01AE10;DB01119
24803;C02DA01;DB01119
24804;V03AH01;DB01119
24805;A10BB09;DB01120
24806;N03AX07;DB01121
24807;N07AA30;DB01122
24808;V04CA01;DB01124
24809;A10BB03;DB01124
24810;G04CB02;DB01126
24811;G04CA52;DB01126
24812;G01AF05;DB01127
24813;D01AC03;DB01127
24814;G01AF20;DB01127
24815;G01AF55;DB01127
24816;L02BB03;DB01128
24817;L02AE51;DB01128
24818;A02BD12;DB01129
24819;A02BD13;DB01129
24820;A02BC54;DB01129
24821;M01AA05;DB01129
24822;A02BC04;DB01129
24823;M02AA03;DB01129
24824;D07AC18;DB01130
24825;P01BB01;DB01131
24826;P01BB51;DB01131
24827;A10BD09;DB01132
24828;A10BG03;DB01132
24829;A10BD05;DB01132
24830;A10BD06;DB01132
24831;A10BD12;DB01132
24832;M05BA05;DB01133
24833;M03AC07;DB01135
24834;C07AG02;DB01136
24835;C07FX06;DB01136
24836;J01MA12;DB01137
24837;A02BD10;DB01137
24838;J01RA05;DB01137
24839;S01AE05;DB01137
24840;M04AB02;DB01138
24841;J01DB05;DB01140
24842;J02AX05;DB01141
24843;N06AA12;DB01142
24844;D04AX01;DB01142
24845;V03AF05;DB01143
24846;G01AE10;DB01144
24847;S01EC02;DB01144
24848;R06AA57;DB01146
24849;R06AA07;DB01146
24850;J01CR50;DB01147
24851;J01CF02;DB01147
24852;G04BD02;DB01148
24853;N06AX06;DB01149
24854;N06AA01;DB01151
24855;G01AA04;DB01152
24856;N05CB01;DB01154
24857;J01MA15;DB01155
24858;A08AA62;DB01156
24859;N06AX12;DB01156
24860;P01AX07;DB01157
24861;C01BD02;DB01158
24862;N01AB01;DB01159
24863;N01BA04;DB01161
24864;G04CA03;DB01162
24865;A12AA07;DB01164
24866;A11GB01;DB01164
24867;G04BA03;DB01164
24868;B05XA07;DB01164
24869;J01MA01;DB01165
24870;J01RA09;DB01165
24871;S01AE01;DB01165
24872;S02AA16;DB01165
24873;B01AC23;DB01166
24874;J02AC02;DB01167
24875;L01XB01;DB01168
24876;L01XX27;DB01169
24877;S01EX01;DB01170
24878;C02CC02;DB01170
24879;C02LF01;DB01170
24880;N06AG02;DB01171
24881;M03BC51;DB01173
24882;N04AB02;DB01173
24883;M03BC01;DB01173
24884;N05CB01;DB01174
24885;N03AA02;DB01174
24886;N06AB10;DB01175
24887;R06AE03;DB01176
24888;R06AE53;DB01176
24889;L01DB06;DB01177
24890;M03BB02;DB01178
24891;M03BB72;DB01178
24892;M03BB52;DB01178
24893;D06BB04;DB01179
24894;C02LA52;DB01180
24895;C02LA02;DB01180
24896;C02AA01;DB01180
24897;L01AA06;DB01181
24898;C01BC03;DB01182
24899;A06AH04;DB01183
24900;N02AA53;DB01183
24901;V03AB15;DB01183
24902;N02AA55;DB01183
24903;A03FA03;DB01184
24904;G03BA01;DB01185
24905;N04BC02;DB01186
24906;D01AE14;DB01188
24907;G01AX12;DB01188
24908;N01AB07;DB01189
24909;D10AF01;DB01190
24910;J01FF01;DB01190
24911;D10AF51;DB01190
24912;G01AA10;DB01190
24913;A08AA04;DB01191
24914;C07AB04;DB01193
24915;C07BB04;DB01193
24916;S01EC54;DB01194
24917;S01EC04;DB01194
24918;G01AE10;DB01194
24919;C01BC04;DB01195
24920;L01XX11;DB01196
24921;C09AA01;DB01197
24922;C09BA01;DB01197
24923;N05CF01;DB01198
24924;M03AA02;DB01199
24925;N04BC01;DB01200
24926;G02CB01;DB01200
24927;J04AB05;DB01201
24928;N03AX14;DB01202
24929;C07BA12;DB01203
24930;C07AA12;DB01203
24931;L01DB07;DB01204
24932;V03AB25;DB01205
24933;L01AD02;DB01206
24934;J01MA09;DB01208
24935;N02AX03;DB01209
24936;S01ED03;DB01210
24937;A02BD12;DB01211
24938;A02BD14;DB01211
24939;A02BD07;DB01211
24940;A02BD04;DB01211
24941;A02BD09;DB01211
24942;A02BD05;DB01211
24943;J01FA09;DB01211
24944;A02BD06;DB01211
24945;A02BD11;DB01211
24946;J01DD04;DB01212
24947;J01DD54;DB01212
24948;V03AB34;DB01213
24949;S01ED54;DB01214
24950;C07BA68;DB01214
24951;S01ED04;DB01214
24952;N05CD04;DB01215
24953;D11AX10;DB01216
24954;G04CA51;DB01216
24955;G04CB01;DB01216
24956;L02BG03;DB01217
24957;P01BX01;DB01218
24958;M03CA01;DB01219
24959;A07AA11;DB01220
24960;D06AX11;DB01220
24961;N01AX03;DB01221
24962;R03AL11;DB01222
24963;D07AC09;DB01222
24964;R01AD05;DB01222
24965;R03AK07;DB01222
24966;A07EA06;DB01222
24967;R03BA02;DB01222
24968;R03AK12;DB01222
24969;R03DA55;DB01223
24970;R03DA05;DB01223
24971;R03DA20;DB01223
24972;R03DB05;DB01223
24973;N05AH04;DB01224
24974;B01AB05;DB01225
24975;M03AC10;DB01226
24976;N07BC03;DB01227
24977;C01BC08;DB01228
24978;L01CD01;DB01229
24979;J05AE01;DB01232
24980;A03FA01;DB01233
24981;R01AD53;DB01234
24982;D07XB05;DB01234
24983;R01AD03;DB01234
24984;D10AA03;DB01234
24985;S01CB01;DB01234
24986;S02CA06;DB01234
24987;S03CA01;DB01234
24988;C05AA09;DB01234
24989;S01CA01;DB01234
24990;D07CB04;DB01234
24991;H02AB02;DB01234
24992;S01BA01;DB01234
24993;A01AC02;DB01234
24994;S03BA01;DB01234
24995;D07AB19;DB01234
24996;S02BA06;DB01234
24997;N04BA03;DB01235
24998;N04BA01;DB01235
24999;N04BA02;DB01235
25000;N01AB08;DB01236
25001;R06AA01;DB01237
25002;N05AX12;DB01238
25003;N05AF03;DB01239
25004;B01AC09;DB01240
25005;C10AB04;DB01241
25006;N06AA04;DB01242
25007;C08EA02;DB01244
25008;R06AD01;DB01246
25009;N06AF01;DB01247
25010;L01CD02;DB01248
25011;A07EC03;DB01250
25012;A10BB08;DB01251
25013;A10BX08;DB01252
25014;G02AB03;DB01253
25015;L01XE06;DB01254
25016;N06BA12;DB01255
25017;D06AX13;DB01256
25018;L04AA25;DB01257
25019;L01XE07;DB01259
25020;S01BA11;DB01260
25021;D07BB02;DB01260
25022;D07AB08;DB01260
25023;A10BH51;DB01261
25024;A10BD24;DB01261
25025;A10BD07;DB01261
25026;A10BH01;DB01261
25027;A10BD12;DB01261
25028;L01BC08;DB01262
25029;J02AC04;DB01263
25030;J05AR14;DB01264
25031;G01AE10;DB01264
25032;J05AR22;DB01264
25033;J05AR26;DB01264
25034;J05AE10;DB01264
25035;N05AX13;DB01267
25036;L01XE04;DB01268
25037;L01XC08;DB01269
25038;S01LA04;DB01270
25039;A16AB09;DB01271
25040;A16AB07;DB01272
25041;N07BA03;DB01273
25042;C02DB02;DB01275
25043;C02LG02;DB01275
25044;A10BJ01;DB01276
25045;H01AC03;DB01277
25046;A10BX05;DB01278
25047;A16AB08;DB01279
25048;L01BB07;DB01280
25049;L04AA24;DB01281
25050;H01BB03;DB01282
25051;M01AH06;DB01283
25052;H01AA02;DB01284
25053;H01AA01;DB01285
25054;R03CC04;DB01288
25055;R03AL01;DB01288
25056;G02CA03;DB01288
25057;R03AC04;DB01288
25058;A10BB11;DB01289
25059;R03CC07;DB01291
25060;R03AC08;DB01291
25061;C07AB06;DB01295
25062;C07BB06;DB01295
25063;M01AX05;DB01296
25064;C07AB01;DB01297
25065;R03DA20;DB01303
25066;R03DB02;DB01303
25067;R03DA02;DB01303
25068;A10AD06;DB01306
25069;A10AD05;DB01306
25070;A10AB05;DB01306
25071;A10AE05;DB01307
25072;A10AB06;DB01309
25073;J05AE07;DB01319
25074;N03AB05;DB01320
25075;N06AX25;DB01323
25076;C03AA05;DB01324
25077;G01AE10;DB01324
25078;C03AB05;DB01324
25079;G01AE10;DB01325
25080;C03BA02;DB01325
25081;C03BB02;DB01325
25082;J01DC03;DB01326
25083;J01DB04;DB01327
25084;J01DC06;DB01328
25085;J01DD12;DB01329
25086;J01DC05;DB01330
25087;J01DD07;DB01332
25088;J01DB09;DB01333
25089;M03AC01;DB01337
25090;M03AC06;DB01338
25091;M03AC03;DB01339
25092;C09BA08;DB01340
25093;C09AA08;DB01340
25094;C09AA11;DB01348
25095;C09CA05;DB01349
25096;N05CA02;DB01351
25097;N05CB01;DB01351
25098;N05CA05;DB01352
25099;N05CA03;DB01353
25100;N05CA11;DB01354
25101;N01AF02;DB01355
25102;N05CA16;DB01355
25103;C07CA23;DB01359
25104;C07AA23;DB01359
25105;S01FB02;DB01364
25106;R01AB05;DB01364
25107;C01CA26;DB01364
25108;R03CA02;DB01364
25109;A08AA56;DB01364
25110;R01AA03;DB01364
25111;R03CC08;DB01366
25112;R03AC16;DB01366
25113;N04BD02;DB01367
25114;M05BB01;DB01373
25115;A11AA02;DB01373
25116;M05BB08;DB01373
25117;A11GB01;DB01373
25118;M05BB02;DB01373
25119;M05BB04;DB01373
25120;M05BB05;DB01373
25121;N06DX02;DB01381
25122;N06DA53;DB01381
25123;A10BC01;DB01382
25124;G01AE10;DB01382
25125;H02AB05;DB01384
25126;C08CX01;DB01388
25127;B05CB04;DB01390
25128;B05XA02;DB01390
25129;G04BE04;DB01392
25130;C10AB02;DB01393
25131;M04AC01;DB01394
25132;G03AC10;DB01395
25133;G03FA17;DB01395
25134;G03AA12;DB01395
25135;C01AA04;DB01396
25136;N02BA06;DB01399
25137;N07AA01;DB01400
25138;S01EB06;DB01400
25139;N07AA51;DB01400
25140;N05AA02;DB01403
25141;J01MA05;DB01405
25142;G03XA01;DB01406
25143;R03CC13;DB01407
25144;R03AC14;DB01407
25145;R03CC63;DB01407
25146;R03CC12;DB01408
25147;R03AL06;DB01409
25148;R03BB04;DB01409
25149;R03BB54;DB01409
25150;R03AL10;DB01409
25151;R03BA08;DB01410
25152;R01AD13;DB01410
25153;R03DC02;DB01411
25154;C03BD01;DB01412
25155;R03DA07;DB01412
25156;R03DA57;DB01412
25157;J01DE01;DB01413
25158;J01RA06;DB01413
25159;J01DB10;DB01414
25160;J01DD14;DB01415
25161;B01AA07;DB01418
25162;J01XX07;DB01422
25163;N02BB53;DB01424
25164;N02BB03;DB01424
25165;N02BB73;DB01424
25166;A03FA05;DB01425
25167;C01BA05;DB01426
25168;C01CE01;DB01427
25169;C01BB04;DB01429
25170;R07AB07;DB01430
25171;G03DC01;DB01431
25172;N02BB51;DB01435
25173;N02BB71;DB01435
25174;N02BB01;DB01435
25175;S02DA03;DB01435
25176;A11CC03;DB01436
25177;M05BB06;DB01436
25178;N05CE01;DB01437
25179;G04BX06;DB01438
25180;N07BC06;DB01452
25181;N06BA06;DB01463
25182;S01XA06;DB01466
25183;R05DA01;DB01466
25184;N06BA10;DB01482
25185;N05CA04;DB01483
25186;N05CD03;DB01544
25187;N02AA58;DB01551
25188;N02AA08;DB01551
25189;N02AJ02;DB01551
25190;N02AJ01;DB01551
25191;N05BA08;DB01558
25192;N05BA21;DB01559
25193;N05BA17;DB01567
25194;N06BA02;DB01576
25195;N06BA03;DB01577
25196;C07BA02;DB01580
25197;C07AA02;DB01580
25198;C07CA02;DB01580
25199;J01ED07;DB01581
25200;D06BA06;DB01581
25201;G01AE10;DB01581
25202;J01EE07;DB01581
25203;J01EB03;DB01582
25204;G01AE10;DB01582
25205;J01EE05;DB01582
25206;A05AA02;DB01586
25207;N05BA10;DB01587
25208;N05BA11;DB01588
25209;N05CD10;DB01589
25210;L01XE10;DB01590
25211;L04AA18;DB01590
25212;G04BD08;DB01591
25213;G04CA53;DB01591
25214;B03AE02;DB01592
25215;A11AA01;DB01592
25216;B03AE01;DB01592
25217;B03AE04;DB01592
25218;B03AE03;DB01592
25219;C05AX04;DB01593
25220;N05CD02;DB01595
25221;J01DH51;DB01597
25222;J01DH51;DB01598
25223;C10AX02;DB01599
25224;M01AE11;DB01600
25225;J05AR10;DB01601
25226;J01CG02;DB01606
25227;N05AC01;DB01608
25228;V03AC03;DB01609
25229;J05AB14;DB01610
25230;P01BA02;DB01611
25231;V03AB22;DB01612
25232;C01DA63;DB01613
25233;C01DA13;DB01613
25234;N05AA04;DB01614
25235;A03AX08;DB01616
25236;A03AX58;DB01616
25237;N05AE02;DB01618
25238;R06AX04;DB01619
25239;R06AB05;DB01620
25240;D04AA16;DB01620
25241;N05AC04;DB01621
25242;N05AB08;DB01622
25243;N05AF04;DB01623
25244;N05AF05;DB01624
25245;A03CA01;DB01625
25246;A03AB09;DB01625
25247;C02LL01;DB01626
25248;C02KC01;DB01626
25249;J01FF02;DB01627
25250;M01AH05;DB01628
25251;R03DX07;DB01656
25252;D05AX01;DB01677
25253;C05CA51;DB01698
25254;C05CA01;DB01698
25255;G03EA03;DB01708
25256;G03XX01;DB01708
25257;A14AA07;DB01708
25258;C01EB02;DB01744
25259;M01AG03;DB02266
25260;D05AX52;DB02300
25261;D05AX02;DB02300
25262;A02BX01;DB02329
25263;A02BX71;DB02329
25264;A02BX51;DB02329
25265;A10XA01;DB02383
25266;H01BA04;DB02638
25267;P01AX10;DB02640
25268;A05AA03;DB02659
25269;A11HA01;DB02701
25270;S01AA13;DB02703
25271;D09AA02;DB02703
25272;J01XC01;DB02703
25273;D06AX01;DB02703
25274;A14AA01;DB02901
25275;G03BB02;DB02901
25276;C03CA03;DB02925
25277;G01AE10;DB02925
25278;A12CC08;DB03088
25279;S01EB09;DB03128
25280;S02AA10;DB03166
25281;G01AD02;DB03166
25282;D08AX03;DB03175
25283;D08AX53;DB03175
25284;C05BB05;DB03255
25285;R02AA19;DB03255
25286;N01BX03;DB03255
25287;D08AE03;DB03255
25288;J05AB15;DB03312
25289;M01AA03;DB03585
25290;M02AA04;DB03585
25291;S01BC02;DB03585
25292;H03AA04;DB03604
25293;D11AX08;DB03604
25294;B03BA05;DB03614
25295;J01GB10;DB03615
25296;D11AX24;DB03619
25297;B05XX02;DB03754
25298;B05BB03;DB03754
25299;S01AX10;DB03766
25300;N02BE73;DB03783
25301;N02BE03;DB03783
25302;N02BE53;DB03783
25303;A16AX11;DB03793
25304;V04CG30;DB03793
25305;D02AE01;DB03904
25306;B05BC02;DB03904
25307;D02AE51;DB03904
25308;L01AD05;DB04106
25309;D08AH01;DB04209
25310;R02AA02;DB04209
25311;G01AC05;DB04209
25312;A09AB04;DB04272
25313;G01AX02;DB04335
25314;S01XA10;DB04335
25315;D06BB05;DB04335
25316;R05CB03;DB04339
25317;C10AX05;DB04377
25318;G01AD01;DB04398
25319;D08AK30;DB04445
25320;M02AA17;DB04552
25321;M01AX02;DB04552
25322;L01AC01;DB04572
25323;G03CC06;DB04573
25324;G03CA04;DB04573
25325;J01MA08;DB04576
25326;N06BX11;DB04599
25327;H02AA01;DB04630
25328;N07AX02;DB04660
25329;V08AC04;DB04711
25330;M01AX17;DB04743
25331;M02AA26;DB04743
25332;P01CX02;DB04786
25333;D01AC10;DB04794
25334;D01AC60;DB04794
25335;A06AB53;DB04816
25336;A06AB03;DB04816
25337;A06AG03;DB04816
25338;N02BB72;DB04817
25339;N02BB02;DB04817
25340;N02BB52;DB04817
25341;N06AF05;DB04818
25342;N06AF02;DB04820
25343;N06AX04;DB04821
25344;A06AB04;DB04824
25345;C01DX52;DB04825
25346;C01DX02;DB04825
25347;M01AB04;DB04828
25348;A10BA03;DB04830
25349;C03CC02;DB04831
25350;N06AB02;DB04832
25351;N05CX02;DB04833
25352;N05CM01;DB04833
25353;J05AX09;DB04835
25354;N06AA19;DB04836
25355;R05DB10;DB04837
25356;C04AX01;DB04838
25357;G03HB01;DB04839
25358;G03HA01;DB04839
25359;C02CC04;DB04840
25360;N07CA03;DB04841
25361;N05AG01;DB04842
25362;A03AB12;DB04843
25363;N07XX06;DB04844
25364;L01DC04;DB04845
25365;C07AB08;DB04846
25366;B03XA05;DB04847
25367;M04AA03;DB04854
25368;C01BD07;DB04855
25369;C07FB12;DB04861
25370;C09DX05;DB04861
25371;C07BB12;DB04861
25372;C07AB12;DB04861
25373;L01XX40;DB04865
25374;L01XE08;DB04868
25375;A08AA11;DB04871
25376;A10BH02;DB04876
25377;A10BD08;DB04876
25378;A10BF03;DB04878
25379;C01CE03;DB04880
25380;G04BX14;DB04884
25381;A03AE03;DB04885
25382;H01CB04;DB04894
25383;S01LA03;DB04895
25384;N06AX17;DB04896
25385;B01AE05;DB04898
25386;C01DX19;DB04899
25387;G02CX02;DB04908
25388;J01XA05;DB04911
25389;C08CA16;DB04920
25390;A03FA07;DB04924
25391;P03AC54;DB04930
25392;P03AC04;DB04930
25393;D02BB02;DB04931
25394;B01AX01;DB04932
25395;G03XC05;DB04938
25396;A07XA06;DB04941
25397;N05AX14;DB04946
25398;N07BC04;DB04948
25399;L04AX05;DB04951
25400;N03AX21;DB04953
25401;L04AB03;DB04956
25402;L01XX57;DB04977
25403;D06BX02;DB05013
25404;M09AX03;DB05016
25405;A16AX14;DB05018
25406;R03AC18;DB05039
25407;R03AL04;DB05039
25408;R03AL12;DB05039
25409;R03AK14;DB05039
25410;R05CB15;DB05057
25411;B01AD09;DB05099
25412;L01CX01;DB05109
25413;L01CA06;DB05168
25414;D11AH06;DB05219
25415;B01AC19;DB05229
25416;N03AD03;DB05246
25417;B01AD05;DB05254
25418;B06AA02;DB05254
25419;L03AX13;DB05259
25420;R03DC04;DB05266
25421;N04BC09;DB05271
25422;B06AC03;DB05311
25423;N05AX17;DB05316
25424;B02BX04;DB05332
25425;A02BC06;DB05351
25426;L03AX14;DB05381
25427;V04CG03;DB05381
25428;D08AG03;DB05382
25429;V04CD04;DB05394
25430;L03AB12;DB05396
25431;L04AC09;DB05459
25432;J05AP02;DB05521
25433;N03AX23;DB05541
25434;P01CB02;DB05630
25435;L04AA32;DB05676
25436;L04AC05;DB05679
25437;L02BX03;DB05812
25438;H05AA03;DB05829
25439;A05AA04;DB05990
25440;N05AX15;DB06016
25441;B01AX07;DB06081
25442;N05AE03;DB06144
25443;J01EB07;DB06147
25444;G01AE10;DB06147
25445;D06BA02;DB06147
25446;N06AX03;DB06148
25447;J01ED01;DB06150
25448;G01AE10;DB06150
25449;R05CB01;DB06151
25450;S01XA08;DB06151
25451;V03AB23;DB06151
25452;C04AA02;DB06152
25453;G02CA02;DB06152
25454;N02CX01;DB06153
25455;C01DA55;DB06154
25456;C01DA05;DB06154
25457;A08AX01;DB06155
25458;J01MA19;DB06160
25459;L04AC08;DB06168
25460;R05DA07;DB06174
25461;L01XC11;DB06186
25462;B06AC02;DB06196
25463;N03AF03;DB06201
25464;G03XC03;DB06202
25465;A10BD13;DB06203
25466;A10BD09;DB06203
25467;A10BH04;DB06203
25468;N02AX06;DB06204
25469;G04CA04;DB06207
25470;B01AC22;DB06209
25471;B02BX05;DB06210
25472;J01DH04;DB06211
25473;C03XA01;DB06212
25474;C01EB21;DB06213
25475;N05AH05;DB06216
25476;C01BG11;DB06217
25477;N03AX18;DB06218
25478;B01AF01;DB06228
25479;N07BB05;DB06230
25480;J05AX10;DB06234
25481;G04BE10;DB06237
25482;P01CX03;DB06243
25483;D11AX16;DB06243
25484;C01CA27;DB06262
25485;L01DB10;DB06263
25486;M03BX04;DB06264
25487;M02AX06;DB06264
25488;L01XX07;DB06266
25489;G04BE11;DB06267
25490;C02KX03;DB06268
25491;B01AB11;DB06271
25492;L04AC07;DB06273
25493;A06AH02;DB06274
25494;R06AE09;DB06282
25495;N02BG08;DB06283
25496;H05AA02;DB06285
25497;L01XE09;DB06287
25498;N05AL05;DB06288
25499;G01AE10;DB06290
25500;J05AP05;DB06290
25501;A10BK01;DB06292
25502;A10BD15;DB06292
25503;A10BD21;DB06292
25504;A10BD25;DB06292
25505;A10BD21;DB06335
25506;A10BD25;DB06335
25507;A10BH03;DB06335
25508;A10BD10;DB06335
25509;J01EA03;DB06358
25510;L04AC04;DB06372
25511;N07XX03;DB06393
25512;G03XC02;DB06401
25513;G03CC07;DB06401
25514;C02KX02;DB06403
25515;C02KX52;DB06403
25516;B06AC01;DB06404
25517;H05BX03;DB06410
25518;A14AA05;DB06412
25519;N06BA13;DB06413
25520;J05AG04;DB06414
25521;R05CA01;DB06439
25522;B01AC25;DB06441
25523;N05CX04;DB06470
25524;N05CM02;DB06470
25525;N06BC02;DB06479
25526;A06AX05;DB06480
25527;L01XE11;DB06589
25528;N06AX22;DB06594
25529;J01MB08;DB06600
25530;R03DX08;DB06602
25531;B01AF02;DB06605
25532;L01XC09;DB06607
25533;P01BA07;DB06608
25534;R03DX09;DB06612
25535;N02BG07;DB06623
25536;A04AD13;DB06634
25537;N07XX07;DB06637
25538;M05BX04;DB06643
25539;L01XC10;DB06650
25540;N04BD03;DB06654
25541;A10AE56;DB06655
25542;A10BJ02;DB06655
25543;H01CB05;DB06663
25544;L04AB06;DB06674
25545;L04AA28;DB06681
25546;N06AX24;DB06684
25547;N07XX10;DB06685
25548;L03AX17;DB06688
25549;C05BB01;DB06689
25550;D04AA02;DB06691
25551;R06AC01;DB06691
25552;B02AB01;DB06692
25553;R01AB06;DB06694
25554;R01AA07;DB06694
25555;S01GA53;DB06694
25556;S01GA03;DB06694
25557;B01AE07;DB06695
25558;P01BF01;DB06697
25559;P01BE02;DB06697
25560;N07CA01;DB06698
25561;L02BX02;DB06699
25562;N06AX23;DB06700
25563;N06BA11;DB06701
25564;G04BD11;DB06702
25565;V09IX01;DB06704
25566;V09IX02;DB06704
25567;V10XA02;DB06704
25568;V08CA11;DB06705
25569;A03AX10;DB06706
25570;P01BF01;DB06708
25571;V04CX03;DB06709
25572;G03BA02;DB06710
25573;G03EA01;DB06710
25574;G03EK01;DB06710
25575;R01AB02;DB06711
25576;S01GA01;DB06711
25577;S01GA51;DB06711
25578;R01AA08;DB06711
25579;C08CA10;DB06712
25580;G03AA13;DB06713
25581;A14AA02;DB06718
25582;L02AE01;DB06719
25583;A16AB10;DB06720
25584;M01AC05;DB06725
25585;C01BA04;DB06727
25586;S01AB05;DB06729
25587;J01ED08;DB06729
25588;G01AE10;DB06729
25589;G03AA10;DB06730
25590;G03AB06;DB06730
25591;M01AB16;DB06736
25592;M02AA25;DB06736
25593;N02AB01;DB06738
25594;N02AG02;DB06738
25595;R03DX06;DB06739
25596;R03CC63;DB06742
25597;R05CB06;DB06742
25598;A03AD02;DB06751
25599;M09AB01;DB06752
25600;B01AB09;DB06754
25601;A11CA02;DB06755
25602;D02BB01;DB06755
25603;A16AA06;DB06756
25604;A09AB02;DB06756
25605;C02DG01;DB06762
25606;C02LX01;DB06762
25607;S01GX11;DB06766
25608;L01AA09;DB06769
25609;P03AX06;DB06770
25610;S01AE08;DB06771
25611;L01CD04;DB06772
25612;H05BA03;DB06773
25613;M02AB01;DB06774
25614;N01BX04;DB06774
25615;A16AA05;DB06775
25616;A05AA01;DB06777
25617;V03AB20;DB06778
25618;B01AB04;DB06779
25619;D07AC19;DB06781
25620;V03AB09;DB06782
25621;H01CC01;DB06785
25622;D07AD02;DB06786
25623;A03AB10;DB06787
25624;L02AE05;DB06788
25625;H01CB03;DB06791
25626;G01AE10;DB06795
25627;D06BA03;DB06795
25628;V08CA05;DB06796
25629;A06AH01;DB06800
25630;S01BC10;DB06802
25631;P02DA01;DB06803
25632;L03AX16;DB06809
25633;L01BA05;DB06813
25634;J05AR16;DB06817
25635;J05AX08;DB06817
25636;A16AX03;DB06819
25637;D01AC09;DB06820
25638;B01AB10;DB06822
25639;G04BX16;DB06823
25640;L02AE04;DB06825
25641;M01AX04;DB07402
25642;M02AA08;DB07477
25643;H03BX02;DB07637
25644;C04AX32;DB08162
25645;N03AX03;DB08329
25646;M01AH04;DB08439
25647;L01XD06;DB08486
25648;D08AE04;DB08604
25649;D09AA06;DB08604
25650;B01AA08;DB08794
25651;J01CE04;DB08795
25652;J01EE04;DB08798
25653;J01EC03;DB08798
25654;R06AX05;DB08799
25655;R01AC04;DB08799
25656;D04AA09;DB08800
25657;R06AC53;DB08800
25658;R06AC03;DB08800
25659;R06AB03;DB08801
25660;D04AA13;DB08801
25661;R06AD09;DB08802
25662;D04AA22;DB08802
25663;A02BA06;DB08806
25664;C07AA17;DB08807
25665;C07CA17;DB08807
25666;C07AA19;DB08808
25667;A03FA08;DB08810
25668;N05BA23;DB08811
25669;B01AB06;DB08813
25670;B01AC18;DB08814
25671;N05AE05;DB08815
25672;B01AC24;DB08816
25673;S01KA51;DB08818
25674;S01KA01;DB08818
25675;D03AX05;DB08818
25676;M09AX01;DB08818
25677;R01AX09;DB08818
25678;S01EE05;DB08819
25679;R07AX31;DB08820
25680;R07AX02;DB08820
25681;R07AX30;DB08820
25682;C09CA09;DB08822
25683;C09DA09;DB08822
25684;V09AB03;DB08824
25685;V03AC02;DB08826
25686;C10AX12;DB08827
25687;R01AC05;DB08835
25688;S01GX03;DB08835
25689;C09AA14;DB08836
25690;A05AB01;DB08840
25691;N06BX12;DB08842
25692;C10AA08;DB08860
25693;V04CK02;DB08862
25694;J05AR19;DB08864
25695;J05AR21;DB08864
25696;J05AR08;DB08864
25697;J05AG05;DB08864
25698;G03AD02;DB08867
25699;G03XB02;DB08867
25700;L04AA27;DB08868
25701;H01AC06;DB08869
25702;L01XX41;DB08871
25703;J05AP03;DB08873
25704;A07AA12;DB08874
25705;L04AA26;DB08879
25706;L04AA31;DB08880
25707;G01AE10;DB08881
25708;A10BH05;DB08882
25709;A10BD19;DB08882
25710;A10BD11;DB08882
25711;N03AX22;DB08883
25712;V08CA10;DB08884
25713;S01LA05;DB08885
25714;L01XX44;DB08885
25715;S01XA22;DB08888
25716;A06AX04;DB08890
25717;G04BD12;DB08893
25718;B03XA04;DB08894
25719;L04AA29;DB08895
25720;R03BB05;DB08897
25721;R03AL05;DB08897
25722;L02BB04;DB08899
25723;A16AX08;DB08900
25724;J04AK05;DB08903
25725;L04AB05;DB08904
25726;L02BG02;DB08905
25727;R03AL08;DB08906
25728;R01AD12;DB08906
25729;R03AK10;DB08906
25730;R03BA09;DB08906
25731;A10BD16;DB08907
25732;A10BK02;DB08907
25733;L04AX07;DB08908
25734;A16AX09;DB08909
25735;L04AX06;DB08910
25736;J05AR27;DB08930
25737;J05AR13;DB08930
25738;J05AR25;DB08930
25739;J05AR21;DB08930
25740;C02KX05;DB08931
25741;C02KX04;DB08932
25742;D01AC18;DB08933
25743;J05AP08;DB08934
25744;J05AP51;DB08934
25745;J05AP55;DB08934
25746;J05AP56;DB08934
25747;R06AE04;DB08936
25748;C04AC03;DB08949
25749;C02CA02;DB08950
25750;C04AX28;DB08954
25751;A10BB04;DB08962
25752;G02AD03;DB08964
25753;D07XB03;DB08970
25754;D07AB07;DB08970
25755;D07CB02;DB08970
25756;D07AC05;DB08971
25757;D07CC06;DB08971
25758;D07BC03;DB08971
25759;S01CA04;DB08971
25760;D07XC05;DB08971
25761;H02AB03;DB08971
25762;C05AA08;DB08971
25763;J01MB07;DB08972
25764;C08EA01;DB08980
25765;M02AA06;DB08984
25766;M03BX09;DB08992
25767;C05CA03;DB08995
25768;C05CA53;DB08995
25769;N06AA18;DB08996
25770;J01DB02;DB09008
25771;S01ED06;DB09013
25772;N05BB02;DB09014
25773;N06AA15;DB09016
25774;N05CD09;DB09017
25775;A03FA04;DB09018
25776;R05CB02;DB09019
25777;A06AB52;DB09020
25778;A06AB02;DB09020
25779;A06AG02;DB09020
25780;C09XA54;DB09026
25781;C09XA53;DB09026
25782;C09DX02;DB09026
25783;C09XA02;DB09026
25784;C09XA52;DB09026
25785;J05AP51;DB09027
25786;N07BA04;DB09028
25787;L04AC10;DB09029
25788;B01AC26;DB09030
25789;P01CX04;DB09031
25790;L04AA33;DB09033
25791;N05CM19;DB09034
25792;L04AC11;DB09036
25793;A10BD19;DB09038
25794;A10BD20;DB09038
25795;A10BK03;DB09038
25796;A16AX10;DB09039
25797;A10BJ04;DB09043
25798;A10BJ05;DB09045
25799;A16AA07;DB09046
25800;A06AH03;DB09049
25801;G02CX01;DB09059
25802;N03AX24;DB09061
25803;C10AB08;DB09064
25804;J05AR09;DB09065
25805;J05AR15;DB09065
25806;J05AR14;DB09065
25807;J05AR22;DB09065
25808;J05AR18;DB09065
25809;V03AX03;DB09065
25810;G03GA09;DB09066
25811;N06AX26;DB09068
25812;C01EB15;DB09069
25813;G03CX01;DB09070
25814;N05CH03;DB09071
25815;N01AX11;DB09072
25816;N07XX04;DB09072
25817;B01AF03;DB09075
25818;R03AL08;DB09076
25819;R03AL03;DB09076
25820;R03BB07;DB09076
25821;R03AL06;DB09080
25822;R03AC19;DB09080
25823;R03AL08;DB09082
25824;R03AK10;DB09082
25825;R03AL03;DB09082
25826;C01EB17;DB09083
25827;C07FX05;DB09083
25828;C07FX06;DB09083
25829;C05AD02;DB09085
25830;N01BA03;DB09085
25831;D04AB06;DB09085
25832;N01BA53;DB09085
25833;S01HA03;DB09085
25834;A03AA05;DB09089
25835;A03AX04;DB09090
25836;R01AD57;DB09091
25837;R01AD07;DB09091
25838;A07EA05;DB09091
25839;C04AD02;DB09092
25840;D06AA02;DB09093
25841;S01AA02;DB09093
25842;J01AA03;DB09093
25843;J01AA20;DB09093
25844;A01AB21;DB09093
25845;D07AC06;DB09095
25846;D07XC04;DB09095
25847;D07BC04;DB09095
25848;D10AE01;DB09096
25849;D10AE51;DB09096
25850;G02CB04;DB09097
25851;H01AC02;DB09098
25852;H01CB01;DB09099
25853;J05AR09;DB09101
25854;J05AR18;DB09101
25855;J05AP58;DB09102
25856;J05AP07;DB09102
25857;L03AA12;DB09103
25858;B03XA03;DB09107
25859;V03AB08;DB09112
25860;N07BB02;DB09116
25861;N05CC05;DB09117
25862;N03AX17;DB09118
25863;M02AB02;DB09120
25864;M01CB04;DB09121
25865;L03AB13;DB09122
25866;G03AB08;DB09123
25867;G03DB08;DB09123
25868;G03FA15;DB09123
25869;G03AA16;DB09123
25870;G03DB03;DB09124
25871;G03FB07;DB09124
25872;G03GA01;DB09126
25873;N05AX16;DB09128
25874;V09DA04;DB09137
25875;V09BA01;DB09139
25876;V03AN01;DB09140
25877;V04CC03;DB09142
25878;V09AX06;DB09148
25879;V09AX05;DB09149
25880;V09AX04;DB09151
25881;B05CB02;DB09154
25882;V09GA02;DB09160
25883;V09GA01;DB09161
25884;N05BA19;DB09166
25885;N06AA16;DB09167
25886;J05AP09;DB09183
25887;J05AP52;DB09183
25888;N06AX09;DB09185
25889;N06AB09;DB09194
25890;C04AX10;DB09205
25891;G04BE06;DB09205
25892;R05DA08;DB09209
25893;M01AE14;DB09213
25894;M02AA27;DB09214
25895;N02AJ14;DB09214
25896;M01AE17;DB09214
25897;M01AC04;DB09215
25898;M01AG02;DB09216
25899;C01DX16;DB09220
25900;N05AD03;DB09224
25901;N05AX11;DB09225
25902;C08CA12;DB09227
25903;B06AC04;DB09228
25904;C08CA15;DB09231
25905;C08CA14;DB09232
25906;C08CA09;DB09236
25907;C08CA11;DB09238
25908;C09BB12;DB09238
25909;V03AB17;DB09241
25910;V04CG05;DB09241
25911;C02AC05;DB09242
25912;C02LC05;DB09242
25913;N06AG03;DB09245
25914;L01BC03;DB09256
25915;L01BC53;DB09256
25916;B01AB12;DB09258
25917;A10AE54;DB09265
25918;A10BJ03;DB09265
25919;C01EB09;DB09270
25920;A07DA06;DB09272
25921;R03DA11;DB09273
25922;P01BE03;DB09274
25923;P01BF02;DB09274
25924;P01BF03;DB09274
25925;P01BF06;DB09274
25926;P01BF04;DB09274
25927;M01CB01;DB09276
25928;C09DA10;DB09279
25929;C09CA10;DB09279
25930;C09DB09;DB09279
25931;C10BX16;DB09279
25932;R07AX30;DB09280
25933;C01DX12;DB09282
25934;C01DX11;DB09283
25935;M01AX22;DB09285
25936;N05AD05;DB09286
25937;A06AD15;DB09287
25938;A06AD65;DB09287
25939;N02BE05;DB09288
25940;N06AX14;DB09289
25941;A04AD14;DB09291
25942;C09DX04;DB09292
25943;J05AP53;DB09296
25944;J05AP52;DB09296
25945;J05AP53;DB09297
25946;J05AP52;DB09297
25947;A05BA03;DB09298
25948;J05AR19;DB09299
25949;J05AR20;DB09299
25950;J05AR17;DB09299
25951;J05AF13;DB09299
25952;J05AR22;DB09299
25953;J05AR18;DB09299
25954;A03DB04;DB09300
25955;A03BB01;DB09300
25956;M01AX25;DB09301
25957;C10AX14;DB09302
25958;C10AX13;DB09303
25959;J01FA16;DB09308
25960;B02BD11;DB09310
25961;A01AA51;DB09325
25962;A01AA01;DB09325
25963;A12CD01;DB09325
25964;V08AC08;DB09333
25965;V08AC10;DB09333
25966;C03BC01;DB09338
25967;V08AC09;DB09340
25968;C05BB03;DB09344
25969;V08AA07;DB09347
25970;C02AA03;DB09363
25971;C02LA08;DB09363
25972;L02AA02;DB09369
25973;G03FA09;DB09371
25974;H02AB15;DB09383
25975;G03FA10;DB09389
25976;G03FB01;DB09389
25977;G03AA06;DB09389
25978;B05XA08;DB09395
25979;H03BC01;DB09418
25980;V04CJ02;DB09421
25981;A06AG01;DB09449
25982;A06AD17;DB09449
25983;B05XA09;DB09449
25984;A10AD02;DB09456
25985;A10AC02;DB09456
25986;A10AE02;DB09456
25987;A10AB02;DB09456
25988;A06AX01;DB09462
25989;A06AG04;DB09462
25990;A06AD13;DB09472
25991;A12CA02;DB09472
25992;A02AA01;DB09481
25993;V03AE04;DB09481
25994;A06AD01;DB09481
25995;R06AX18;DB09488
25996;V10BX01;DB09498
25997;V09IX04;DB09502
25998;D11AX11;DB09526
25999;V04CK01;DB09532
26000;A10AD06;DB09564
26001;A10AE56;DB09564
26002;A10AE06;DB09564
26003;G04BX12;DB11071
26004;S01KA02;DB11075
26005;D10AX01;DB11081
26006;D10AX02;DB11085
26007;S01AX06;DB11085
26008;D08AX01;DB11091
26009;S02AA06;DB11091
26010;D11AX25;DB11091
26011;A01AB02;DB11091
26012;A12AA13;DB11093
26013;A11GB01;DB11093
26014;B01AE01;DB11095
26015;A12BA04;DB11098
26016;A06AB05;DB11113
26017;A12CE02;DB11127
26018;A07DA02;DB11130
26019;N02AA02;DB11130
26020;P02CC01;DB11156
26021;D05AC01;DB11157
26022;D05AC51;DB11157
26023;S01FA05;DB11181
26024;S01JA02;DB11182
26025;R05DB05;DB11186
26026;D04AA01;DB11235
26027;R06AC06;DB11235
26028;R01AC06;DB11235
26029;A11HA03;DB11251
26030;R02AA12;DB11254
26031;B02BC06;DB11300
26032;B02BD30;DB11300
26033;B01AD12;DB11312
26034;A12AA01;DB11348
26035;A11GB01;DB11348
26036;B01AC27;DB11362
26037;A06AB56;DB11365
26038;A06AB06;DB11365
26039;A04AD54;DB11386
26040;A04AD04;DB11386
26041;J01RA08;DB11442
26042;J01FA05;DB11442
26043;M04AB05;DB11560
26044;L04AC13;DB11569
26045;J05AP54;DB11574
26046;J05AP10;DB11574
26047;J05AP11;DB11575
26048;J05AP54;DB11575
26049;V04CH02;DB11577
26050;L04AA43;DB11580
26051;L01XX52;DB11581
26052;M03BX05;DB11582
26053;M03BX55;DB11582
26054;J05AP06;DB11586
26055;J05AP58;DB11586
26056;V04CX08;DB11588
26057;D08AK06;DB11590
26058;R06AX29;DB11591
26059;B01AB02;DB11598
26060;B02BD14;DB11606
26061;S01XA25;DB11611
26062;J05AP55;DB11613
26063;J05AP56;DB11613
26064;R06AX28;DB11614
26065;G03XA02;DB11619
26066;L03AX11;DB11626
26067;N04BX04;DB11632
26068;J02AC05;DB11633
26069;A11HA08;DB11635
26070;G03AA14;DB11636
26071;G03FB12;DB11636
26072;G03DB04;DB11636
26073;J04AK06;DB11637
26074;P01BF05;DB11638
26075;P01BE05;DB11638
26076;M05BC01;DB11639
26077;N07XX05;DB11640
26078;L01CA05;DB11641
26079;N07XX11;DB11642
26080;N07XX08;DB11644
26081;S01EE06;DB11660
26082;A06AH05;DB11691
26083;L04AD03;DB11693
26084;A04AA03;DB11699
26085;R07AX31;DB11712
26086;C02AC06;DB11738
26087;R06AX22;DB11742
26088;D07AD01;DB11750
26089;D07CD01;DB11750
26090;S01AA16;DB11753
26091;S02AA12;DB11753
26092;D06AX15;DB11753
26093;A07AA13;DB11753
26094;J04AB03;DB11753
26095;L04AC14;DB11767
26096;C07AB13;DB11770
26097;J01MA18;DB11774
26098;J05AR20;DB11799
26099;L04AA37;DB11817
26100;P01CC01;DB11820
26101;N06AX27;DB11823
26102;N01AX14;DB11823
26103;A10BD23;DB11827
26104;A10BK04;DB11827
26105;A10BD24;DB11827
26106;L04AC16;DB11834
26107;H02CA02;DB11837
26108;C01CX09;DB11842
26109;R03BB08;DB11855
26110;M05BX06;DB11866
26111;J01MA17;DB11892
26112;L02BB05;DB11901
26113;N07XX13;DB11915
26114;H02AB13;DB11921
26115;C10AX15;DB11936
26116;L01XX66;DB11942
26117;J01MA23;DB11943
26118;H01CC03;DB11979
26119;L04AA36;DB11988
26120;M01AX21;DB11994
26121;B02BX08;DB11995
26122;B02BX09;DB12010
26123;J05AX24;DB12020
26124;R03DX10;DB12023
26125;J05AP56;DB12026
26126;J01AA14;DB12035
26127;J01AA20;DB12035
26128;J05AX18;DB12070
26129;N06BX18;DB12131
26130;D11AH05;DB12159
26131;C07AB14;DB12212
26132;N07XX14;DB12243
26133;P02BX04;DB12245
26134;R03CC11;DB12248
26135;R03AC11;DB12248
26136;P01CA03;DB12265
26137;G04BD06;DB12278
26138;J05AR24;DB12301
26139;J05AG06;DB12301
26140;M04AB03;DB12319
26141;J01AA13;DB12329
26142;J01AA20;DB12329
26143;B01AF04;DB12364
26144;L04AA42;DB12371
26145;N05CD14;DB12404
26146;J01AA15;DB12455
26147;J01AA20;DB12455
26148;C02KD01;DB12465
26149;J05AX27;DB12466
26150;G03AB02;DB12474
26151;G03AA03;DB12474
26152;G03FA07;DB12474
26153;G03DC03;DB12474
26154;G03FB02;DB12474
26155;G03AC02;DB12474
26156;N04BC08;DB12478
26157;R06AX25;DB12523
26158;C05AD06;DB12532
26159;L04AA38;DB12612
26160;J01GB14;DB12615
26161;J05AX23;DB12698
26162;G02AD01;DB12789
26163;D10AD06;DB12808
26164;L03AB14;DB12814
26165;J01XX12;DB12825
26166;H05BX04;DB12865
26167;C08DA02;DB12923
26168;L02BB06;DB12941
26169;C02LG01;DB12945
26170;C02LG51;DB12945
26171;C02DB01;DB12945
26172;D08AL30;DB12965
26173;H02AB17;DB13003
26174;N05AL03;DB13025
26175;V04CD06;DB13074
26176;B02BX07;DB13125
26177;P01BE01;DB13132
26178;B02BD06;DB13133
26179;B02BD10;DB13133
26180;B01AA12;DB13136
26181;L03AA10;DB13144
26182;V09IX12;DB13146
26183;B02BD01;DB13150
26184;B02BD05;DB13150
26185;B02BD03;DB13151
26186;B02BD04;DB13152
26187;B02BD01;DB13152
26188;D07AB01;DB13158
26189;S01CA11;DB13158
26190;S01BA09;DB13158
26191;C09BA15;DB13166
26192;C09AA15;DB13166
26193;M01AB06;DB13167
26194;A06AX07;DB13170
26195;A16AB17;DB13173
26196;A11HA07;DB13178
26197;J01FA08;DB13179
26198;C01EB06;DB13191
26199;B02BD02;DB13192
26200;L03AA14;DB13200
26201;R03DA08;DB13203
26202;H02AB11;DB13208
26203;J01MA21;DB13261
26204;J01FA11;DB13287
26205;R05CA04;DB13293
26206;V03AB01;DB13293
26207;J01FA14;DB13338
26208;C04AE54;DB13345
26209;C04AE04;DB13345
26210;M01AB17;DB13346
26211;M02AA09;DB13346
26212;B01AA10;DB13347
26213;N04BC03;DB13385
26214;N03AB03;DB13396
26215;G02CB06;DB13399
26216;A10BB06;DB13406
26217;J01FA12;DB13409
26218;D06BB09;DB13421
26219;C07AB11;DB13443
26220;R03DA03;DB13449
26221;R03DB03;DB13449
26222;J01FA03;DB13456
26223;C04AX11;DB13488
26224;A03CA04;DB13500
26225;A03AB06;DB13500
26226;M02AA11;DB13501
26227;S01BC07;DB13501
26228;S01AA05;DB13503
26229;R02AB02;DB13503
26230;D06AX08;DB13503
26231;C07AA27;DB13508
26232;G02CB05;DB13520
26233;G03AA15;DB13528
26234;G03FB03;DB13528
26235;G03AB07;DB13528
26236;G03DB06;DB13528
26237;C07AA14;DB13530
26238;R03DA09;DB13573
26239;A03AA06;DB13581
26240;R03DB06;DB13592
26241;R03DA06;DB13592
26242;G03DB07;DB13602
26243;J05AX13;DB13609
26244;L03AX15;DB13615
26245;A12BA05;DB13620
26246;C04AD01;DB13634
26247;A10BB10;DB13675
26248;R06AB52;DB13679
26249;R06AB02;DB13679
26250;G03AC04;DB13685
26251;G03AA02;DB13685
26252;A03CA08;DB13720
26253;A03AB15;DB13720
26254;G04BD05;DB13725
26255;D07AC12;DB13728
26256;B02AB04;DB13729
26257;P03AC52;DB13746
26258;P03AC02;DB13746
26259;A12CC03;DB13749
26260;A05BA08;DB13751
26261;C07AB10;DB13757
26262;A02BC07;DB13762
26263;C08EX01;DB13766
26264;J01MA10;DB13772
26265;C07AA16;DB13775
26266;C01CX07;DB13781
26267;M01AB11;DB13783
26268;N05AG03;DB13791
26269;A12AA30;DB13800
26270;R03DA10;DB13812
26271;J01MB04;DB13823
26272;A03AX11;DB13835
26273;H02AB14;DB13843
26274;V09IX05;DB13848
26275;G03DB05;DB13857
26276;G03DC06;DB13866
26277;G03FA06;DB13866
26278;G03AA01;DB13866
26279;R03BA05;DB13867
26280;D07AC17;DB13867
26281;R03AK11;DB13867
26282;R03AK06;DB13867
26283;R01AD08;DB13867
26284;R01AD58;DB13867
26285;C10AB11;DB13873
26286;L01XX59;DB13874
26287;J05AP57;DB13878
26288;J05AP57;DB13879
26289;C09DA06;DB13919
26290;C09DB07;DB13919
26291;C09DX06;DB13919
26292;C09CA06;DB13919
26293;B02BX06;DB13923
26294;S01XA24;DB13926
26295;A10BJ06;DB13928
26296;S01EE51;DB13931
26297;S01EX05;DB13931
26298;S01XA27;DB13932
26299;P01BX02;DB13941
26300;P01BF05;DB13941
26301;V04CX09;DB13967
26302;G02CX04;DB13975
26303;J05AX25;DB13997
26304;L04AC17;DB14004
26305;N02BA03;DB14006
26306;R03DA20;DB14018
26307;G01AE10;DB14033
26308;N02CD01;DB14039
26309;N02CD03;DB14041
26310;N02CD02;DB14042
26311;C05AX04;DB14487
26312;A16AX05;DB14487
26313;B03AA03;DB14488
26314;B03AA06;DB14489
26315;B03AA10;DB14490
26316;B03AA02;DB14491
26317;B03AD02;DB14491
26318;B05XA17;DB14498
26319;C03AB03;DB14500
26320;C03BB07;DB14500
26321;C03BB02;DB14500
26322;C03BB04;DB14500
26323;C03AB01;DB14500
26324;C03BB05;DB14500
26325;C03AB04;DB14500
26326;C03AB08;DB14500
26327;C03AB07;DB14500
26328;C03BB03;DB14500
26329;C03AB05;DB14500
26330;C03CB01;DB14500
26331;C03AB09;DB14500
26332;C03AB02;DB14500
26333;C03CB02;DB14500
26334;C03AB06;DB14500
26335;B03AA01;DB14501
26336;D11AX04;DB14508
26337;D07AC13;DB14512
26338;R03BA07;DB14512
26339;D07XC03;DB14512
26340;R01AD09;DB14512
26341;R03AK09;DB14512
26342;A12CC07;DB14514
26343;A12CC06;DB14515
26344;A02AB03;DB14517
26345;V03AE08;DB14520
26346;C05AX04;DB14533
26347;B05XA12;DB14533
26348;D07AC16;DB14538
26349;D07AB02;DB14540
26350;D07BB04;DB14540
26351;D07AB11;DB14543
26352;C05AX04;DB14548
26353;V03AB38;DB14562
26354;L01XX62;DB14568
26355;J01XX11;DB14569
26356;G03FA02;DB14570
26357;G03DA03;DB14570
26358;N03AF04;DB14575
26359;N07XX12;DB14582
26360;B06AC05;DB14597
26361;H01BA03;DB14642
26362;H02AB10;DB14681
26363;S01BA03;DB14681
26364;L04AA39;DB14724
26365;L01XX67;DB14731
26366;B06AA03;DB14740
26367;S02AA11;DB00781
26368;S03AA03;DB00781
26369;J01XB02;DB00781
26370;A07AA05;DB00781
26371;S01AA18;DB00781
26372;H01AC05;DB14751
26373;N06BA14;DB14754
26374;S01LA06;DB14864
26375;L04AA44;DB15091
26376;L03AB15;DB15119
26377;B06AX01;DB15271
26378;V09IX09;DB15494
26379;B03AB10;DB15598
26380;A16AB03;DB15874
