drugpubchemblsubstance;pubchemblsubstance_detail
"0";46507011
1;46507042
2;46506950
3;46506732
4;46507415
5;46507635
6;46504860
7;46507035
8;46507399
9;46506227
10;46504480
11;46506299
12;46507336
13;46506092
14;46508122
15;46506061
16;46508902
17;46505853
18;46507000
19;46506669
20;46507633
21;46505696
22;46506209
23;46507944
24;46507412
25;46508774
26;46504487
27;46506231
28;46508657
29;46504503
30;46507194
31;46506712
32;None
33;46507544
34;46506470
35;46506691
36;46504732
37;46508054
38;46504750
39;46507002
40;46507624
41;46504444
42;46507498
43;46507981
44;46506485
45;46505494
46;46504982
47;46506010
48;46505910
49;46505655
50;46505767
51;46506364
52;46505366
53;46504899
54;46508490
55;46505459
56;46505602
57;46508818
58;46505933
59;46504458
60;46505985
61;46505087
62;46508925
63;46507516
64;46505820
65;46505169
66;46507837
67;46506112
68;46504551
69;46506662
70;46505507
71;46505347
72;46505625
73;46507379
74;46506263
75;46508198
76;46505772
77;46507522
78;46507385
79;46505252
80;46506863
81;46506920
82;46505833
83;46508858
84;46508246
85;46508538
86;46504600
87;46507075
88;46508237
89;46506775
90;46505849
91;46506067
92;46506637
93;46504469
94;46504473
95;46507781
96;46506428
97;46509031
98;46504756
99;46507001
100;46505280
101;46505692
102;46505708
103;46508694
104;46508132
105;46504770
106;46507180
107;46505070
108;46507215
109;46507997
110;46505239
111;46505866
112;46507628
113;46507620
114;46506450
115;46505750
116;46507885
117;46508162
118;46508835
119;46506670
120;46505859
121;46507342
122;46509139
123;46505816
124;46504598
125;46505650
126;46508219
127;46505690
128;46506282
129;46504868
130;46507163
131;46508329
132;46506553
133;46507321
134;46505053
135;46508866
136;46506583
137;46506798
138;46504879
139;46508092
140;46506267
141;46504866
142;46504886
143;46508191
144;46506524
145;46508560
146;46504826
147;46506864
148;46507278
149;46506365
150;46505447
151;46507614
152;46506858
153;46507319
154;46507804
155;46504851
156;46507588
157;46509000
158;46506390
159;46508042
160;46507894
161;46508181
162;46506414
163;46507747
164;46506924
165;46507202
166;46508468
167;46506146
168;46508736
169;46508775
170;46508515
171;46506714
172;46506256
173;46506630
174;46506041
175;46505735
176;46504655
177;46507602
178;46508487
179;46505751
180;46506408
181;46506023
182;46508371
183;46509127
184;46505987
185;46505863
186;46507743
187;46504438
188;46506398
189;46505019
190;46507373
191;46507286
192;46504622
193;46504760
194;46508746
195;46506380
196;46507605
197;46508509
198;46508840
199;46507719
200;46505384
201;46508842
202;46504519
203;46506442
204;46506457
205;46508223
206;46505314
207;46506679
208;46504934
209;46506604
210;46509197
211;46505572
212;46504845
213;46507838
214;46505051
215;46506789
216;46504752
217;46508296
218;46505876
219;46504588
220;46505145
221;46509142
222;46505349
223;46507627
224;46506117
225;46508571
226;46505300
227;46508847
228;46506584
229;46506491
230;46507453
231;46507927
232;46506865
233;46508863
234;46506980
235;46505342
236;46506211
237;46505536
238;46507918
239;46508811
240;46505034
241;46506808
242;46508334
243;46504461
244;46508275
245;46507539
246;46505949
247;46507650
248;46506352
249;46508226
250;46505060
251;46504823
252;46506492
253;46508248
254;46504593
255;46505680
256;46507637
257;46506705
258;46506160
259;46509116
260;46506842
261;46507012
262;46504880
263;46505321
264;46505161
265;46504712
266;46506768
267;46508859
268;46508131
269;46508276
270;46508089
271;46505739
272;46508353
273;46507821
274;46509119
275;46507904
276;46504548
277;46505541
278;46509023
279;46508399
280;46505925
281;46506452
282;46506142
283;46508649
284;46507764
285;46504757
286;46507711
287;46508798
288;46508645
289;46504932
290;46505984
291;46508965
292;46508700
293;46508291
294;46504788
295;46507752
296;46506138
297;46505722
298;46507666
299;46506915
300;46506509
301;46505748
302;46509065
303;46507478
304;46508368
305;46507007
306;46505667
307;46505128
308;46507106
309;46508512
310;46504478
311;46507380
312;46506115
313;46508344
314;46505827
315;46508170
316;46507746
317;46507608
318;46507755
319;46506066
320;46505610
321;46506164
322;46508597
323;46507772
324;46506474
325;46508862
326;46507253
327;46506354
328;46508082
329;46506201
330;46506054
331;46506965
332;46508142
333;46506502
334;46507733
335;46504572
336;46507717
337;46508530
338;46506195
339;46505491
340;46505982
341;46507214
342;46505487
343;46507487
344;46507623
345;46506642
346;46505553
347;46506961
348;46506359
349;46508524
350;46504855
351;46507375
352;46508497
353;46509195
354;46506377
355;46508968
356;46508087
357;46505329
358;46507310
359;46508437
360;46504546
361;46505809
362;46505766
363;46507078
364;46505186
365;46505353
366;46505194
367;46505047
368;46508689
369;46509115
370;46504556
371;46505897
372;46505821
373;46505346
374;46507773
375;46507164
376;46508708
377;46506350
378;46504504
379;46508525
380;46505929
381;46507761
382;46507345
383;46507949
384;46507561
385;46505403
386;46508872
387;46508118
388;46505548
389;46508542
390;46506192
391;46509018
392;46508613
393;46506897
394;46508672
395;46508516
396;46506143
397;46505877
398;46507125
399;46506425
400;46505155
401;46507536
402;46507282
403;46505318
404;46506369
405;46508975
406;46504716
407;46505291
408;46507672
409;46508892
410;46506899
411;46507853
412;46509079
413;46508594
414;46507351
415;46509178
416;46507729
417;46506260
418;46508167
419;46505919
420;46507019
421;46506796
422;46507505
423;46507493
424;46507303
425;46508472
426;46505585
427;46507902
428;46506241
429;46507954
430;46505044
431;46507937
432;46508395
433;46505725
434;46506514
435;46505596
436;46508651
437;46507305
438;46508182
439;46505171
440;46507338
441;46505012
442;46508113
443;46504492
444;46506495
445;46506911
446;46508734
447;46508240
448;46508104
449;46508908
450;46505018
451;46508874
452;46507060
453;46505360
454;46508794
455;46505050
456;46505682
457;46506672
458;46507344
459;46508471
460;46507229
461;46505261
462;46506934
463;46506530
464;46504561
465;46504810
466;46506472
467;46508300
468;46508288
469;46507513
470;46508175
471;46507356
472;46509058
473;46509083
474;46506734
475;46508865
476;46507873
477;46508021
478;46505441
479;46508677
480;46504787
481;46504793
482;46505573
483;46507543
484;46504733
485;46506087
486;46507783
487;46507033
488;46507884
489;46509117
490;46508557
491;46506129
492;46509054
493;46506793
494;46506284
495;46506874
496;46505181
497;46508546
498;46507116
499;46506275
500;46505225
501;46505408
502;46508556
503;46508581
504;46507154
505;46506829
506;46506752
507;46507678
508;46507583
509;46506666
510;46506749
511;46506769
512;46505595
513;46504550
514;46505387
515;46507540
516;46504597
517;46506096
518;46508119
519;46508656
520;46508197
521;46505653
522;46509094
523;46506229
524;46506421
525;46505864
526;46507920
527;46507554
528;46504644
529;46505799
530;46506140
531;46505557
532;46506825
533;46506244
534;46507642
535;46507617
536;46508156
537;46507025
538;46506187
539;46505511
540;46504621
541;46507466
542;46504452
543;46506810
544;46508895
545;46504980
546;46506570
547;46508269
548;46508100
549;46506925
550;46505593
551;46507553
552;46508844
553;46506940
554;46507291
555;46506468
556;46509011
557;46509173
558;46506314
559;46505055
560;46507950
561;46509027
562;46504482
563;46506645
564;46505691
565;46506827
566;46504727
567;46507508
568;46506595
569;46505200
570;46507199
571;46504968
572;46507406
573;46508166
574;46504748
575;46508569
576;46508728
577;46508654
578;46505640
579;46508807
580;46506144
581;46506697
582;46504780
583;46506690
584;46508319
585;46506943
586;46505436
587;46504443
588;46506363
589;46506279
590;46505916
591;46506648
592;46508607
593;46506657
594;46508158
595;46505121
596;46505381
597;46506496
598;46509097
599;46506520
600;46509029
601;46508684
602;46506402
603;46505211
604;46505659
605;46505515
606;46504499
607;46506538
608;46509070
609;46509072
610;46504711
611;46507611
612;46508751
613;46509187
614;46508616
615;46505626
616;46506850
617;46508451
618;46508441
619;46506535
620;46504703
621;46508433
622;46506779
623;46507632
624;46505373
625;46504447
626;46508741
627;46509053
628;46507537
629;46508585
630;46506393
631;46505333
632;46508878
633;46507763
634;46508600
635;46504737
636;46507855
637;46508134
638;46506830
639;46505550
640;46505710
641;46508653
642;46504821
643;46507587
644;46504816
645;46507520
646;46507958
647;46508646
648;46507724
649;46504893
650;46506264
651;46505394
652;46509020
653;46507121
654;46509120
655;46506855
656;46505131
657;46504836
658;46504689
659;46509152
660;46505850
661;46504777
662;46504894
663;46507782
664;46508562
665;46508094
666;46505089
667;46506805
668;46506394
669;46504648
670;46506395
671;46506966
672;46506787
673;46505184
674;46505066
675;46509056
676;46505832
677;46505880
678;46504521
679;46504843
680;46505858
681;46505209
682;46507295
683;46506693
684;46506038
685;46505871
686;46506536
687;46505288
688;46506079
689;46508845
690;46506155
691;46506025
692;46509076
693;46508029
694;46507814
695;46505287
696;46505434
697;46505220
698;46504678
699;46507580
700;46506205
701;46507676
702;46507401
703;46507348
704;46507187
705;46508115
706;46505405
707;46505547
708;46506002
709;46505508
710;46504878
711;46508767
712;46506125
713;46507775
714;46505451
715;46508342
716;46505641
717;46506523
718;46508992
719;46504963
720;46505618
721;46505371
722;46505380
723;46505940
724;46507960
725;46508626
726;46505924
727;46508325
728;46505883
729;46507038
730;46506372
731;46506624
732;46508769
733;46504464
734;46508469
735;46504991
736;46504493
737;46507646
738;46505357
739;46506008
740;46506993
741;46505790
742;46506513
743;46507547
744;46505210
745;46504524
746;46507961
747;46507693
748;46505795
749;46508137
750;46504591
751;46506568
752;46505290
753;46505642
754;46505241
755;46506031
756;46504803
757;46507383
758;46508174
759;46505159
760;46507730
761;46509052
762;46505197
763;46507058
764;46507029
765;46508190
766;46507934
767;46506558
768;46506856
769;46504714
770;46508519
771;46508724
772;46508305
773;46504847
774;46507807
775;46506777
776;46505543
777;46506004
778;46506102
779;46506033
780;46505273
781;46506376
782;46506754
783;46508210
784;46506887
785;46504533
786;46504713
787;46507816
788;46506765
789;46505675
790;46506388
791;46507606
792;46507032
793;46506309
794;46504463
795;46506412
796;46507526
797;175426852
798;46508147
799;46505784
800;46505137
801;46504661
802;46506991
803;46505399
804;46506136
805;46508076
806;46505002
807;46504820
808;46509147
809;46506969
810;46504538
811;46506255
812;46506895
813;46505472
814;46507562
815;46504819
816;46505334
817;46505560
818;46506326
819;46505356
820;46505278
821;46505780
822;46506396
823;46508150
824;46505199
825;46505230
826;46507081
827;46508911
828;46505549
829;46505165
830;46508921
831;46505782
832;46507149
833;46508313
834;46507191
835;46504486
836;46507397
837;46509032
838;46505041
839;46506631
840;46506257
841;46506724
842;46508358
843;46505622
844;46504942
845;46506622
846;46508024
847;46507887
848;46505807
849;46507171
850;46506736
851;46507879
852;46507824
853;46505803
854;46506423
855;46508664
856;46506375
857;46504676
858;46506039
859;46507243
860;46506557
861;46509156
862;46506225
863;46507381
864;46507170
865;46504885
866;46508362
867;46507857
868;46508267
869;46508121
870;46505614
871;46505370
872;46507996
873;46508535
874;46506274
875;46509192
876;46507582
877;46507625
878;46508301
879;46506292
880;46504510
881;46508618
882;46508499
883;46504517
884;46505923
885;46506998
886;46508729
887;46507099
888;46506276
889;46504881
890;46509133
891;46505879
892;46506043
893;46507452
894;46508243
895;46506429
896;46508252
897;46505525
898;46507010
899;46506529
900;46507641
901;46506288
902;46504440
903;46508073
904;46505312
905;46505295
906;46504509
907;46507294
908;46506927
909;46504610
910;46508604
911;46506234
912;46505715
913;46507530
914;46504862
915;46506315
916;46505670
917;46505592
918;46508111
919;46509154
920;46504772
921;46506169
922;46507707
923;46506594
924;46508880
925;46504528
926;46506968
927;46504559
928;46504508
929;46506746
930;46508879
931;46506575
932;46505204
933;46507468
934;46506554
935;46506988
936;46508217
937;46507313
938;46508059
939;46507655
940;46505936
941;46507371
942;46505665
943;46509130
944;46506702
945;46506159
946;46506170
947;46505874
948;46504523
949;46505718
950;46505963
951;46507255
952;46507250
953;46506778
954;46508817
955;46505895
956;46505385
957;46505944
958;46507082
959;46508634
960;46507578
961;46508005
962;46507036
963;46507323
964;46509101
965;46505865
966;46507677
967;46507798
968;46507699
969;46505779
970;46508504
971;46507525
972;46504471
973;46505484
974;46506188
975;46507694
976;46507176
977;46506519
978;46507052
979;46507130
980;46506845
981;46508309
982;46505109
983;46507475
984;46508891
985;46508222
986;46507818
987;46505311
988;46507977
989;46506191
990;46505479
991;46505009
992;46507998
993;46505668
994;46508789
995;46506013
996;46509022
997;46504735
998;46507096
999;46508686
1000;46509010
1001;46507828
1002;46505341
1003;46507740
1004;46505909
1005;46506891
1006;46507062
1007;46507594
1008;46506017
1009;46506681
1010;46508003
1011;46508253
1012;46505103
1013;46508994
1014;46507298
1015;46507387
1016;46508027
1017;46505475
1018;46508400
1019;46508143
1020;46505401
1021;46508421
1022;46504660
1023;46504830
1024;46508881
1025;46505386
1026;46506366
1027;46506799
1028;46506228
1029;46507136
1030;46505302
1031;46506381
1032;46506733
1033;46505146
1034;46505134
1035;46504918
1036;46509128
1037;46508208
1038;46505232
1039;46505305
1040;46505039
1041;46504936
1042;46507109
1043;46505138
1044;46508323
1045;46504624
1046;46504812
1047;46506261
1048;46507905
1049;46506896
1050;46505247
1051;46505320
1052;46506589
1053;46509164
1054;46508245
1055;46509129
1056;46507257
1057;46507574
1058;46506317
1059;46505954
1060;46507706
1061;46506448
1062;46507567
1063;46504667
1064;46506085
1065;46505776
1066;46507040
1067;46506232
1068;46506973
1069;46505352
1070;46505716
1071;46507786
1072;46508335
1073;46504529
1074;46508816
1075;46508314
1076;46508867
1077;46507604
1078;46506333
1079;46505270
1080;46506073
1081;46508388
1082;46505296
1083;46509113
1084;46507071
1085;46508078
1086;46508765
1087;46506879
1088;46505233
1089;46505279
1090;46505504
1091;46507322
1092;46508406
1093;46505509
1094;46504608
1095;46507438
1096;46506562
1097;46506774
1098;46506453
1099;46508770
1100;46507518
1101;46506489
1102;46506458
1103;46508566
1104;46505935
1105;46507430
1106;46507645
1107;46504987
1108;46506753
1109;46504976
1110;46508705
1111;46508295
1112;46504869
1113;46508784
1114;46504800
1115;46507450
1116;46505071
1117;46507749
1118;46504470
1119;46506910
1120;46506486
1121;46508726
1122;46505631
1123;46508930
1124;46508120
1125;46508591
1126;46506082
1127;46505745
1128;46508957
1129;46507362
1130;46508264
1131;46505157
1132;46506353
1133;46507737
1134;46508449
1135;46505330
1136;46506766
1137;46506356
1138;46508425
1139;46506527
1140;46506922
1141;46505143
1142;46505358
1143;46509062
1144;46505429
1145;46507141
1146;46506186
1147;46505822
1148;46505657
1149;46508639
1150;46506908
1151;46506296
1152;46507140
1153;46505063
1154;46506960
1155;46507347
1156;46504595
1157;46505502
1158;46506392
1159;46507533
1160;46509017
1161;46504889
1162;46509048
1163;46509151
1164;46506325
1165;46509198
1166;46509009
1167;46506378
1168;46506301
1169;46506307
1170;46509099
1171;46508780
1172;46506379
1173;46507128
1174;46506014
1175;46506420
1176;46507496
1177;46507376
1178;46507309
1179;46508877
1180;46504450
1181;46504901
1182;46505168
1183;46507869
1184;46508633
1185;46507280
1186;46508882
1187;46506123
1188;46505699
1189;46504543
1190;46506572
1191;46505647
1192;46505082
1193;46508044
1194;46506118
1195;46508493
1196;46507656
1197;46505231
1198;46507930
1199;46505698
1200;46506517
1201;46504552
1202;46508176
1203;46506126
1204;46504809
1205;46508165
1206;46504558
1207;46508397
1208;46508321
1209;46508777
1210;46505392
1211;46507679
1212;46504929
1213;46504840
1214;46507538
1215;46507907
1216;46506045
1217;46505148
1218;46504765
1219;46506005
1220;46505934
1221;46508750
1222;46508852
1223;46508832
1224;46507076
1225;46504651
1226;46504498
1227;46507049
1228;46504602
1229;46509188
1230;46505639
1231;46507653
1232;46506035
1233;46508713
1234;46506882
1235;46509161
1236;46505243
1237;46507223
1238;46508934
1239;46508032
1240;46506475
1241;46508373
1242;46505785
1243;46504448
1244;46508553
1245;46508129
1246;46508574
1247;46507919
1248;46504767
1249;46507324
1250;46507631
1251;46507354
1252;46508693
1253;46505497
1254;46504975
1255;46505555
1256;46506449
1257;46504647
1258;46508419
1259;46505478
1260;46505517
1261;46506946
1262;46505532
1263;46505216
1264;46505115
1265;46506283
1266;46507962
1267;46506995
1268;46507548
1269;46506802
1270;46505069
1271;46507174
1272;46506839
1273;46506404
1274;46507159
1275;46508161
1276;46505092
1277;46507471
1278;46507716
1279;46505193
1280;46508979
1281;46507463
1282;46507405
1283;46505591
1284;46505124
1285;46505501
1286;46508011
1287;46504806
1288;46505583
1289;46504553
1290;46506559
1291;46507433
1292;46506478
1293;46505694
1294;46508776
1295;46508701
1296;46505389
1297;46507441
1298;46506587
1299;46507563
1300;46508967
1301;46509149
1302;46506252
1303;46508541
1304;46506122
1305;46508996
1306;46505036
1307;46507146
1308;46506203
1309;46508795
1310;46507008
1311;46505417
1312;46505952
1313;46505248
1314;46506006
1315;46509190
1316;46506903
1317;46505806
1318;46505611
1319;46505744
1320;46508876
1321;46504590
1322;46508588
1323;46508088
1324;46505085
1325;46506791
1326;46505524
1327;46508459
1328;46507839
1329;46508990
1330;46508205
1331;46506646
1332;46506981
1333;46504744
1334;46508187
1335;46505932
1336;46508263
1337;46507111
1338;46505564
1339;46507341
1340;46507726
1341;46507368
1342;46506668
1343;46504505
1344;46504520
1345;46508106
1346;46507519
1347;46506467
1348;46508247
1349;46504719
1350;46507003
1351;46509060
1352;46506781
1353;46506137
1354;46507224
1355;46505688
1356;46508799
1357;175426853
1358;46504895
1359;46508987
1360;46508114
1361;46508928
1362;46505914
1363;46506059
1364;46504857
1365;46507414
1366;46508303
1367;46507550
1368;46504917
1369;46507555
1370;46508374
1371;46508091
1372;46505474
1373;46509091
1374;46508249
1375;46504877
1376;46508549
1377;46504946
1378;46508570
1379;46504653
1380;46505413
1381;46508824
1382;46506872
1383;46508850
1384;46505388
1385;46507878
1386;46505205
1387;46506401
1388;46507079
1389;46506619
1390;46505763
1391;46504790
1392;46508341
1393;46505510
1394;46506674
1395;46505569
1396;46507966
1397;46506438
1398;46506076
1399;46508429
1400;46505587
1401;46507999
1402;46507820
1403;46508218
1404;46508408
1405;46508993
1406;46506824
1407;46507085
1408;46507490
1409;46506130
1410;46505003
1411;46506464
1412;46506561
1413;46507899
1414;46506480
1415;46508018
1416;46506699
1417;46504930
1418;46508491
1419;46507589
1420;46508360
1421;46507936
1422;46507854
1423;46507688
1424;46508779
1425;46504971
1426;46508612
1427;46504516
1428;46505967
1429;46504829
1430;46508963
1431;46508473
1432;46507094
1433;46508625
1434;46507388
1435;46505464
1436;46506098
1437;46507184
1438;46509184
1439;46506762
1440;46509064
1441;46504979
1442;46506466
1443;46507856
1444;46507101
1445;46504778
1446;46508853
1447;46507292
1448;46507422
1449;46507148
1450;46508308
1451;46509162
1452;46508980
1453;46506036
1454;46507811
1455;46508285
1456;46504927
1457;46506331
1458;46507150
1459;46508691
1460;46507592
1461;46506555
1462;46506459
1463;46507866
1464;46508361
1465;46508532
1466;46507454
1467;46507784
1468;46504491
1469;46508828
1470;46505465
1471;46505452
1472;46505499
1473;46506104
1474;46507276
1475;46505173
1476;46504489
1477;46507776
1478;46507634
1479;46507938
1480;46507147
1481;46507482
1482;46506728
1483;46504659
1484;46508254
1485;46507901
1486;46507523
1487;46508232
1488;46504992
1489;46508077
1490;46509109
1491;46509073
1492;46505129
1493;46508355
1494;46507910
1495;46508045
1496;46507112
1497;46505375
1498;46505920
1499;46507570
1500;46506804
1501;46506330
1502;46508075
1503;46506248
1504;46506189
1505;46504477
1506;46507758
1507;46506566
1508;46508759
1509;46507690
1510;46505107
1511;46507207
1512;46507524
1513;46506152
1514;46508384
1515;46504973
1516;46506745
1517;46504984
1518;46507488
1519;46506382
1520;46506846
1521;46506751
1522;46507419
1523;46507023
1524;46507201
1525;46507791
1526;46507361
1527;46507893
1528;46506717
1529;46505235
1530;46504933
1531;46504923
1532;46505486
1533;46506116
1534;46505901
1535;46506242
1536;46508635
1537;46505893
1538;46504827
1539;46505118
1540;46508430
1541;46505775
1542;46506581
1543;46507026
1544;46505017
1545;46507793
1546;46504924
1547;46505506
1548;46508140
1549;46504690
1550;46508760
1551;46507166
1552;46506914
1553;46504574
1554;46505942
1555;46508294
1556;46508870
1557;46508788
1558;46504465
1559;46506661
1560;46505369
1561;46505771
1562;46508910
1563;46505435
1564;46505998
1565;46505990
1566;46506816
1567;46507698
1568;46505275
1569;46507597
1570;46506840
1571;46504495
1572;46506592
1573;46506094
1574;46506239
1575;46508659
1576;46506617
1577;46508349
1578;46507369
1579;46507568
1580;46507502
1581;46504615
1582;46506217
1583;46506919
1584;46508492
1585;46507481
1586;46505732
1587;46507789
1588;46505480
1589;46505891
1590;46508124
1591;46508622
1592;46504739
1593;46505206
1594;46508610
1595;46507727
1596;46506300
1597;46505500
1598;46504613
1599;46507491
1600;46507575
1601;46507687
1602;46504749
1603;46506503
1604;46505994
1605;46506660
1606;46506319
1607;46504455
1608;46505410
1609;46507987
1610;46508814
1611;46507661
1612;46506304
1613;46506758
1614;46506833
1615;46506410
1616;46504468
1617;46508489
1618;46504875
1619;46504944
1620;46505673
1621;46507714
1622;46506790
1623;46504581
1624;46508130
1625;46506633
1626;46506011
1627;46505327
1628;46508676
1629;46504935
1630;46504474
1631;46506949
1632;46505661
1633;46504896
1634;46505900
1635;46508366
1636;46507649
1637;46505590
1638;46506571
1639;46508258
1640;46507169
1641;46507064
1642;46505272
1643;46506418
1644;46505020
1645;46507517
1646;46508006
1647;46504569
1648;46504693
1649;46504792
1650;46504921
1651;46508195
1652;46506673
1653;46504531
1654;46507470
1655;46507437
1656;46508665
1657;46508903
1658;46508786
1659;46504842
1660;46507173
1661;46504554
1662;46507131
1663;46504583
1664;46505854
1665;46504956
1666;46505242
1667;46507685
1668;46508330
1669;46506247
1670;46505811
1671;46504724
1672;46507132
1673;46508883
1674;46505223
1675;46505098
1676;46507122
1677;46505684
1678;46507296
1679;46506216
1680;46504859
1681;46508662
1682;46507571
1683;46508914
1684;46508173
1685;46504986
1686;46507297
1687;46508185
1688;46505892
1689;46505752
1690;46508820
1691;46506807
1692;46506528
1693;46505551
1694;46508520
1695;46504512
1696;46506771
1697;175426854
1698;46509043
1699;46508133
1700;46507382
1701;46508730
1702;46506272
1703;46508486
1704;46504730
1705;46506387
1706;46505256
1707;46507270
1708;46508345
1709;46506433
1710;46508259
1711;46506803
1712;46508688
1713;46508126
1714;46507942
1715;46507057
1716;46506044
1717;46505414
1718;46505343
1719;46508274
1720;46505851
1721;46504625
1722;46505395
1723;46506678
1724;46507066
1725;46507472
1726;46508312
1727;46505516
1728;46505730
1729;46508061
1730;46508454
1731;46506537
1732;46508467
1733;46508747
1734;46506166
1735;46506075
1736;46506318
1737;46505420
1738;46505674
1739;46505904
1740;46507703
1741;46504700
1742;46507556
1743;46506689
1744;46504677
1745;46506177
1746;46505743
1747;46508685
1748;46505422
1749;46506875
1750;46508456
1751;46508083
1752;46509140
1753;46504887
1754;46505393
1755;46508183
1756;46504567
1757;46507683
1758;46504573
1759;46505888
1760;46508428
1761;46505538
1762;46506623
1763;46505878
1764;46508461
1765;46508474
1766;46506926
1767;46506053
1768;46505630
1769;46504831
1770;46508790
1771;46504666
1772;46505043
1773;46505042
1774;46507384
1775;46509007
1776;46505969
1777;46507626
1778;46506971
1779;46506847
1780;46508526
1781;46509078
1782;46508260
1783;46507105
1784;46508424
1785;46504953
1786;46507110
1787;46504708
1788;46505180
1789;46508991
1790;46505135
1791;46507841
1792;46505568
1793;46508432
1794;46506838
1795;46506320
1796;46505254
1797;46508989
1798;46504876
1799;46508367
1800;46505988
1801;46507312
1802;46504900
1803;46505065
1804;46506770
1805;46505758
1806;46506179
1807;46505323
1808;46505268
1809;46506636
1810;46507427
1811;46507995
1812;46505332
1813;46508621
1814;46508266
1815;46508944
1816;46506612
1817;46505835
1818;46508317
1819;46506913
1820;46509044
1821;46504841
1822;46508326
1823;46507991
1824;46505753
1825;46507272
1826;46507527
1827;46508985
1828;46506221
1829;46507434
1830;46506936
1831;46504542
1832;46506953
1833;46506493
1834;46505554
1835;46506574
1836;46508901
1837;46505623
1838;46506806
1839;46507409
1840;46505788
1841;46507300
1842;46508097
1843;46505836
1844;46508157
1845;46504626
1846;46505331
1847;46505495
1848;46507586
1849;46508090
1850;46508155
1851;46504891
1852;46507391
1853;46508793
1854;46504762
1855;46507063
1856;46506759
1857;46506868
1858;46505054
1859;46506494
1860;46508502
1861;46506280
1862;46504838
1863;46504824
1864;46506862
1865;46508307
1866;46505706
1867;46507249
1868;46508590
1869;46507924
1870;46507992
1871;46508565
1872;46507329
1873;46507386
1874;46505364
1875;46505769
1876;46504705
1877;46508900
1878;46504981
1879;46507236
1880;46505605
1881;46507684
1882;46507973
1883;46508481
1884;46504835
1885;46504445
1886;46506266
1887;46505170
1888;46504817
1889;46504645
1890;46506518
1891;46505031
1892;46505449
1893;46505244
1894;46504721
1895;46505714
1896;46508171
1897;46507015
1898;46506083
1899;46505119
1900;46506215
1901;46505689
1902;46504702
1903;46505905
1904;46507621
1905;46507800
1906;46505635
1907;46506208
1908;46504779
1909;46505492
1910;46506134
1911;46504580
1912;46508942
1913;46504870
1914;46509175
1915;46506419
1916;46507288
1917;46507801
1918;46506718
1919;46506515
1920;46507972
1921;46505894
1922;46505837
1923;46505978
1924;46506603
1925;46509114
1926;46505263
1927;46506600
1928;46505535
1929;46506663
1930;46507455
1931;46507957
1932;46507849
1933;46504664
1934;46504522
1935;46507047
1936;46507897
1937;46508624
1938;46504846
1939;46507802
1940;46504530
1941;46509084
1942;46504861
1943;46508696
1944;46508931
1945;46505789
1946;46508138
1947;46505755
1948;46504839
1949;46507911
1950;46507264
1951;46505099
1952;46505293
1953;46506773
1954;46506876
1955;46505185
1956;46504738
1957;46507600
1958;46504507
1959;46507913
1960;46509163
1961;46508382
1962;46507753
1963;46507445
1964;46509087
1965;46508611
1966;46508860
1967;46508293
1968;46506460
1969;46505884
1970;46507400
1971;46505601
1972;46504706
1973;46506202
1974;46506828
1975;46508242
1976;46505266
1977;46508781
1978;46504888
1979;46506632
1980;46504715
1981;46506162
1982;46505269
1983;46507994
1984;46507197
1985;46508628
1986;46507118
1987;46507732
1988;46506892
1989;46507618
1990;46506526
1991;46504907
1992;46505604
1993;46506084
1994;46506921
1995;46506233
1996;46508838
1997;46505430
1998;46506721
1999;46506165
2000;46505703
2001;46506706
2002;46509138
2003;46504913
2004;46505805
2005;46504805
2006;46505712
2007;46507852
2008;46507797
2009;46504557
2010;46509176
2011;46507068
2012;46507947
2013;46505446
2014;46507712
2015;46508909
2016;46505539
2017;46509075
2018;46504962
2019;46507327
2020;46508500
2021;46505937
2022;46507883
2023;46505629
2024;46507316
2025;46505382
2026;46508394
2027;46508086
2028;46505943
2029;46508071
2030;46506222
2031;46505993
2032;46506310
2033;46506107
2034;46507230
2035;46508154
2036;46508495
2037;46507429
2038;46507700
2039;46505379
2040;46504710
2041;46504863
2042;46509004
2043;46506062
2044;46507183
2045;46507113
2046;46506407
2047;46507790
2048;46507435
2049;46506303
2050;46506463
2051;46505344
2052;46505140
2053;46508841
2054;46506294
2055;46505962
2056;46507780
2057;46508188
2058;46504692
2059;46508871
2060;46506627
2061;46508948
2062;46509158
2063;46509166
2064;46505259
2065;46508186
2066;46504926
2067;46504943
2068;46506886
2069;46505091
2070;46507104
2071;46507268
2072;46505454
2073;46504479
2074;46508297
2075;46509006
2076;46505634
2077;46504640
2078;46505198
2079;46507739
2080;46505390
2081;46508177
2082;46508764
2083;46505983
2084;46507671
2085;46505875
2086;46505887
2087;46508671
2088;46506974
2089;46504844
2090;46504484
2091;46506340
2092;46508387
2093;46506556
2094;46508048
2095;46504457
2096;46507328
2097;46505734
2098;46506099
2099;46508543
2100;46508108
2101;46504476
2102;46504970
2103;46505029
2104;46507005
2105;46505669
2106;46508324
2107;46506148
2108;46507941
2109;46506416
2110;46508405
2111;46507424
2112;46506815
2113;46505189
2114;46507308
2115;46508255
2116;46508369
2117;46505407
2118;46505448
2119;46504782
2120;46507299
2121;46505024
2122;46504729
2123;46508522
2124;46506938
2125;46505533
2126;46505834
2127;46505663
2128;46505156
2129;46507744
2130;46508801
2131;46505794
2132;46506124
2133;46505345
2134;46508128
2135;46504854
2136;46507240
2137;46507532
2138;46507738
2139;46508643
2140;46508031
2141;46505995
2142;46506664
2143;46507265
2144;46507212
2145;46506060
2146;46509155
2147;46505726
2148;46507603
2149;46505292
2150;46505023
2151;46504802
2152;46508193
2153;46506235
2154;46509150
2155;46504813
2156;46508717
2157;46508320
2158;46506986
2159;46506983
2160;46507051
2161;46504707
2162;46505960
2163;46505580
2164;46509005
2165;46506843
2166;46505095
2167;46507289
2168;46506113
2169;46507343
2170;46506894
2171;46504483
2172;46506550
2173;46508372
2174;46504995
2175;46505721
2176;46508536
2177;46505597
2178;46508322
2179;46506972
2180;46508819
2181;46504759
2182;46508283
2183;46507759
2184;46505523
2185;46506163
2186;46505882
2187;46508020
2188;46506639
2189;46508768
2190;46506841
2191;46505411
2192;46505565
2193;46506852
2194;46508443
2195;46508829
2196;175426855
2197;46506327
2198;46506145
2199;46506713
2200;46505991
2201;46508544
2202;46507926
2203;46504539
2204;46505847
2205;46506851
2206;46508268
2207;46506212
2208;46507686
2209;46506606
2210;46507172
2211;46505660
2212;46509121
2213;46508116
2214;46506644
2215;46508375
2216;46506819
2217;46506093
2218;46504665
2219;46505741
2220;46504978
2221;46505948
2222;46507692
2223;46506870
2224;46504585
2225;46506346
2226;46505057
2227;46506182
2228;46506032
2229;46508146
2230;46506273
2231;46506430
2232;46509093
2233;46504697
2234;46505598
2235;46508238
2236;46509014
2237;46507093
2238;46509050
2239;46506417
2240;46505736
2241;46507710
2242;46508084
2243;46507723
2244;46507713
2245;46507596
2246;46505101
2247;46506435
2248;46507267
2249;46505581
2250;46508479
2251;46507395
2252;46504451
2253;46507931
2254;46507953
2255;46506504
2256;46508043
2257;46504873
2258;46508085
2259;46508180
2260;46508683
2261;46505222
2262;46505966
2263;46504649
2264;46508067
2265;46505577
2266;46505015
2267;46505802
2268;46504449
2269;46506990
2270;46507809
2271;46507794
2272;46507266
2273;46504723
2274;46507114
2275;46508678
2276;46508455
2277;46507367
2278;46505127
2279;46506764
2280;46507205
2281;46509080
2282;175426856
2283;46504783
2284;46508465
2285;46508898
2286;46508848
2287;46507956
2288;46504937
2289;46506930
2290;46508002
2291;46507945
2292;46505325
2293;46506720
2294;46507251
2295;46506371
2296;46507512
2297;46509086
2298;46506675
2299;46505110
2300;46505617
2301;46504601
2302;46506086
2303;46505927
2304;46508986
2305;46505552
2306;46508889
2307;46508262
2308;46508559
2309;46506569
2310;46507285
2311;46509036
2312;46507444
2313;46504627
2314;46507142
2315;46504587
2316;46507691
2317;46507943
2318;46508485
2319;46508001
2320;46507006
2321;46509055
2322;46507389
2323;46504696
2324;46507984
2325;46504758
2326;46508922
2327;46507862
2328;46509071
2329;46506610
2330;46505351
2331;46505455
2332;46506360
2333;46504459
2334;46507461
2335;46507868
2336;46505527
2337;46507046
2338;46504954
2339;46506445
2340;46504764
2341;46506909
2342;46507636
2343;46508160
2344;46507279
2345;46507619
2346;46507225
2347;46509196
2348;46508139
2349;46507921
2350;46508940
2351;46507551
2352;46504722
2353;46506173
2354;46507311
2355;46504628
2356;46508414
2357;46504951
2358;46505021
2359;46506347
2360;46504699
2361;46507232
2362;46506409
2363;46508527
2364;46507337
2365;46504442
2366;46505981
2367;46506046
2368;46506323
2369;46507090
2370;46504818
2371;46508719
2372;46504858
2373;46507831
2374;46505823
2375;46506739
2376;46507829
2377;46505980
2378;46504611
2379;46507771
2380;46505930
2381;46509105
2382;46509074
2383;46505298
2384;46507396
2385;46508766
2386;46506132
2387;46508056
2388;46505274
2389;46504906
2390;46506210
2391;46508047
2392;46505468
2393;46508070
2394;46508699
2395;46506967
2396;46508064
2397;46505796
2398;46506601
2399;46509045
2400;46506027
2401;46506213
2402;46508712
2403;46504837
2404;46505600
2405;46508127
2406;46508149
2407;46508742
2408;46508762
2409;46504488
2410;46508009
2411;46506823
2412;46507495
2413;46509141
2414;46507016
2415;46507394
2416;46508720
2417;46504743
2418;46507779
2419;46507741
2420;46504911
2421;46506400
2422;46506977
2423;46507407
2424;46507283
2425;46507330
2426;46506776
2427;46507795
2428;46505746
2429;46508637
2430;46506111
2431;46505461
2432;46506853
2433;46507542
2434;46506964
2435;46506153
2436;46504669
2437;46506546
2438;46506893
2439;46505090
2440;46505246
2441;46507959
2442;46505062
2443;46504632
2444;46508404
2445;46506167
2446;46506133
2447;46508888
2448;46508507
2449;46507457
2450;46509030
2451;46507718
2452;46506268
2453;46507464
2454;46505112
2455;46505838
2456;46505727
2457;46506174
2458;46508740
2459;46506809
2460;46505723
2461;46506985
2462;46506582
2463;46505828
2464;46508041
2465;46508498
2466;46506590
2467;46507939
2468;46505705
2469;46507480
2470;46507830
2471;46506730
2472;46508687
2473;46508548
2474;46504513
2475;46506243
2476;46506476
2477;46506461
2478;46505886
2479;46505424
2480;46505207
2481;46504949
2482;46504912
2483;46505400
2484;46507497
2485;46508200
2486;46504607
2487;46506175
2488;46508396
2489;46505463
2490;46507735
2491;46508463
2492;46508785
2493;46506473
2494;46505986
2495;46506695
2496;46505566
2497;46509136
2498;46505397
2499;46508945
2500;46504811
2501;46508184
2502;46506551
2503;46508261
2504;46504769
2505;46507629
2506;46507689
2507;46506963
2508;46506308
2509;46507167
2510;46505028
2511;46505213
2512;46505540
2513;46508668
2514;46508196
2515;46506987
2516;46507235
2517;46507654
2518;46505335
2519;46506171
2520;46505061
2521;46508846
2522;46504828
2523;46506954
2524;46507416
2525;46505100
2526;46509016
2527;46507277
2528;46508918
2529;46507506
2530;46505974
2531;46505442
2532;46506052
2533;46507579
2534;46504736
2535;46507882
2536;46507410
2537;46505190
2538;46505687
2539;46507638
2540;46506552
2541;46504967
2542;46507675
2543;46507160
2544;46506262
2545;46505477
2546;46507870
2547;46506866
2548;46507189
2549;46508920
2550;46506499
2551;46506821
2552;46508796
2553;46506763
2554;46505857
2555;46508714
2556;46507346
2557;46507976
2558;46508074
2559;46507200
2560;46506422
2561;46507607
2562;46506440
2563;46505083
2564;46506877
2565;46509167
2566;46504603
2567;46508666
2568;46508378
2569;46507165
2570;46505489
2571;46506878
2572;46509013
2573;46505097
2574;46505224
2575;46508224
2576;46505423
2577;46506883
2578;46508673
2579;46507888
2580;46506051
2581;46505326
2582;46506269
2583;46507196
2584;46504514
2585;46505427
2586;46504988
2587;46505872
2588;46507610
2589;46505939
2590;46507835
2591;46505586
2592;46505303
2593;46505818
2594;46505482
2595;46506355
2596;46507909
2597;46505151
2598;46506613
2599;46507460
2600;46507088
2601;46508457
2602;46506958
2603;46504575
2604;46507576
2605;46509090
2606;46507572
2607;46505075
2608;46507762
2609;46509146
2610;46508039
2611;46506349
2612;46508053
2613;46508352
2614;46507098
2615;46506786
2616;46504784
2617;46505056
2618;46507206
2619;46506245
2620;46506564
2621;46507467
2622;46506533
2623;46505992
2624;46505798
2625;46508354
2626;46506835
2627;46507227
2628;46506933
2629;46506525
2630;46505737
2631;46506258
2632;46506342
2633;46506469
2634;46506962
2635;46508051
2636;46508351
2637;46509068
2638;46505731
2639;46508907
2640;46507218
2641;46506214
2642;46505367
2643;46507843
2644;46507851
2645;46505561
2646;46506928
2647;46508995
2648;46504496
2649;46507511
2650;46505123
2651;46505946
2652;46505520
2653;46505526
2654;46508576
2655;46505081
2656;46506715
2657;46507569
2658;46506659
2659;46508977
2660;46509181
2661;46504871
2662;46507374
2663;46505294
2664;46507483
2665;46507720
2666;46508144
2667;46505824
2668;46504852
2669;46505154
2670;46507847
2671;46507825
2672;46507359
2673;46506543
2674;46508959
2675;46505126
2676;175426857
2677;46506019
2678;46505791
2679;46506944
2680;46507988
2681;46507705
2682;46505545
2683;46508273
2684;46508598
2685;46508929
2686;46506522
2687;46508363
2688;46508213
2689;46507231
2690;46505406
2691;46505283
2692;46504617
2693;46508251
2694;46507222
2695;46506549
2696;46506477
2697;46507195
2698;46508063
2699;46505666
2700;46506682
2701;46506482
2702;46505234
2703;46509169
2704;46508476
2705;46505576
2706;46507028
2707;46509001
2708;46507742
2709;46505582
2710;46508233
2711;46504658
2712;46506783
2713;46505843
2714;46506834
2715;46506901
2716;46505316
2717;46507119
2718;46509168
2719;46507238
2720;46505559
2721;46508169
2722;46508379
2723;46504634
2724;46505221
2725;46507213
2726;46508289
2727;46507074
2728;46506935
2729;46509122
2730;46505328
2731;46506114
2732;46505212
2733;46505681
2734;46507158
2735;46508298
2736;46507917
2737;46505337
2738;46507031
2739;46508802
2740;46505214
2741;46505652
2742;46505840
2743;46505218
2744;46506324
2745;175426858
2746;46507765
2747;46506984
2748;46505282
2749;46508026
2750;46506849
2751;46505284
2752;46506101
2753;46507845
2754;46504872
2755;46507598
2756;46504834
2757;46506328
2758;46505786
2759;46507447
2760;46507314
2761;46504485
2762;46506415
2763;46504637
2764;46506532
2765;46507020
2766;46508873
2767;46506305
2768;46507647
2769;46506521
2770;46505297
2771;46506391
2772;46506542
2773;46504466
2774;46504681
2775;46508797
2776;46505588
2777;46506916
2778;46508234
2779;46506772
2780;46509200
2781;46505961
2782;46506743
2783;46504657
2784;46508821
2785;46506683
2786;46505348
2787;46506081
2788;46507955
2789;46505040
2790;46506698
2791;46504691
2792;46505958
2793;46505881
2794;46508976
2795;46508939
2796;46506357
2797;46505106
2798;46507585
2799;46504475
2800;46506844
2801;46505120
2802;46507630
2803;46506992
2804;46505729
2805;46504952
2806;46504568
2807;46508402
2808;46506607
2809;46508682
2810;46507413
2811;46506306
2812;46506259
2813;46507880
2814;46506780
2815;46505289
2816;46504945
2817;46505238
2818;46504905
2819;46507704
2820;46506316
2821;46506608
2822;46505671
2823;46505086
2824;46507745
2825;46505770
2826;46508738
2827;46508123
2828;46505589
2829;46508225
2830;46504997
2831;46505304
2832;46507107
2833;46507045
2834;46508692
2835;46504547
2836;46507912
2837;46507808
2838;46504679
2839;46507275
2840;46507070
2841;46508680
2842;46508529
2843;46505067
2844;46507595
2845;46509134
2846;46505862
2847;46508608
2848;46508815
2849;46507861
2850;46507528
2851;46508022
2852;46507840
2853;46506565
2854;46505957
2855;46505911
2856;46507864
2857;46507952
2858;46506649
2859;46507644
2860;46506151
2861;46507271
2862;46506088
2863;46507560
2864;46506898
2865;46508609
2866;46506034
2867;46507320
2868;46508890
2869;46508601
2870;46505719
2871;46505025
2872;46505950
2873;46505860
2874;46507669
2875;46505717
2876;46505747
2877;175426859
2878;46508012
2879;46508477
2880;46508748
2881;46508386
2882;46508207
2883;46507900
2884;46507721
2885;46506488
2886;46504958
2887;46508981
2888;46506626
2889;46505426
2890;46505178
2891;46508470
2892;46508426
2893;46504472
2894;46507115
2895;46504996
2896;46506605
2897;46505133
2898;46507393
2899;46508826
2900;46508756
2901;46506641
2902;46507293
2903;46505889
2904;46506095
2905;46506238
2906;46504506
2907;46508916
2908;46505903
2909;46507013
2910;46509047
2911;46505172
2912;46506329
2913;46508954
2914;46506156
2915;46504675
2916;46507284
2917;46504456
2918;46504586
2919;46506220
2920;46508906
2921;46507980
2922;46507993
2923;46507844
2924;46506747
2925;46507514
2926;46509077
2927;46509035
2928;46505059
2929;46506047
2930;46505804
2931;46506108
2932;46508663
2933;46505215
2934;46504549
2935;46506397
2936;46507254
2937;46505485
2938;46504589
2939;46507178
2940;46508040
2941;46509012
2942;46505324
2943;46505740
2944;46506931
2945;46507664
2946;46507129
2947;46508202
2948;46508905
2949;46506426
2950;99443224
2951;310264853
2952;347827699
2953;175426860
2954;175426861
2955;175426862
2956;175426863
2957;175426864
2958;310264854
2959;175426865
2960;175426866
2961;175426867
2962;175426868
2963;175426869
2964;175426870
2965;99443225
2966;175426872
2967;175426873
2968;175426874
2969;175426875
2970;175426876
2971;99443226
2972;175426877
2973;310264855
2974;175426879
2975;175426880
2976;175426882
2977;99443227
2978;99443228
2979;46504462
2980;175426883
2981;46505575
2982;175426884
2983;175426885
2984;175426886
2985;175426887
2986;175426888
2987;175426889
2988;175426891
2989;175426892
2990;46504940
2991;175426893
2992;175426894
2993;347909841
2994;46506923
2995;46504497
2996;46506141
2997;46509040
2998;46508506
2999;347909843
3000;175426895
3001;175426896
3002;175426897
3003;175426899
3004;175426900
3005;347827700
3006;175426901
3007;175426902
3008;347909847
3009;175426904
3010;175426905
3011;347909849
3012;175426906
3013;347909852
3014;46505374
3015;175426907
3016;46508192
3017;175426908
3018;175426909
3019;175426911
3020;347909853
3021;46509039
3022;175426913
3023;175426914
3024;46508453
3025;175426915
3026;175426917
3027;175426918
3028;347909858
3029;175426919
3030;347909859
3031;347909860
3032;175426920
3033;175426921
3034;347909863
3035;46507260
3036;175426922
3037;347909866
3038;175426923
3039;347909867
3040;347909868
3041;347827701
3042;175426924
3043;347909870
3044;175426925
3045;175426926
3046;347909874
3047;347909877
3048;347909879
3049;347909882
3050;347909883
3051;347909886
3052;175426928
3053;347909887
3054;175426929
3055;347827702
3056;347909891
3057;175426930
3058;347909892
3059;347827703
3060;175426931
3061;347909893
3062;347827704
3063;175426932
3064;347909897
3065;347909898
3066;175426933
3067;347909900
3068;347909902
3069;347909903
3070;175426934
3071;347827705
3072;347909904
3073;175426935
3074;175426936
3075;347909908
3076;347827706
3077;347909911
3078;347909912
3079;347909913
3080;347909914
3081;347909916
3082;347827708
3083;175426937
3084;347909924
3085;347909926
3086;347909927
3087;347909929
3088;347827709
3089;175426938
3090;347909931
3091;347909932
3092;347909933
3093;347909934
3094;347909937
3095;175426940
3096;175426941
3097;347909940
3098;347909941
3099;175426942
3100;347909943
3101;347909944
3102;347909945
3103;347909946
3104;347909947
3105;175426945
3106;175426947
3107;99443229
3108;347909950
3109;347909951
3110;347909955
3111;347827711
3112;347827712
3113;347909958
3114;347909960
3115;347909962
3116;347909964
3117;175426950
3118;347909965
3119;347909966
3120;347909968
3121;347827713
3122;175426951
3123;347909972
3124;347909974
3125;347909975
3126;347909978
3127;347909979
3128;347909981
3129;347909982
3130;347909984
3131;175426953
3132;347827714
3133;347909986
3134;347909988
3135;347909990
3136;347909993
3137;347909994
3138;347827715
3139;347909996
3140;175426954
3141;347910007
3142;347910008
3143;347827716
3144;347910010
3145;347910012
3146;347910013
3147;347910014
3148;347910015
3149;175426956
3150;347910018
3151;347910019
3152;347910020
3153;347910021
3154;347910022
3155;347910023
3156;347910024
3157;347910025
3158;347910026
3159;347910028
3160;347827717
3161;347910030
3162;347910031
3163;347910032
3164;175426957
3165;347827718
3166;347827719
3167;347910035
3168;347910037
3169;175426958
3170;175426959
3171;347910040
3172;175426960
3173;347910041
3174;310264856
3175;347910044
3176;347910046
3177;46505339
3178;347910048
3179;175426962
3180;347910049
3181;347910050
3182;347827720
3183;347910052
3184;46505299
3185;46508923
3186;175426963
3187;347910053
3188;99443230
3189;99443231
3190;347910054
3191;99443232
3192;347910057
3193;175426964
3194;175426967
3195;347910059
3196;175426969
3197;175426970
3198;175426972
3199;175426973
3200;347910062
3201;347910064
3202;347910065
3203;347910066
3204;347910067
3205;347910070
3206;347910071
3207;347910073
3208;175426976
3209;347910077
3210;347910078
3211;175426978
3212;347910087
3213;347910090
3214;175426979
3215;175426981
3216;347910093
3217;347827723
3218;347910096
3219;347910098
3220;347910099
3221;347910101
3222;347910103
3223;347910105
3224;347910109
3225;175426988
3226;175426989
3227;175426990
3228;347910111
3229;347910112
3230;175426992
3231;347910113
3232;347910114
3233;347910116
3234;347827725
3235;347910117
3236;175426993
3237;175426994
3238;175426995
3239;347910120
3240;347910123
3241;347827726
3242;347827727
3243;175426997
3244;347910126
3245;175426999
3246;347910127
3247;347910128
3248;347910129
3249;347827728
3250;347827729
3251;347910130
3252;347827730
3253;175427000
3254;175427002
3255;347910132
3256;347910134
3257;347910135
3258;175427003
3259;175427004
3260;347910142
3261;175427006
3262;347910144
3263;175427007
3264;347910145
3265;347910147
3266;347910148
3267;347910149
3268;347910150
3269;175427009
3270;347910151
3271;175427010
3272;175427011
3273;347910152
3274;347910153
3275;175427013
3276;347910154
3277;347910155
3278;347910156
3279;347910157
3280;347827732
3281;347910158
3282;347910159
3283;175427014
3284;347827733
3285;175427015
3286;175427016
3287;347910164
3288;175427017
3289;347910165
3290;347910166
3291;347910168
3292;175427018
3293;175427019
3294;175427020
3295;175427021
3296;347910172
3297;347827734
3298;347910177
3299;347910178
3300;347910179
3301;347910180
3302;175427023
3303;175427024
3304;8166290
3305;347827736
3306;347910183
3307;347910184
3308;99443233
3309;347910187
3310;347910189
3311;310264858
3312;347910190
3313;347910191
3314;347910192
3315;347910193
3316;175427027
3317;347827738
3318;347910195
3319;347827739
3320;347910201
3321;347827740
3322;347910202
3323;347910203
3324;347910206
3325;347910209
3326;347910210
3327;347910212
3328;347910218
3329;347910220
3330;347827741
3331;347910223
3332;347910224
3333;347910227
3334;347910230
3335;175427030
3336;347910231
3337;175427031
3338;347910233
3339;175427034
3340;347910236
3341;347910237
3342;347910239
3343;175427036
3344;175427037
3345;175427038
3346;347827745
3347;175427040
3348;347910255
3349;347910256
3350;175427043
3351;347910266
3352;347910267
3353;347910268
3354;347910271
3355;175427044
3356;175427046
3357;347910280
3358;175427048
3359;347910285
3360;347910288
3361;347910291
3362;347910292
3363;175427051
3364;347910296
3365;347910297
3366;347910298
3367;347910300
3368;347910302
3369;347827748
3370;347910306
3371;347910307
3372;347827749
3373;347910311
3374;347910312
3375;347910315
3376;347827750
3377;347910318
3378;347827751
3379;347827752
3380;310264859
3381;347910321
3382;347910322
3383;347827753
3384;347910325
3385;347910326
3386;347827754
3387;347910328
3388;310264860
3389;347910329
3390;347910330
3391;347827755
3392;347910332
3393;347910333
3394;347910334
3395;347910335
3396;347910336
3397;347910337
3398;46504717
3399;175427054
3400;46508096
3401;99443234
3402;99443235
3403;347827757
3404;347827758
3405;347827759
3406;99443236
3407;347910340
3408;310264861
3409;347910341
3410;347827760
3411;99443237
3412;175427055
3413;347827762
3414;175427056
3415;175427057
3416;347910342
3417;175427058
3418;99443238
3419;175427059
3420;310264862
3421;175427060
3422;175427061
3423;347827764
3424;175427062
3425;347827765
3426;175427063
3427;175427064
3428;347827766
3429;175427065
3430;310264864
3431;175427066
3432;99443239
3433;347827767
3434;99443240
3435;99443241
3436;347910343
3437;347910344
3438;99443242
3439;310264866
3440;347910345
3441;347910346
3442;99443243
3443;99443244
3444;175427067
3445;175427068
3446;347910347
3447;99443245
3448;347910348
3449;347910349
3450;310264867
3451;310264868
3452;347910350
3453;347827769
3454;310264869
3455;310264870
3456;175427070
3457;310264871
3458;347827770
3459;175427071
3460;310264872
3461;347827772
3462;347827773
3463;347827774
3464;310264873
3465;347827775
3466;347827776
3467;175427072
3468;175427074
3469;175427076
3470;347827778
3471;347910352
3472;310264874
3473;175427077
3474;347910353
3475;175427079
3476;175427080
3477;347827779
3478;310264875
3479;175427081
3480;347910354
3481;347910355
3482;347827780
3483;347910356
3484;175427082
3485;347827781
3486;347910358
3487;310264876
3488;347910359
3489;175427083
3490;347827782
3491;347910360
3492;99443246
3493;175427084
3494;347910361
3495;99443247
3496;99443248
3497;99443249
3498;99443251
3499;99443252
3500;99443253
3501;99443254
3502;99443255
3503;99443256
3504;175427085
3505;175427086
3506;99443258
3507;99443260
3508;99443261
3509;99443262
3510;99443263
3511;99443264
3512;99443265
3513;99443266
3514;99443268
3515;99443269
3516;99443270
3517;347910362
3518;347910363
3519;99443271
3520;99443272
3521;99443273
3522;99443274
3523;99443275
3524;99443276
3525;99443277
3526;99443278
3527;347827783
3528;347910364
3529;347827784
3530;347827785
3531;347827786
3532;175427088
3533;347827787
3534;347827789
3535;347827790
3536;99443285
3537;99443286
3538;99443287
3539;347910365
3540;347910366
3541;347827791
3542;310264879
3543;310264880
3544;99443288
3545;310264882
3546;175427090
3547;175427091
3548;99443289
3549;347910370
3550;347827793
3551;99443290
3552;99443291
3553;347827794
3554;347910371
3555;99443292
3556;99443293
3557;347827795
3558;310264884
3559;347827796
3560;310264885
3561;347827797
3562;310264886
3563;310264887
3564;310264891
3565;310264892
3566;175427092
3567;99443294
3568;99443295
3569;99443296
3570;99443297
3571;175427094
3572;175427095
3573;310264895
3574;310264896
3575;347910373
3576;347827801
3577;310264898
3578;99443300
3579;99443301
3580;99443302
3581;99443303
3582;99443304
3583;99443305
3584;99443306
3585;99443307
3586;99443308
3587;99443309
3588;99443311
3589;99443312
3590;99443313
3591;99443314
3592;99443315
3593;99443316
3594;99443319
3595;99443320
3596;99443321
3597;99443323
3598;99443324
3599;99443326
3600;99443327
3601;99443328
3602;99443329
3603;99443330
3604;99443332
3605;99443333
3606;99443336
3607;99443337
3608;99443338
3609;99443339
3610;99443340
3611;99443341
3612;99443342
3613;99443346
3614;99443347
3615;99443348
3616;99443349
3617;99443350
3618;99443351
3619;99443353
3620;99443354
3621;99443355
3622;99443356
3623;99443358
3624;99443359
3625;99443362
3626;99443363
3627;99443365
3628;99443367
3629;99443368
3630;99443369
3631;99443370
3632;99443371
3633;99443372
3634;99443373
3635;99443376
3636;99443378
3637;99443379
3638;99443380
3639;99443382
3640;99443383
3641;99443385
3642;99443387
3643;99443389
3644;99443390
3645;99443391
3646;99443392
3647;99443394
3648;99443395
3649;99443396
3650;99443397
3651;99443398
3652;99443399
3653;99443400
3654;99443401
3655;99443402
3656;99443403
3657;99443404
3658;99443406
3659;99443407
3660;99443408
3661;99443409
3662;99443410
3663;99443411
3664;99443412
3665;99443413
3666;99443414
3667;99443415
3668;99443416
3669;99443418
3670;99443419
3671;99443422
3672;99443424
3673;99443425
3674;99443427
3675;99443428
3676;99443429
3677;99443430
3678;99443432
3679;99443433
3680;99443434
3681;99443435
3682;99443438
3683;99443440
3684;99443442
3685;99443443
3686;99443444
3687;99443447
3688;99443448
3689;99443450
3690;99443451
3691;99443452
3692;99443453
3693;99443454
3694;99443455
3695;99443456
3696;99443457
3697;99443458
3698;99443460
3699;99443461
3700;99443462
3701;99443463
3702;99443464
3703;99443465
3704;99443466
3705;99443467
3706;99443468
3707;99443470
3708;99443471
3709;99443472
3710;99443473
3711;99443474
3712;99443475
3713;99443476
3714;99443477
3715;99443478
3716;99443479
3717;99443480
3718;99443481
3719;99443482
3720;99443484
3721;99443485
3722;99443486
3723;99443487
3724;99443488
3725;99443490
3726;99443491
3727;99443492
3728;99443493
3729;99443494
3730;99443495
3731;99443496
3732;99443497
3733;99443498
3734;99443499
3735;99443500
3736;99443501
3737;99443502
3738;99443503
3739;99443504
3740;99443505
3741;99443507
3742;99443508
3743;99443509
3744;99443510
3745;99443516
3746;99443517
3747;99443518
3748;99443519
3749;99443520
3750;99443521
3751;99443522
3752;99443524
3753;99443525
3754;99443527
3755;99443529
3756;99443530
3757;99443531
3758;99443532
3759;99443534
3760;99443535
3761;99443536
3762;99443537
3763;99443538
3764;99443539
3765;99443540
3766;99443541
3767;99443542
3768;99443543
3769;99443544
3770;99443545
3771;99443546
3772;99443547
3773;99443548
3774;99443549
3775;99443550
3776;99443551
3777;99443552
3778;99443553
3779;99443554
3780;99443557
3781;99443558
3782;99443559
3783;99443560
3784;99443562
3785;99443563
3786;99443564
3787;99443566
3788;99443567
3789;99443571
3790;99443572
3791;99443576
3792;99443577
3793;99443578
3794;99443579
3795;99443581
3796;99443582
3797;99443583
3798;99443584
3799;99443586
3800;99443587
3801;99443588
3802;99443590
3803;99443591
3804;99443592
3805;99443593
3806;99443595
3807;99443596
3808;99443597
3809;99443598
3810;99443599
3811;99443600
3812;99443601
3813;99443602
3814;99443603
3815;99443604
3816;99443605
3817;99443606
3818;99443607
3819;99443608
3820;99443609
3821;99443610
3822;99443611
3823;99443612
3824;99443613
3825;99443614
3826;99443615
3827;99443616
3828;99443617
3829;99443618
3830;99443619
3831;99443620
3832;99443621
3833;99443622
3834;99443623
3835;99443625
3836;99443627
3837;99443628
3838;99443629
3839;99443630
3840;99443631
3841;99443632
3842;99443633
3843;99443634
3844;99443635
3845;99443636
3846;99443638
3847;99443639
3848;99443642
3849;99443643
3850;99443644
3851;99443645
3852;99443646
3853;99443647
3854;99443648
3855;99443650
3856;99443651
3857;99443652
3858;99443653
3859;99443654
3860;99443657
3861;99443658
3862;99443660
3863;99443661
3864;99443664
3865;99443665
3866;99443666
3867;99443668
3868;99443669
3869;99443672
3870;99443673
3871;99443674
3872;99443675
3873;99443676
3874;99443677
3875;99443678
3876;99443679
3877;99443680
3878;99443681
3879;99443682
3880;99443683
3881;99443684
3882;99443686
3883;99443687
3884;99443688
3885;99443689
3886;99443690
3887;99443691
3888;99443692
3889;99443694
3890;99443695
3891;99443696
3892;99443697
3893;99443698
3894;99443699
3895;99443700
3896;99443701
3897;99443702
3898;99443703
3899;99443704
3900;99443705
3901;99443706
3902;99443707
3903;99443710
3904;99443711
3905;99443713
3906;99443714
3907;99443715
3908;99443716
3909;99443717
3910;99443718
3911;99443719
3912;99443720
3913;99443721
3914;99443722
3915;99443723
3916;99443724
3917;99443725
3918;99443726
3919;99443727
3920;99443728
3921;99443732
3922;99443734
3923;99443735
3924;99443736
3925;99443737
3926;99443738
3927;99443739
3928;99443740
3929;99443741
3930;99443742
3931;99443743
3932;99443745
3933;99443747
3934;99443748
3935;99443749
3936;99443750
3937;99443751
3938;99443752
3939;99443753
3940;99443754
3941;99443755
3942;99443756
3943;99443757
3944;99443759
3945;99443760
3946;99443765
3947;99443766
3948;99443768
3949;99443769
3950;99443770
3951;99443771
3952;99443773
3953;99443774
3954;99443777
3955;99443778
3956;99443780
3957;99443781
3958;99443782
3959;99443783
3960;99443784
3961;99443785
3962;99443787
3963;99443788
3964;99443789
3965;99443790
3966;99443791
3967;99443792
3968;99443793
3969;99443794
3970;99443795
3971;99443796
3972;99443797
3973;99443799
3974;99443801
3975;99443804
3976;99443805
3977;99443806
3978;99443807
3979;99443810
3980;99443811
3981;99443812
3982;99443813
3983;99443815
3984;99443816
3985;99443817
3986;99443818
3987;99443819
3988;99443821
3989;99443822
3990;99443824
3991;99443825
3992;99443827
3993;99443828
3994;99443829
3995;99443830
3996;99443831
3997;99443833
3998;99443834
3999;99443835
4000;99443837
4001;99443839
4002;99443840
4003;99443845
4004;99443847
4005;99443848
4006;99443849
4007;99443850
4008;99443851
4009;99443853
4010;99443854
4011;99443855
4012;99443856
4013;99443858
4014;99443859
4015;99443860
4016;99443861
4017;99443864
4018;99443865
4019;99443868
4020;99443871
4021;99443872
4022;99443873
4023;99443874
4024;99443876
4025;99443877
4026;99443881
4027;99443883
4028;99443886
4029;99443890
4030;99443892
4031;99443893
4032;99443894
4033;99443896
4034;99443898
4035;99443899
4036;99443901
4037;99443902
4038;99443904
4039;99443906
4040;99443908
4041;99443911
4042;99443914
4043;99443915
4044;99443917
4045;99443918
4046;99443919
4047;99443920
4048;99443921
4049;99443924
4050;99443925
4051;99443926
4052;99443927
4053;99443928
4054;99443929
4055;99443930
4056;99443931
4057;99443932
4058;99443933
4059;99443936
4060;99443938
4061;99443939
4062;99443940
4063;99443941
4064;99443942
4065;99443945
4066;99443947
4067;99443948
4068;99443950
4069;99443951
4070;99443953
4071;99443955
4072;99443956
4073;99443957
4074;99443959
4075;99443960
4076;99443962
4077;99443964
4078;99443965
4079;99443966
4080;99443968
4081;99443969
4082;99443971
4083;99443972
4084;99443973
4085;99443974
4086;99443975
4087;99443977
4088;99443979
4089;99443980
4090;99443983
4091;99443984
4092;99443985
4093;99443986
4094;99443988
4095;99443990
4096;99443991
4097;99443992
4098;99443993
4099;99443995
4100;99443996
4101;99443998
4102;99443999
4103;99444000
4104;99444001
4105;99444002
4106;99444004
4107;99444005
4108;99444006
4109;99444008
4110;99444009
4111;99444010
4112;99444011
4113;99444013
4114;99444014
4115;99444015
4116;99444016
4117;99444017
4118;99444019
4119;99444020
4120;99444021
4121;99444026
4122;99444027
4123;99444028
4124;99444029
4125;99444030
4126;99444032
4127;99444033
4128;99444034
4129;99444036
4130;99444038
4131;99444044
4132;99444045
4133;99444048
4134;99444050
4135;99444051
4136;99444054
4137;99444055
4138;99444056
4139;99444057
4140;99444058
4141;99444060
4142;99444063
4143;99444064
4144;99444065
4145;99444066
4146;99444067
4147;99444068
4148;99444069
4149;99444072
4150;99444073
4151;99444075
4152;99444076
4153;99444077
4154;99444078
4155;99444079
4156;99444080
4157;99444083
4158;99444084
4159;99444085
4160;99444086
4161;99444087
4162;99444088
4163;99444089
4164;99444090
4165;99444092
4166;99444093
4167;99444094
4168;99444095
4169;99444096
4170;99444097
4171;99444098
4172;99444099
4173;99444100
4174;99444101
4175;99444103
4176;99444104
4177;99444107
4178;99444108
4179;99444109
4180;99444110
4181;99444112
4182;99444113
4183;99444114
4184;99444115
4185;99444116
4186;99444117
4187;99444118
4188;99444119
4189;99444122
4190;99444123
4191;99444124
4192;99444125
4193;99444126
4194;99444128
4195;99444129
4196;99444130
4197;99444131
4198;99444133
4199;99444135
4200;99444136
4201;99444137
4202;99444139
4203;99444141
4204;99444146
4205;99444147
4206;99444148
4207;99444149
4208;99444151
4209;99444152
4210;99444154
4211;99444155
4212;99444156
4213;99444157
4214;99444158
4215;99444159
4216;99444162
4217;99444163
4218;99444164
4219;99444165
4220;99444166
4221;99444167
4222;99444168
4223;99444169
4224;99444171
4225;99444172
4226;99444173
4227;99444176
4228;99444178
4229;99444179
4230;99444181
4231;99444182
4232;99444183
4233;99444184
4234;99444185
4235;99444186
4236;99444188
4237;99444189
4238;99444190
4239;99444191
4240;99444194
4241;99444195
4242;99444199
4243;99444201
4244;99444202
4245;99444204
4246;99444205
4247;99444206
4248;99444207
4249;99444208
4250;99444209
4251;99444210
4252;99444211
4253;99444212
4254;99444213
4255;99444215
4256;99444217
4257;99444218
4258;99444220
4259;99444221
4260;99444222
4261;99444224
4262;99444225
4263;99444226
4264;99444227
4265;99444228
4266;99444231
4267;99444232
4268;99444234
4269;99444237
4270;99444239
4271;99444240
4272;99444242
4273;99444243
4274;99444246
4275;99444247
4276;99444249
4277;99444250
4278;99444251
4279;99444254
4280;99444256
4281;99444257
4282;99444258
4283;99444259
4284;99444260
4285;99444261
4286;99444262
4287;99444263
4288;99444264
4289;99444265
4290;99444266
4291;99444267
4292;99444269
4293;99444271
4294;99444272
4295;99444273
4296;99444275
4297;99444278
4298;99444280
4299;99444282
4300;99444283
4301;99444285
4302;99444286
4303;99444292
4304;99444298
4305;99444300
4306;99444301
4307;99444302
4308;99444303
4309;99444304
4310;99444305
4311;99444306
4312;99444307
4313;99444308
4314;99444309
4315;99444310
4316;99444311
4317;99444312
4318;99444313
4319;99444314
4320;99444315
4321;99444316
4322;99444317
4323;99444318
4324;99444319
4325;99444320
4326;99444322
4327;99444323
4328;99444324
4329;99444325
4330;99444326
4331;99444327
4332;99444328
4333;99444329
4334;99444330
4335;99444331
4336;99444333
4337;99444334
4338;99444337
4339;99444341
4340;99444343
4341;99444344
4342;99444345
4343;99444346
4344;99444347
4345;99444348
4346;99444349
4347;99444350
4348;99444358
4349;99444359
4350;99444360
4351;99444366
4352;99444368
4353;99444370
4354;99444371
4355;99444372
4356;99444373
4357;99444374
4358;99444376
4359;99444377
4360;99444378
4361;99444379
4362;99444383
4363;99444384
4364;99444387
4365;99444388
4366;99444390
4367;99444391
4368;99444392
4369;99444393
4370;99444397
4371;99444400
4372;99444401
4373;99444402
4374;99444403
4375;99444404
4376;99444405
4377;99444407
4378;99444411
4379;99444412
4380;99444413
4381;99444414
4382;99444415
4383;99444416
4384;99444417
4385;99444418
4386;99444420
4387;99444421
4388;99444425
4389;99444426
4390;99444427
4391;99444428
4392;99444429
4393;99444430
4394;99444431
4395;99444433
4396;99444434
4397;99444435
4398;99444436
4399;99444437
4400;99444438
4401;99444440
4402;99444441
4403;99444444
4404;99444445
4405;99444446
4406;99444447
4407;99444448
4408;99444449
4409;99444450
4410;99444452
4411;99444453
4412;99444454
4413;99444455
4414;99444456
4415;99444457
4416;99444458
4417;99444459
4418;99444462
4419;99444463
4420;99444464
4421;99444465
4422;99444466
4423;99444467
4424;99444468
4425;99444470
4426;99444471
4427;99444472
4428;99444474
4429;99444475
4430;99444476
4431;99444477
4432;99444478
4433;99444479
4434;99444480
4435;99444481
4436;99444482
4437;99444486
4438;99444489
4439;99444490
4440;99444491
4441;99444492
4442;99444493
4443;99444494
4444;99444495
4445;99444496
4446;99444497
4447;99444499
4448;99444500
4449;99444501
4450;99444503
4451;99444504
4452;99444506
4453;99444508
4454;99444509
4455;99444510
4456;99444513
4457;99444514
4458;99444515
4459;99444516
4460;99444517
4461;99444518
4462;99444519
4463;99444520
4464;99444522
4465;99444523
4466;99444524
4467;99444525
4468;99444526
4469;99444527
4470;99444528
4471;99444529
4472;99444530
4473;99444531
4474;99444532
4475;99444533
4476;99444534
4477;99444535
4478;99444536
4479;99444537
4480;99444538
4481;99444539
4482;99444541
4483;99444543
4484;99444544
4485;99444548
4486;99444549
4487;99444550
4488;99444551
4489;99444553
4490;99444554
4491;99444555
4492;99444556
4493;99444558
4494;99444559
4495;99444560
4496;99444562
4497;99444563
4498;99444564
4499;99444565
4500;99444566
4501;99444567
4502;99444568
4503;99444569
4504;99444570
4505;99444571
4506;99444572
4507;99444573
4508;99444574
4509;99444575
4510;99444584
4511;99444585
4512;99444589
4513;99444590
4514;99444592
4515;99444593
4516;99444594
4517;99444595
4518;99444596
4519;99444597
4520;99444598
4521;99444599
4522;99444600
4523;99444601
4524;99444603
4525;99444604
4526;99444605
4527;99444606
4528;99444607
4529;99444608
4530;99444609
4531;99444610
4532;99444611
4533;99444612
4534;99444613
4535;99444614
4536;99444618
4537;99444619
4538;99444620
4539;99444621
4540;99444622
4541;99444623
4542;99444624
4543;99444626
4544;99444627
4545;99444628
4546;99444630
4547;99444633
4548;99444634
4549;99444635
4550;99444636
4551;99444637
4552;99444638
4553;99444639
4554;99444640
4555;99444641
4556;99444643
4557;99444644
4558;99444645
4559;99444646
4560;99444647
4561;99444649
4562;99444650
4563;99444651
4564;99444653
4565;99444655
4566;99444657
4567;99444658
4568;99444661
4569;99444662
4570;99444663
4571;99444665
4572;99444666
4573;99444668
4574;99444669
4575;99444671
4576;99444672
4577;99444673
4578;99444674
4579;99444676
4580;99444677
4581;99444678
4582;99444679
4583;99444681
4584;99444684
4585;99444685
4586;99444688
4587;99444689
4588;99444690
4589;99444691
4590;99444692
4591;99444693
4592;99444695
4593;99444699
4594;99444700
4595;99444701
4596;99444702
4597;99444703
4598;99444704
4599;99444705
4600;99444706
4601;99444707
4602;99444708
4603;99444709
4604;99444710
4605;99444711
4606;99444712
4607;99444713
4608;99444715
4609;99444717
4610;99444718
4611;99444719
4612;99444720
4613;99444721
4614;99444722
4615;99444725
4616;99444727
4617;99444728
4618;99444729
4619;99444730
4620;99444733
4621;99444734
4622;99444741
4623;99444742
4624;99444747
4625;99444748
4626;99444751
4627;99444754
4628;99444756
4629;99444758
4630;99444762
4631;99444763
4632;99444764
4633;99444770
4634;99444771
4635;99444772
4636;99444773
4637;99444774
4638;99444775
4639;99444776
4640;99444780
4641;99444783
4642;99444784
4643;99444791
4644;99444792
4645;99444793
4646;99444796
4647;99444797
4648;99444800
4649;99444801
4650;99444804
4651;99444805
4652;99444806
4653;99444809
4654;99444810
4655;99444811
4656;99444812
4657;99444813
4658;99444816
4659;99444817
4660;99444818
4661;99444819
4662;99444820
4663;99444821
4664;99444822
4665;99444823
4666;99444824
4667;99444825
4668;99444826
4669;99444827
4670;99444828
4671;99444829
4672;99444831
4673;99444832
4674;99444833
4675;99444834
4676;99444836
4677;99444839
4678;99444840
4679;99444841
4680;99444842
4681;99444844
4682;99444845
4683;99444849
4684;99444853
4685;99444854
4686;99444855
4687;99444856
4688;99444857
4689;99444858
4690;99444859
4691;99444860
4692;99444862
4693;99444863
4694;99444864
4695;99444866
4696;99444868
4697;99444869
4698;99444870
4699;99444871
4700;99444873
4701;99444874
4702;99444877
4703;99444884
4704;99444887
4705;99444889
4706;99444891
4707;99444893
4708;99444894
4709;99444895
4710;99444897
4711;99444900
4712;99444901
4713;99444906
4714;99444907
4715;99444908
4716;99444910
4717;99444912
4718;99444913
4719;99444914
4720;99444916
4721;99444918
4722;99444919
4723;99444920
4724;99444921
4725;99444924
4726;99444925
4727;99444926
4728;99444932
4729;99444933
4730;99444934
4731;99444935
4732;99444936
4733;99444938
4734;99444944
4735;99444947
4736;99444949
4737;99444950
4738;99444951
4739;99444953
4740;99444955
4741;99444957
4742;99444958
4743;99444959
4744;99444960
4745;99444961
4746;99444962
4747;99444963
4748;99444964
4749;99444966
4750;99444967
4751;99444968
4752;99444969
4753;99444970
4754;99444971
4755;99444973
4756;99444974
4757;99444975
4758;99444978
4759;99444984
4760;99444986
4761;99444987
4762;99444990
4763;99444991
4764;99444992
4765;99444993
4766;99444997
4767;99444998
4768;99445000
4769;99445001
4770;99445002
4771;99445003
4772;99445004
4773;99445005
4774;99445006
4775;99445007
4776;99445008
4777;99445009
4778;99445010
4779;99445017
4780;99445020
4781;99445021
4782;99445024
4783;99445026
4784;99445028
4785;99445029
4786;99445031
4787;99445032
4788;99445035
4789;99445036
4790;99445037
4791;99445039
4792;99445040
4793;99445043
4794;99445045
4795;99445046
4796;99445048
4797;99445054
4798;99445059
4799;99445061
4800;99445062
4801;99445064
4802;99445065
4803;99445066
4804;99445067
4805;99445068
4806;99445070
4807;99445072
4808;99445073
4809;99445075
4810;99445076
4811;99445078
4812;99445079
4813;99445080
4814;99445081
4815;99445082
4816;99445084
4817;99445085
4818;99445086
4819;99445088
4820;99445091
4821;99445095
4822;99445097
4823;99445100
4824;99445102
4825;99445103
4826;99445104
4827;99445111
4828;99445112
4829;99445113
4830;99445114
4831;99445116
4832;99445122
4833;99445125
4834;99445126
4835;99445129
4836;99445130
4837;99445131
4838;99445132
4839;99445143
4840;99445144
4841;99445145
4842;99445146
4843;99445147
4844;99445148
4845;99445149
4846;99445154
4847;99445158
4848;99445159
4849;99445160
4850;99445161
4851;99445162
4852;99445163
4853;99445164
4854;99445165
4855;99445166
4856;99445168
4857;99445170
4858;99445174
4859;99445176
4860;99445178
4861;99445179
4862;99445180
4863;99445200
4864;99445201
4865;99445204
4866;99445205
4867;99445206
4868;99445207
4869;99445208
4870;99445209
4871;99445210
4872;99445211
4873;99445213
4874;99445214
4875;99445215
4876;99445216
4877;99445217
4878;99445220
4879;99445221
4880;99445222
4881;99445223
4882;99445226
4883;99445227
4884;99445231
4885;99445233
4886;99445234
4887;99445236
4888;99445237
4889;99445239
4890;99445241
4891;99445242
4892;99445243
4893;99445244
4894;99445245
4895;99445246
4896;99445247
4897;99445248
4898;99445249
4899;99445250
4900;99445251
4901;99445252
4902;99445253
4903;99445254
4904;99445255
4905;99445257
4906;99445258
4907;99445259
4908;99445260
4909;99445261
4910;99445262
4911;99445264
4912;99445265
4913;99445268
4914;99445269
4915;99445270
4916;99445271
4917;99445272
4918;99445274
4919;99445275
4920;99445276
4921;99445277
4922;99445278
4923;175427097
4924;175427098
4925;175427099
4926;347910374
4927;347827803
4928;175427100
4929;175427101
4930;310264899
4931;175427102
4932;175427103
4933;175427104
4934;175427106
4935;175427107
4936;175427108
4937;175427109
4938;175427110
4939;175427111
4940;175427112
4941;175427113
4942;175427114
4943;175427115
4944;175427116
4945;310264900
4946;175427117
4947;175427118
4948;175427119
4949;175427120
4950;175427121
4951;175427122
4952;347910375
4953;175427123
4954;310264901
4955;310264902
4956;175427125
4957;347827804
4958;347910376
4959;175427126
4960;347827805
4961;175427127
4962;175427128
4963;347827806
4964;175427129
4965;175427130
4966;347910378
4967;347827807
4968;175427131
4969;175427132
4970;347827808
4971;175427133
4972;347910379
4973;347910381
4974;175427135
4975;175427136
4976;347827809
4977;347827810
4978;175427137
4979;175427138
4980;347827811
4981;175427139
4982;175427140
4983;175427141
4984;347910383
4985;175427142
4986;175427143
4987;347910385
4988;175427144
4989;175427145
4990;175427146
4991;347827812
4992;175427147
4993;175427148
4994;175427149
4995;175427150
4996;175427152
4997;175427153
4998;175427154
4999;310264903
5000;175427159
5001;175427161
5002;310264904
5003;175427162
5004;175427163
5005;175427164
5006;347910388
5007;175427165
5008;347827813
5009;310264915
5010;310264917
5011;310264918
5012;310264919
5013;310264925
5014;310264926
5015;310264927
5016;310264933
5017;310264934
5018;310264935
5019;310264941
5020;310264945
5021;310264953
5022;310264956
5023;310264957
5024;310264965
5025;310264967
5026;310264971
5027;310264972
5028;347910390
5029;310264974
5030;310264975
5031;310264976
5032;310264977
5033;310264980
5034;310264981
5035;310264982
5036;347910391
5037;310264983
5038;310264984
5039;347910392
5040;310264985
5041;347910393
5042;347910394
5043;347910395
5044;310264986
5045;310264987
5046;310264990
5047;347910396
5048;347910397
5049;347910398
5050;310264991
5051;310264992
5052;310264993
5053;347910400
5054;310264995
5055;310264996
5056;310264997
5057;347827820
5058;310264998
5059;310264999
5060;310265001
5061;310265002
5062;347827821
5063;310265003
5064;347827822
5065;310265004
5066;310265005
5067;347827824
5068;310265006
5069;310265007
5070;310265008
5071;347827825
5072;310265010
5073;310265012
5074;310265013
5075;310265014
5076;310265016
5077;310265017
5078;310265018
5079;310265019
5080;310265020
5081;310265022
5082;310265023
5083;310265024
5084;347910403
5085;310265025
5086;347910404
5087;310265026
5088;310265027
5089;347910405
5090;347910408
5091;347910409
5092;347910410
5093;310265030
5094;310265033
5095;310265034
5096;310265035
5097;310265036
5098;310265037
5099;310265038
5100;347910413
5101;310265039
5102;310265040
5103;347910414
5104;310265043
5105;310265044
5106;310265045
5107;310265046
5108;310265052
5109;347827826
5110;310265054
5111;347910415
5112;310265055
5113;310265056
5114;310265060
5115;310265061
5116;310265062
5117;310265064
5118;310265067
5119;310265073
5120;310265074
5121;310265075
5122;310265076
5123;310265082
5124;310265091
5125;310265093
5126;310265094
5127;310265102
5128;310265103
5129;310265106
5130;310265107
5131;310265108
5132;310265109
5133;310265110
5134;310265112
5135;310265113
5136;310265115
5137;310265116
5138;310265118
5139;310265119
5140;310265120
5141;310265121
5142;310265122
5143;310265123
5144;310265124
5145;310265127
5146;310265128
5147;310265129
5148;310265130
5149;310265131
5150;310265132
5151;347910420
5152;310265133
5153;310265134
5154;310265135
5155;310265136
5156;310265138
5157;310265139
5158;310265140
5159;310265141
5160;347827830
5161;310265142
5162;310265143
5163;310265144
5164;310265145
5165;310265147
5166;310265148
5167;310265158
5168;310265159
5169;347910422
5170;310265160
5171;310265161
5172;310265164
5173;310265165
5174;310265167
5175;310265168
5176;310265169
5177;310265170
5178;310265172
5179;310265173
5180;310265175
5181;310265176
5182;310265178
5183;310265179
5184;347910429
5185;310265180
5186;310265181
5187;310265182
5188;310265183
5189;310265184
5190;310265187
5191;310265188
5192;310265189
5193;310265190
5194;310265191
5195;310265192
5196;347910430
5197;347910431
5198;347910432
5199;310265196
5200;310265197
5201;347910434
5202;347910437
5203;347910438
5204;310265207
5205;310265208
5206;310265209
5207;347910439
5208;347910440
5209;310265210
5210;347910441
5211;310265211
5212;310265212
5213;347910442
5214;310265214
5215;310265215
5216;310265216
5217;310265217
5218;310265218
5219;347910445
5220;310265221
5221;310265222
5222;310265224
5223;347910447
5224;347827836
5225;347910451
5226;347827838
5227;347827840
5228;347827848
5229;347827851
5230;347910452
5231;347827853
5232;347910453
5233;347827855
5234;347827856
5235;347827857
5236;347827859
5237;347827860
5238;347827861
5239;310265225
5240;347827865
5241;347827867
5242;347827872
5243;310265227
5244;347827873
5245;347910458
5246;347827875
5247;347910460
5248;347827877
5249;347827878
5250;347827879
5251;347910462
5252;347910463
5253;347910465
5254;310265228
5255;347827882
5256;347911098
5257;347911103
5258;347827884
5259;347911105
5260;347911107
5261;347827887
5262;347827889
5263;347827890
5264;347911110
5265;347827891
5266;347827892
5267;347827894
5268;347911113
5269;347911114
5270;347827895
5271;347911116
5272;347911121
5273;347911125
5274;347911126
5275;347911128
5276;347827908
5277;347911129
5278;347911130
5279;347827911
5280;347911131
5281;347827912
5282;347827913
5283;347827914
5284;347827919
5285;347827924
5286;347827925
5287;347827926
5288;347911141
5289;347911146
5290;347911147
5291;347827938
5292;347911149
5293;347911151
5294;347827943
5295;347827944
5296;347827947
5297;347911165
5298;347827952
5299;347827954
5300;347911178
5301;347911181
5302;347911184
5303;347911185
5304;347827966
5305;347911190
5306;347827972
5307;347911198
5308;347827973
5309;310265229
5310;310265230
5311;347911200
5312;347827977
5313;347827978
5314;347827981
5315;347827983
5316;347911203
5317;347911204
5318;347911205
5319;347827988
5320;347827989
5321;347827990
5322;347827991
5323;347827992
5324;347827994
5325;347827995
5326;347827997
5327;347827998
5328;347911207
5329;347911209
5330;347911212
5331;347911215
5332;347911216
5333;347911217
5334;347828006
5335;347828007
5336;347828008
5337;347828012
5338;347828015
5339;347911221
5340;347828016
5341;347828023
5342;347828024
5343;347828030
5344;347828040
5345;347828042
5346;347828045
5347;347828055
5348;347828056
5349;347828057
5350;347828058
5351;347828064
5352;347828065
5353;347828068
5354;347828077
5355;347911229
5356;347828081
5357;347828085
5358;347828087
5359;347828089
5360;347828090
5361;347828091
5362;347828095
5363;347828096
5364;347828098
5365;347828100
5366;347828103
5367;347828107
5368;347828108
5369;347828109
5370;347911235
5371;347828110
5372;347828111
5373;347828114
5374;347828115
5375;347911238
5376;347828123
5377;347911239
5378;347828124
5379;347828126
5380;347828129
5381;347828131
5382;347828135
5383;347828140
5384;347828142
5385;347828145
5386;347828148
5387;347828149
5388;347828152
5389;347828158
5390;347828164
5391;347828167
5392;347828170
5393;347828173
5394;347828174
5395;347828176
5396;347828177
5397;347911245
5398;347828182
5399;347828186
5400;347828195
5401;347828196
5402;347828197
5403;347828198
5404;347911253
5405;347828206
5406;347828222
5407;347828227
5408;347828234
5409;347911256
5410;347828246
5411;347828250
5412;347828252
5413;347911258
5414;347828259
5415;347828263
5416;347828264
5417;347828265
5418;347828269
5419;347828270
5420;347911260
5421;347828274
5422;347828275
5423;347828277
5424;347828278
5425;347828284
5426;347828287
5427;347828291
5428;347828296
5429;347911264
5430;347828300
5431;347828301
5432;347828307
5433;347911266
5434;347828314
5435;347828315
5436;347828320
5437;347828325
5438;347828328
5439;347828332
5440;347828333
5441;347828336
5442;347911271
5443;347828341
5444;347828347
5445;347828370
5446;347911279
5447;347911280
5448;347828396
5449;347828397
5450;347828399
5451;347828411
5452;347828417
5453;347911284
5454;347911285
5455;347828427
5456;347828428
5457;347828429
5458;347828430
5459;347828437
5460;347828438
5461;347828443
5462;347828447
5463;347911291
5464;347911292
5465;347828453
5466;347828455
5467;347911293
5468;347828464
5469;347828476
5470;347828485
5471;347911297
5472;347828494
5473;347828507
5474;347828514
5475;347911301
5476;347828521
5477;347828523
5478;347828525
5479;347911304
5480;347828537
5481;347911308
5482;347828538
5483;347828542
5484;347911309
5485;347828547
5486;347828553
5487;347828567
5488;347828570
5489;347828572
5490;347828582
5491;347828586
5492;347828590
5493;347828591
5494;347828593
5495;347828594
5496;347828598
5497;347828599
5498;347828616
5499;347828622
5500;347828625
5501;347828627
5502;347828638
5503;347828650
5504;347828652
5505;347828662
5506;347828668
5507;347828678
5508;347828683
5509;347828686
5510;347828691
5511;347828696
5512;347828697
5513;347828698
5514;347828704
5515;347828705
5516;347828709
5517;347828712
5518;347828716
5519;347828721
5520;347828725
5521;347911339
5522;347828732
5523;347828733
5524;347828746
5525;347828748
5526;347911340
5527;347828752
5528;347911342
5529;347828759
5530;347828763
5531;347828769
5532;347828773
5533;347828779
5534;347828788
5535;347828791
5536;347828801
5537;347828804
5538;347911348
5539;347828815
5540;347828816
5541;347828824
5542;347828826
5543;347828829
5544;347828840
5545;347828846
5546;347828858
5547;347828866
5548;347828872
5549;347828874
5550;347828878
5551;347911362
5552;347828894
5553;347828896
5554;347911363
5555;347828900
5556;347828910
5557;347828925
5558;347828927
5559;347828932
5560;347911372
5561;347828941
5562;347828950
5563;347911377
5564;347828962
5565;347828964
5566;347828968
5567;347828975
5568;347828982
5569;347911385
5570;347828993
5571;347828997
5572;347829001
5573;347911395
5574;347829023
5575;347829024
5576;347911400
5577;347829030
5578;347829042
5579;347829045
5580;347911403
5581;347829068
5582;347829085
5583;347829088
5584;347829094
5585;347829100
5586;347829101
5587;347829105
5588;347829117
5589;347829140
5590;347911415
5591;347829150
5592;347829159
5593;347829169
5594;347829175
5595;347829189
5596;347829208
5597;347829248
5598;347911425
5599;347829251
5600;347911428
5601;347829254
5602;347829257
5603;347911430
5604;347829262
5605;347911433
5606;347911434
5607;347911435
5608;347911436
5609;347829263
5610;347829264
5611;347829265
5612;347829268
5613;347829271
5614;347829272
5615;347829273
5616;347829274
5617;347911438
5618;347829276
5619;347911440
5620;347829278
5621;347829280
5622;347829281
5623;347829286
5624;347911441
5625;347829289
5626;347911447
5627;347829293
5628;347829299
5629;347829303
5630;347829307
5631;347829309
5632;347829312
5633;347829314
5634;347829315
5635;347829316
5636;347829321
5637;347829322
5638;347829325
5639;347829326
5640;347829327
5641;347829328
5642;347829329
5643;347829330
5644;347911451
5645;347911453
5646;347911461
5647;347911462
5648;347911463
5649;347829333
5650;347911476
5651;347829334
