drugchembl;chembl_detail
"0";CHEMBL1201666
1;CHEMBL1201577
2;CHEMBL1201550
3;CHEMBL1201572
4;CHEMBL2103749
5;CHEMBL1201199
6;CHEMBL1201560
7;CHEMBL1201593
8;None
9;CHEMBL2108509
10;CHEMBL1201566
11;CHEMBL1201420
12;CHEMBL1201247
13;CHEMBL2107885
14;CHEMBL1201565
15;CHEMBL2109047
16;CHEMBL1201568
17;CHEMBL1201670
18;CHEMBL1201561
19;CHEMBL2108989
20;CHEMBL1201533
21;CHEMBL2108175
22;CHEMBL1201570
23;CHEMBL557217
24;CHEMBL2108250
25;CHEMBL2108791
26;CHEMBL2108427
27;CHEMBL1201564
28;CHEMBL1429
29;CHEMBL1201573
30;CHEMBL1201821
31;CHEMBL266481
32;CHEMBL1201438
33;CHEMBL1201569
34;CHEMBL1201589
35;CHEMBL1201419
36;CHEMBL1201538
37;CHEMBL1201497
38;CHEMBL1200490
39;CHEMBL1201580
40;CHEMBL1201621
41;CHEMBL1201584
42;CHEMBL1201506
43;CHEMBL2108546
44;CHEMBL1201562
45;CHEMBL1201514
46;CHEMBL1174
47;CHEMBL1201581
48;CHEMBL1201692
49;CHEMBL373742
50;CHEMBL1201563
51;CHEMBL1201557
52;CHEMBL1201636
53;CHEMBL1201585
54;CHEMBL1201576
55;CHEMBL1201439
56;CHEMBL1201608
57;CHEMBL387675
58;CHEMBL1201604
59;CHEMBL1201515
60;CHEMBL2108147
61;CHEMBL1201587
62;CHEMBL2108285
63;CHEMBL160
64;CHEMBL1201571
65;CHEMBL3185126
66;CHEMBL1201520
67;CHEMBL1201575
68;CHEMBL1201464
69;CHEMBL1201567
70;CHEMBL1201556
71;CHEMBL2108888
72;CHEMBL1680
73;CHEMBL1252
74;CHEMBL395429
75;CHEMBL1201607
76;CHEMBL525076
77;CHEMBL1201586
78;CHEMBL1201605
79;CHEMBL1201583
80;CHEMBL2108253
81;CHEMBL82202
82;CHEMBL2110563
83;CHEMBL2021342
84;CHEMBL17962
85;CHEMBL1088977
86;CHEMBL1162144
87;CHEMBL301523
88;CHEMBL857
89;CHEMBL920
90;CHEMBL8085
91;CHEMBL1485
92;CHEMBL196
93;CHEMBL23194
94;CHEMBL274323
95;CHEMBL446143
96;CHEMBL930
97;CHEMBL752
98;CHEMBL8739
99;CHEMBL11298
100;CHEMBL42336
101;CHEMBL925
102;CHEMBL846
103;CHEMBL173929
104;CHEMBL590540
105;CHEMBL576
106;CHEMBL1534
107;CHEMBL4303483
108;CHEMBL575060
109;CHEMBL1543
110;CHEMBL4297669
111;CHEMBL773
112;CHEMBL1040
113;CHEMBL102970
114;CHEMBL283800
115;CHEMBL291962
116;CHEMBL54976
117;CHEMBL863
118;CHEMBL1547
119;CHEMBL1536
120;CHEMBL465183
121;CHEMBL444814
122;CHEMBL291747
123;CHEMBL1234616
124;CHEMBL1622
125;CHEMBL460026
126;CHEMBL279597
127;CHEMBL43068
128;CHEMBL986
129;CHEMBL47
130;CHEMBL1364
131;CHEMBL134342
132;CHEMBL1233584
133;CHEMBL171679
134;CHEMBL1042
135;CHEMBL590
136;CHEMBL14249
137;CHEMBL54922
138;CHEMBL226345
139;CHEMBL58832
140;CHEMBL1144
141;CHEMBL814
142;CHEMBL1069
143;CHEMBL1168
144;CHEMBL313972
145;CHEMBL1512
146;CHEMBL701
147;CHEMBL405
148;CHEMBL1328
149;CHEMBL3
150;CHEMBL580
151;CHEMBL768
152;CHEMBL325041
153;CHEMBL1201236
154;CHEMBL1574
155;CHEMBL1201242
156;CHEMBL1237044
157;CHEMBL1090
158;CHEMBL423
159;CHEMBL106
160;CHEMBL408
161;CHEMBL1229
162;CHEMBL532
163;CHEMBL2103737
164;CHEMBL113
165;CHEMBL703
166;CHEMBL192
167;CHEMBL473
168;CHEMBL36
169;CHEMBL772
170;CHEMBL529
171;CHEMBL833
172;CHEMBL1888176
173;CHEMBL1265
174;CHEMBL1201212
175;CHEMBL31601
176;CHEMBL1502
177;CHEMBL1148
178;CHEMBL549
179;CHEMBL1510
180;CHEMBL1201260
181;CHEMBL32
182;CHEMBL1201286
183;CHEMBL584
184;CHEMBL1201213
185;CHEMBL1481
186;CHEMBL1201380
187;CHEMBL115
188;CHEMBL1037
189;CHEMBL503
190;CHEMBL1257
191;CHEMBL1296
192;CHEMBL1059
193;CHEMBL967
194;CHEMBL1577
195;CHEMBL1169
196;CHEMBL383921
197;CHEMBL189
198;CHEMBL449
199;CHEMBL57
200;CHEMBL1262
201;CHEMBL1201361
202;CHEMBL454
203;CHEMBL1619
204;CHEMBL1404
205;CHEMBL704
206;CHEMBL1201203
207;CHEMBL708
208;CHEMBL485253
209;CHEMBL1201087
210;CHEMBL1043
211;CHEMBL16
212;CHEMBL1201173
213;CHEMBL1433
214;CHEMBL411
215;CHEMBL104
216;CHEMBL771
217;CHEMBL760
218;CHEMBL513
219;CHEMBL453
220;CHEMBL13
221;CHEMBL1466
222;CHEMBL589
223;CHEMBL1200761
224;CHEMBL1648
225;CHEMBL1201323
226;CHEMBL220492
227;CHEMBL1201195
228;CHEMBL1516
229;CHEMBL43
230;CHEMBL190
231;CHEMBL1166
232;CHEMBL1544
233;CHEMBL517
234;CHEMBL79
235;CHEMBL834
236;CHEMBL1626
237;CHEMBL1566
238;CHEMBL637
239;CHEMBL2106240
240;CHEMBL1200799
241;CHEMBL1200732
242;CHEMBL641
243;CHEMBL403664
244;CHEMBL515
245;CHEMBL681
246;CHEMBL225071
247;CHEMBL1531
248;CHEMBL70
249;CHEMBL1077896
250;CHEMBL1098
251;CHEMBL1201216
252;CHEMBL1538
253;CHEMBL222645
254;CHEMBL877
255;CHEMBL1533
256;CHEMBL105
257;CHEMBL1200802
258;CHEMBL1023
259;CHEMBL533
260;CHEMBL238071
261;CHEMBL1055
262;CHEMBL18
263;CHEMBL448
264;CHEMBL109
265;CHEMBL1185
266;CHEMBL112
267;CHEMBL939
268;CHEMBL485
269;CHEMBL702
270;CHEMBL1732
271;CHEMBL629
272;CHEMBL917
273;CHEMBL1324
274;CHEMBL1200600
275;CHEMBL2097081
276;CHEMBL398707
277;CHEMBL6
278;CHEMBL44884
279;CHEMBL1431
280;CHEMBL1621597
281;CHEMBL651
282;CHEMBL715
283;CHEMBL24
284;CHEMBL869
285;CHEMBL1200686
286;CHEMBL1503
287;CHEMBL614
288;CHEMBL1000
289;CHEMBL17157
290;CHEMBL23
291;CHEMBL668
292;CHEMBL463
293;CHEMBL709
294;CHEMBL695
295;CHEMBL1337
296;CHEMBL70418
297;CHEMBL802
298;CHEMBL1201139
299;CHEMBL727
300;CHEMBL1201356
301;CHEMBL1201271
302;CHEMBL1371
303;CHEMBL488
304;CHEMBL416956
305;CHEMBL439
306;CHEMBL1201774
307;CHEMBL553025
308;CHEMBL42
309;CHEMBL2029132
310;CHEMBL583
311;CHEMBL1004
312;CHEMBL1389
313;CHEMBL1437
314;CHEMBL152
315;CHEMBL654
316;CHEMBL979
317;CHEMBL1378
318;CHEMBL499
319;CHEMBL1237119
320;CHEMBL1490
321;CHEMBL1189679
322;CHEMBL1200853
323;CHEMBL558
324;CHEMBL1738
325;CHEMBL1491
326;CHEMBL95
327;CHEMBL1495
328;CHEMBL585
329;CHEMBL1096885
330;CHEMBL86715
331;CHEMBL1215
332;CHEMBL508102
333;CHEMBL1751
334;CHEMBL26
335;CHEMBL1206
336;CHEMBL1428
337;CHEMBL1200500
338;CHEMBL1233
339;CHEMBL103
340;CHEMBL61006
341;CHEMBL1336
342;CHEMBL924
343;CHEMBL562
344;CHEMBL1726
345;CHEMBL1522
346;CHEMBL1201355
347;CHEMBL661
348;CHEMBL1201287
349;CHEMBL459265
350;CHEMBL831
351;CHEMBL22242
352;CHEMBL965
353;CHEMBL121
354;CHEMBL301265
355;CHEMBL1589
356;CHEMBL174
357;CHEMBL1739
358;CHEMBL615
359;CHEMBL447
360;CHEMBL1029
361;CHEMBL564
362;CHEMBL1393
363;CHEMBL796
364;CHEMBL1201117
365;CHEMBL1331216
366;CHEMBL911
367;CHEMBL880
368;CHEMBL855
369;CHEMBL1603
370;CHEMBL1237105
371;CHEMBL1201204
372;CHEMBL15891
373;CHEMBL1129
374;CHEMBL728
375;CHEMBL516
376;CHEMBL1200689
377;CHEMBL1684
378;CHEMBL1467
379;CHEMBL44354
380;CHEMBL1477
381;CHEMBL22
382;CHEMBL888
383;CHEMBL632
384;CHEMBL452231
385;CHEMBL417
386;CHEMBL130
387;CHEMBL1013
388;CHEMBL480
389;CHEMBL1201262
390;CHEMBL1108
391;CHEMBL1624
392;CHEMBL184618
393;CHEMBL607
394;CHEMBL998
395;CHEMBL617
396;CHEMBL2
397;CHEMBL11
398;CHEMBL1131
399;CHEMBL1070
400;CHEMBL1354199
401;CHEMBL450
402;CHEMBL1200354
403;CHEMBL469
404;CHEMBL1908342
405;CHEMBL826
406;CHEMBL170
407;CHEMBL302795
408;CHEMBL465
409;CHEMBL787
410;CHEMBL41
411;CHEMBL1197
412;CHEMBL7413
413;CHEMBL451
414;CHEMBL1175
415;CHEMBL71
416;CHEMBL848
417;CHEMBL81
418;CHEMBL118
419;CHEMBL1200993
420;CHEMBL844
421;CHEMBL893
422;CHEMBL947
423;CHEMBL267648
424;CHEMBL471
425;CHEMBL49
426;CHEMBL1561
427;CHEMBL3039598
428;CHEMBL1730
429;CHEMBL953
430;CHEMBL129
431;CHEMBL1346
432;CHEMBL656
433;CHEMBL711
434;CHEMBL806
435;CHEMBL1020
436;CHEMBL30
437;CHEMBL54
438;CHEMBL163
439;CHEMBL1254682
440;CHEMBL1201354
441;CHEMBL570
442;CHEMBL559
443;CHEMBL3545057
444;CHEMBL262777
445;CHEMBL1046
446;CHEMBL52440
447;CHEMBL11359
448;CHEMBL1578
449;CHEMBL1483
450;CHEMBL1519
451;CHEMBL499808
452;CHEMBL839
453;CHEMBL1200368
454;CHEMBL705
455;CHEMBL878
456;CHEMBL414804
457;CHEMBL1086
458;CHEMBL250270
459;CHEMBL666
460;CHEMBL553
461;CHEMBL88
462;CHEMBL861
463;CHEMBL122
464;CHEMBL927
465;CHEMBL821
466;CHEMBL8
467;CHEMBL1655
468;CHEMBL445
469;CHEMBL499458
470;CHEMBL838
471;CHEMBL1113
472;CHEMBL185
473;CHEMBL1115
474;CHEMBL328250
475;CHEMBL1766
476;CHEMBL1238
477;CHEMBL603
478;CHEMBL1518
479;CHEMBL734
480;CHEMBL1580
481;CHEMBL416
482;CHEMBL527
483;CHEMBL741
484;CHEMBL896
485;CHEMBL222813
486;CHEMBL957
487;CHEMBL1754
488;CHEMBL1201039
489;CHEMBL34259
490;CHEMBL108
491;CHEMBL1201248
492;CHEMBL1727
493;CHEMBL43064
494;CHEMBL1201202
495;CHEMBL159
496;CHEMBL27
497;CHEMBL517712
498;CHEMBL1297
499;CHEMBL87493
500;CHEMBL134
501;CHEMBL1191
502;CHEMBL1349
503;CHEMBL1214
504;CHEMBL781
505;CHEMBL865
506;CHEMBL638
507;CHEMBL1149
508;CHEMBL578
509;CHEMBL3183075
510;CHEMBL139
511;CHEMBL283754
512;CHEMBL1473
513;CHEMBL157138
514;CHEMBL707
515;CHEMBL989
516;CHEMBL1412
517;CHEMBL696
518;CHEMBL945
519;CHEMBL1517
520;CHEMBL1201360
521;CHEMBL429
522;CHEMBL441
523;CHEMBL1388
524;CHEMBL126
525;CHEMBL1200633
526;CHEMBL717
527;CHEMBL560739
528;CHEMBL15770
529;CHEMBL61593
530;CHEMBL1443
531;CHEMBL76
532;CHEMBL1201319
533;CHEMBL33986
534;CHEMBL645
535;CHEMBL682
536;CHEMBL1103
537;CHEMBL444633
538;CHEMBL35084
539;CHEMBL1100
540;CHEMBL1591
541;CHEMBL941
542;CHEMBL1451
543;CHEMBL1200436
544;CHEMBL1484
545;CHEMBL726
546;CHEMBL386630
547;CHEMBL223228
548;CHEMBL1200558
549;CHEMBL573
550;CHEMBL1213252
551;CHEMBL420
552;CHEMBL870
553;CHEMBL1750
554;CHEMBL778
555;CHEMBL635
556;CHEMBL565
557;CHEMBL296419
558;CHEMBL477
559;CHEMBL1064
560;CHEMBL225072
561;CHEMBL685
562;CHEMBL1981292
563;CHEMBL1201217
564;CHEMBL450895
565;CHEMBL1213351
566;CHEMBL1670
567;CHEMBL991
568;CHEMBL1679
569;CHEMBL1752
570;CHEMBL100116
571;CHEMBL1051
572;CHEMBL1405
573;CHEMBL621
574;CHEMBL267936
575;CHEMBL1201293
576;CHEMBL6966
577;CHEMBL1201392
578;CHEMBL1274
579;CHEMBL1201309
580;CHEMBL679
581;CHEMBL128
582;CHEMBL9967
583;CHEMBL1541
584;CHEMBL498
585;CHEMBL1471
586;CHEMBL659
587;CHEMBL83
588;CHEMBL1025
589;CHEMBL191
590;CHEMBL479
591;CHEMBL1075
592;CHEMBL1464
593;CHEMBL655
594;CHEMBL428
595;CHEMBL4073796
596;CHEMBL1201388
597;CHEMBL1456
598;CHEMBL1200971
599;CHEMBL968
600;CHEMBL1165
601;CHEMBL597
602;CHEMBL1057
603;CHEMBL178
604;CHEMBL35
605;CHEMBL442
606;CHEMBL1079
607;CHEMBL572
608;CHEMBL1372950
609;CHEMBL1095097
610;CHEMBL116
611;CHEMBL1201472
612;CHEMBL19
613;CHEMBL19019
614;CHEMBL593
615;CHEMBL836
616;CHEMBL658
617;CHEMBL141
618;CHEMBL997
619;CHEMBL684
620;CHEMBL563
621;CHEMBL819
622;CHEMBL53
623;CHEMBL490
624;CHEMBL746
625;CHEMBL1162
626;CHEMBL922
627;CHEMBL946
628;CHEMBL12318
629;CHEMBL569
630;CHEMBL1237
631;CHEMBL524
632;CHEMBL1282
633;CHEMBL1200851
634;CHEMBL644
635;CHEMBL730
636;CHEMBL1201244
637;CHEMBL625
638;CHEMBL783
639;CHEMBL1200527
640;CHEMBL1420
641;CHEMBL85
642;CHEMBL626
643;CHEMBL1201320
644;CHEMBL1623
645;CHEMBL55
646;CHEMBL744
647;CHEMBL389621
648;CHEMBL1200571
649;CHEMBL93
650;CHEMBL1373
651;CHEMBL556
652;CHEMBL569713
653;CHEMBL864
654;CHEMBL622
655;CHEMBL1194
656;CHEMBL1106
657;CHEMBL313833
658;CHEMBL1256
659;CHEMBL1095
660;CHEMBL38
661;CHEMBL496
662;CHEMBL2368925
663;CHEMBL1771
664;CHEMBL1440
665;CHEMBL1200731
666;CHEMBL481
667;CHEMBL1515
668;CHEMBL1201404
669;CHEMBL1200862
670;CHEMBL777
671;CHEMBL1201250
672;CHEMBL1189432
673;CHEMBL1201263
674;CHEMBL495
675;CHEMBL1200468
676;CHEMBL44657
677;CHEMBL1763
678;CHEMBL916
679;CHEMBL1068
680;CHEMBL1201210
681;CHEMBL1214185
682;CHEMBL5
683;CHEMBL1089
684;CHEMBL1180725
685;CHEMBL135
686;CHEMBL686
687;CHEMBL279785
688;CHEMBL184
689;CHEMBL154
690;CHEMBL1200431
691;CHEMBL1581
692;CHEMBL1241
693;CHEMBL856
694;CHEMBL421
695;CHEMBL1014
696;CHEMBL770
697;CHEMBL3039597
698;CHEMBL1657
699;CHEMBL588
700;CHEMBL634
701;CHEMBL1123
702;CHEMBL278819
703;CHEMBL628
704;CHEMBL1196
705;CHEMBL406
706;CHEMBL1200604
707;CHEMBL1101
708;CHEMBL1643
709;CHEMBL101
710;CHEMBL596
711;CHEMBL599
712;CHEMBL23393
713;CHEMBL776
714;CHEMBL291157
715;CHEMBL526
716;CHEMBL20
717;CHEMBL779
718;CHEMBL1316
719;CHEMBL964
720;CHEMBL1200624
721;CHEMBL279898
722;CHEMBL470670
723;CHEMBL1208
724;CHEMBL12
725;CHEMBL1201208
726;CHEMBL422
727;CHEMBL680
728;CHEMBL1276308
729;CHEMBL811
730;CHEMBL841
731;CHEMBL287631
732;CHEMBL817
733;CHEMBL926
734;CHEMBL568
735;CHEMBL502
736;CHEMBL895
737;CHEMBL1292
738;CHEMBL1201012
739;CHEMBL602
740;CHEMBL1454
741;CHEMBL45029
742;CHEMBL567
743;CHEMBL476
744;CHEMBL1590
745;CHEMBL810
746;CHEMBL592
747;CHEMBL601
748;CHEMBL388751
749;CHEMBL822
750;CHEMBL1582
751;CHEMBL1430
752;CHEMBL131
753;CHEMBL898
754;CHEMBL1520
755;CHEMBL1790041
756;CHEMBL269732
757;CHEMBL3545985
758;CHEMBL266195
759;CHEMBL489553
760;CHEMBL1374379
761;CHEMBL218490
762;CHEMBL956
763;CHEMBL1760
764;CHEMBL1755
765;CHEMBL1200865
766;CHEMBL54661
767;CHEMBL813
768;CHEMBL413
769;CHEMBL790
770;CHEMBL885
771;CHEMBL842
772;CHEMBL1592
773;CHEMBL2355051
774;CHEMBL6622
775;CHEMBL923
776;CHEMBL289556
777;CHEMBL1072
778;CHEMBL427
779;CHEMBL1290003
780;CHEMBL1018
781;CHEMBL700
782;CHEMBL1200
783;CHEMBL1201544
784;CHEMBL1571
785;CHEMBL1201779
786;CHEMBL1200617
787;CHEMBL646
788;CHEMBL545
789;CHEMBL1005
790;CHEMBL1460
791;CHEMBL1201295
792;CHEMBL1200959
793;CHEMBL456
794;CHEMBL46
795;CHEMBL1200963
796;CHEMBL1027
797;CHEMBL370805
798;CHEMBL1294
799;CHEMBL750
800;CHEMBL1200622
801;CHEMBL1220
802;CHEMBL1272
803;CHEMBL1201347
804;CHEMBL170988
805;CHEMBL660
806;CHEMBL137
807;CHEMBL548
808;CHEMBL1505
809;CHEMBL534
810;CHEMBL560511
811;CHEMBL2051955
812;CHEMBL669
813;CHEMBL753
814;CHEMBL464
815;CHEMBL902
816;CHEMBL1489
817;CHEMBL606
818;CHEMBL249837
819;CHEMBL222559
820;CHEMBL1088
821;CHEMBL21731
822;CHEMBL762
823;CHEMBL424
824;CHEMBL1194666
825;CHEMBL1263
826;CHEMBL509
827;CHEMBL1201264
828;CHEMBL1201349
829;CHEMBL1201227
830;CHEMBL853
831;CHEMBL1201229
832;CHEMBL25
833;CHEMBL1465
834;CHEMBL1358
835;CHEMBL1094
836;CHEMBL914
837;CHEMBL64
838;CHEMBL1278
839;CHEMBL905
840;CHEMBL1237072
841;CHEMBL1457
842;CHEMBL1200934
843;CHEMBL1351
844;CHEMBL650
845;CHEMBL500
846;CHEMBL1087
847;CHEMBL1521
848;CHEMBL1077
849;CHEMBL647
850;CHEMBL1017
851;CHEMBL1172
852;CHEMBL459
853;CHEMBL1110
854;CHEMBL1554
855;CHEMBL639
856;CHEMBL1138
857;CHEMBL858
858;CHEMBL932
859;CHEMBL1136
860;CHEMBL691
861;CHEMBL561
862;CHEMBL1201338
863;CHEMBL1218
864;CHEMBL94
865;CHEMBL547
866;CHEMBL1256786
867;CHEMBL1200412
868;CHEMBL1200406
869;CHEMBL1201335
870;CHEMBL803
871;CHEMBL59
872;CHEMBL636
873;CHEMBL1200374
874;CHEMBL1071
875;CHEMBL1542
876;CHEMBL1366
877;CHEMBL940
878;CHEMBL53463
879;CHEMBL1279
880;CHEMBL435
881;CHEMBL1200356
882;CHEMBL714
883;CHEMBL1201193
884;CHEMBL428880
885;CHEMBL182
886;CHEMBL467
887;CHEMBL1444
888;CHEMBL1200438
889;CHEMBL820
890;CHEMBL571
891;CHEMBL1104
892;CHEMBL934
893;CHEMBL1201284
894;CHEMBL1159650
895;CHEMBL1201346
896;CHEMBL443
897;CHEMBL472
898;CHEMBL1434
899;CHEMBL862
900;CHEMBL1482
901;CHEMBL1311
902;CHEMBL1054
903;CHEMBL1550
904;CHEMBL1480
905;CHEMBL866
906;CHEMBL1096
907;CHEMBL157101
908;CHEMBL1341
909;CHEMBL1513
910;CHEMBL84
911;CHEMBL1576
912;CHEMBL897
913;CHEMBL1425
914;CHEMBL45627
915;CHEMBL640
916;CHEMBL1382
917;CHEMBL972
918;CHEMBL1201328
919;CHEMBL672
920;CHEMBL468
921;CHEMBL852
922;CHEMBL807
923;CHEMBL31
924;CHEMBL374478
925;CHEMBL1201134
926;CHEMBL1501
927;CHEMBL1380
928;CHEMBL521
929;CHEMBL36506
930;CHEMBL29
931;CHEMBL475534
932;CHEMBL245416
933;CHEMBL1762
934;CHEMBL1201341
935;CHEMBL976
936;CHEMBL9
937;CHEMBL1082
938;CHEMBL1231
939;CHEMBL1085
940;CHEMBL434
941;CHEMBL45
942;CHEMBL1073
943;CHEMBL452
944;CHEMBL643
945;CHEMBL2356023
946;CHEMBL73451
947;CHEMBL1163
948;CHEMBL1568
949;CHEMBL75880
950;CHEMBL657
951;CHEMBL1487
952;CHEMBL871
953;CHEMBL1614
954;CHEMBL76370
955;CHEMBL89598
956;CHEMBL1201294
957;CHEMBL372795
958;CHEMBL175247
959;CHEMBL594
960;CHEMBL550
961;CHEMBL278172
962;CHEMBL506
963;CHEMBL494
964;CHEMBL1200515
965;CHEMBL1271
966;CHEMBL990
967;CHEMBL222863
968;CHEMBL504
969;CHEMBL399121
970;CHEMBL2220442
971;CHEMBL847
972;CHEMBL960
973;CHEMBL1496
974;CHEMBL1463
975;CHEMBL1423
976;CHEMBL1773
977;CHEMBL1201251
978;CHEMBL7568
979;CHEMBL809
980;CHEMBL1419
981;CHEMBL1615438
982;CHEMBL1200790
983;CHEMBL1200907
984;CHEMBL1909300
985;CHEMBL91
986;CHEMBL1436
987;CHEMBL19224
988;CHEMBL505
989;CHEMBL193
990;CHEMBL1201329
991;CHEMBL1450
992;CHEMBL633
993;CHEMBL181
994;CHEMBL427216
995;CHEMBL918
996;CHEMBL1652
997;CHEMBL55400
998;CHEMBL782
999;CHEMBL712
1000;CHEMBL1200969
1001;CHEMBL808
1002;CHEMBL409
1003;CHEMBL1219
1004;CHEMBL1200386
1005;CHEMBL1377
1006;CHEMBL595
1007;CHEMBL1350
1008;CHEMBL1200592
1009;CHEMBL1237123
1010;CHEMBL723
1011;CHEMBL33
1012;CHEMBL832
1013;CHEMBL1644
1014;CHEMBL457547
1015;CHEMBL1628227
1016;CHEMBL1006
1017;CHEMBL17
1018;CHEMBL1492
1019;CHEMBL891
1020;CHEMBL1493
1021;CHEMBL623
1022;CHEMBL72
1023;CHEMBL1200647
1024;CHEMBL440
1025;CHEMBL430
1026;CHEMBL894
1027;CHEMBL119
1028;CHEMBL1199080
1029;CHEMBL931
1030;CHEMBL1200896
1031;CHEMBL1179047
1032;CHEMBL611
1033;CHEMBL1200668
1034;CHEMBL4
1035;CHEMBL799
1036;CHEMBL22587
1037;CHEMBL1321
1038;CHEMBL1200978
1039;CHEMBL765
1040;CHEMBL86304
1041;CHEMBL900
1042;CHEMBL40
1043;CHEMBL1508
1044;CHEMBL648
1045;CHEMBL1117
1046;CHEMBL1200714
1047;CHEMBL61
1048;CHEMBL1668
1049;CHEMBL1024
1050;CHEMBL631
1051;CHEMBL80
1052;CHEMBL219916
1053;CHEMBL1445
1054;CHEMBL531
1055;CHEMBL1413
1056;CHEMBL1200733
1057;CHEMBL1753
1058;CHEMBL248702
1059;CHEMBL963
1060;CHEMBL642
1061;CHEMBL220491
1062;CHEMBL652
1063;CHEMBL1575
1064;CHEMBL1560
1065;CHEMBL135400
1066;CHEMBL339427
1067;CHEMBL493
1068;CHEMBL1660
1069;CHEMBL1286
1070;CHEMBL649
1071;CHEMBL58
1072;CHEMBL407
1073;CHEMBL514
1074;CHEMBL280728
1075;CHEMBL850
1076;CHEMBL1685
1077;CHEMBL1201237
1078;CHEMBL1741
1079;CHEMBL161
1080;CHEMBL1308
1081;CHEMBL1291
1082;CHEMBL285674
1083;CHEMBL710
1084;CHEMBL1399
1085;CHEMBL1107
1086;CHEMBL1201288
1087;CHEMBL1617
1088;CHEMBL742
1089;CHEMBL1370
1090;CHEMBL1370561
1091;CHEMBL716
1092;CHEMBL1201685
1093;CHEMBL1182833
1094;CHEMBL1514
1095;CHEMBL315838
1096;CHEMBL428647
1097;CHEMBL936
1098;CHEMBL114
1099;CHEMBL86
1100;CHEMBL384467
1101;CHEMBL1009
1102;CHEMBL1200694
1103;CHEMBL1201245
1104;CHEMBL1112
1105;CHEMBL908
1106;CHEMBL1139
1107;CHEMBL457
1108;CHEMBL415
1109;CHEMBL1008
1110;CHEMBL1190
1111;CHEMBL829
1112;CHEMBL1201168
1113;CHEMBL92
1114;CHEMBL425
1115;CHEMBL383634
1116;CHEMBL471498
1117;CHEMBL119443
1118;CHEMBL1421
1119;CHEMBL1201222
1120;CHEMBL1658
1121;CHEMBL1201828
1122;CHEMBL554
1123;CHEMBL1201109
1124;CHEMBL1422
1125;CHEMBL1201129
1126;CHEMBL1397
1127;CHEMBL1323
1128;CHEMBL1621
1129;CHEMBL535
1130;CHEMBL1201827
1131;CHEMBL1201825
1132;CHEMBL1201826
1133;CHEMBL1201824
1134;CHEMBL1396
1135;CHEMBL1363
1136;CHEMBL276832
1137;CHEMBL414357
1138;CHEMBL1201716
1139;CHEMBL2103758
1140;CHEMBL1201822
1141;CHEMBL1201112
1142;CHEMBL1201823
1143;CHEMBL3301668
1144;CHEMBL404108
1145;CHEMBL2103784
1146;CHEMBL1201610
1147;CHEMBL32800
1148;CHEMBL2106618
1149;CHEMBL1094966
1150;CHEMBL1120
1151;CHEMBL314010
1152;CHEMBL493287
1153;CHEMBL6995
1154;CHEMBL1200434
1155;CHEMBL1201496
1156;CHEMBL2104391
1157;CHEMBL1201613
1158;CHEMBL1664
1159;CHEMBL1201336
1160;CHEMBL1587
1161;CHEMBL1532
1162;CHEMBL1146
1163;CHEMBL1435
1164;CHEMBL1601
1165;CHEMBL507674
1166;CHEMBL474579
1167;CHEMBL528
1168;CHEMBL1604
1169;CHEMBL1259
1170;CHEMBL185073
1171;CHEMBL1201206
1172;CHEMBL1201219
1173;CHEMBL515606
1174;CHEMBL315021
1175;CHEMBL305544
1176;CHEMBL431
1177;CHEMBL432162
1178;CHEMBL267894
1179;CHEMBL7863
1180;CHEMBL404422
1181;CHEMBL468837
1182;CHEMBL7728
1183;CHEMBL1234004
1184;CHEMBL1201151
1185;CHEMBL1290
1186;CHEMBL211456
1187;CHEMBL3249705
1188;CHEMBL887
1189;CHEMBL1200649
1190;CHEMBL3185220
1191;CHEMBL1650
1192;CHEMBL1697838
1193;CHEMBL1579
1194;CHEMBL45816
1195;CHEMBL1353
1196;CHEMBL15245
1197;CHEMBL264374
1198;CHEMBL107
1199;CHEMBL1509
1200;CHEMBL254219
1201;CHEMBL2106755
1202;CHEMBL154111
1203;CHEMBL278020
1204;CHEMBL1764
1205;CHEMBL277100
1206;CHEMBL1479
1207;CHEMBL49080
1208;CHEMBL521589
1209;CHEMBL1900528
1210;CHEMBL2040682
1211;CHEMBL21333
1212;CHEMBL1114
1213;CHEMBL186
1214;CHEMBL2110602
1215;CHEMBL1605
1216;CHEMBL397420
1217;CHEMBL345524
1218;CHEMBL1170
1219;CHEMBL1454910
1220;CHEMBL288470
1221;CHEMBL290194
1222;CHEMBL2357792
1223;CHEMBL12856
1224;CHEMBL1625
1225;CHEMBL1213033
1226;CHEMBL1183717
1227;CHEMBL3185133
1228;CHEMBL170179
1229;CHEMBL277474
1230;CHEMBL1601669
1231;CHEMBL1102
1232;CHEMBL1242
1233;CHEMBL2365680
1234;CHEMBL1342
1235;CHEMBL126506
1236;CHEMBL2106265
1237;CHEMBL416526
1238;CHEMBL459324
1239;CHEMBL43048
1240;CHEMBL1743203
1241;CHEMBL7010
1242;CHEMBL1712170
1243;CHEMBL278663
1244;CHEMBL2111152
1245;CHEMBL444
1246;CHEMBL12420
1247;CHEMBL279676
1248;CHEMBL290429
1249;CHEMBL274826
1250;CHEMBL292821
1251;CHEMBL209073
1252;CHEMBL13280
1253;CHEMBL281786
1254;CHEMBL1719398
1255;CHEMBL1595
1256;CHEMBL277062
1257;CHEMBL1697737
1258;CHEMBL1230438
1259;CHEMBL2361014
1260;CHEMBL455706
1261;CHEMBL1500
1262;CHEMBL13291
1263;CHEMBL2107419
1264;CHEMBL612
1265;CHEMBL1201201
1266;CHEMBL1615439
1267;CHEMBL546
1268;CHEMBL438
1269;CHEMBL446
1270;CHEMBL1551
1271;CHEMBL2104356
1272;CHEMBL969
1273;CHEMBL1200472
1274;CHEMBL1908360
1275;CHEMBL1734
1276;CHEMBL1201279
1277;CHEMBL13209
1278;CHEMBL766
1279;CHEMBL148
1280;CHEMBL608
1281;CHEMBL365795
1282;CHEMBL729
1283;CHEMBL404
1284;CHEMBL251940
1285;CHEMBL550348
1286;CHEMBL1201314
1287;CHEMBL1535
1288;CHEMBL3188202
1289;CHEMBL2107583
1290;CHEMBL39560
1291;CHEMBL2104054
1292;CHEMBL253371
1293;CHEMBL460
1294;CHEMBL278398
1295;CHEMBL1193
1296;CHEMBL398880
1297;CHEMBL609109
1298;CHEMBL1201
1299;CHEMBL53904
1300;CHEMBL1201232
1301;CHEMBL673
1302;CHEMBL1447
1303;CHEMBL416146
1304;CHEMBL54918
1305;CHEMBL1233506
1306;CHEMBL394429
1307;CHEMBL44
1308;CHEMBL603830
1309;CHEMBL52564
1310;CHEMBL193240
1311;CHEMBL3945401
1312;CHEMBL374107
1313;CHEMBL1432
1314;CHEMBL503160
1315;CHEMBL78455
1316;CHEMBL1231329
1317;CHEMBL1078685
1318;CHEMBL457530
1319;CHEMBL240719
1320;CHEMBL1232391
1321;CHEMBL1200861
1322;CHEMBL1161784
1323;CHEMBL226335
1324;CHEMBL483849
1325;CHEMBL1235981
1326;CHEMBL90593
1327;CHEMBL437508
1328;CHEMBL110674
1329;CHEMBL327715
1330;CHEMBL411084
1331;CHEMBL1941138
1332;CHEMBL383570
1333;CHEMBL146972
1334;CHEMBL504760
1335;CHEMBL343892
1336;CHEMBL1232258
1337;CHEMBL302715
1338;CHEMBL428495
1339;CHEMBL549748
1340;CHEMBL418052
1341;CHEMBL96852
1342;CHEMBL305178
1343;CHEMBL1230762
1344;CHEMBL1236188
1345;CHEMBL1200937
1346;CHEMBL92361
1347;CHEMBL1234619
1348;CHEMBL46148
1349;CHEMBL298312
1350;CHEMBL4244843
1351;CHEMBL7064
1352;CHEMBL1232673
1353;CHEMBL343480
1354;CHEMBL66693
1355;CHEMBL42126
1356;CHEMBL156987
1357;CHEMBL85860
1358;CHEMBL306380
1359;CHEMBL92636
1360;CHEMBL574817
1361;CHEMBL1235228
1362;CHEMBL1230658
1363;CHEMBL44833
1364;CHEMBL595439
1365;CHEMBL443732
1366;CHEMBL270527
1367;CHEMBL1234916
1368;CHEMBL594722
1369;CHEMBL268291
1370;CHEMBL150
1371;CHEMBL185097
1372;CHEMBL480329
1373;CHEMBL375951
1374;CHEMBL23552
1375;CHEMBL1204628
1376;CHEMBL261723
1377;CHEMBL96172
1378;CHEMBL90039
1379;CHEMBL145
1380;CHEMBL383705
1381;CHEMBL361348
1382;CHEMBL142348
1383;CHEMBL1237210
1384;CHEMBL1234640
1385;CHEMBL1235872
1386;CHEMBL436462
1387;CHEMBL46257
1388;CHEMBL18602
1389;CHEMBL1233953
1390;CHEMBL151604
1391;CHEMBL50267
1392;CHEMBL1236539
1393;CHEMBL288436
1394;CHEMBL116736
1395;CHEMBL1231358
1396;CHEMBL269264
1397;CHEMBL286678
1398;CHEMBL564912
1399;CHEMBL259850
1400;CHEMBL6367
1401;CHEMBL193156
1402;CHEMBL63
1403;CHEMBL171623
1404;CHEMBL239243
1405;CHEMBL329985
1406;CHEMBL258728
1407;CHEMBL286939
1408;CHEMBL20461
1409;CHEMBL283807
1410;CHEMBL104937
1411;CHEMBL195368
1412;CHEMBL1231592
1413;CHEMBL1213327
1414;CHEMBL15722
1415;CHEMBL479014
1416;CHEMBL328827
1417;CHEMBL34062
1418;CHEMBL120708
1419;CHEMBL388978
1420;CHEMBL1160567
1421;CHEMBL117869
1422;CHEMBL304858
1423;CHEMBL1231012
1424;CHEMBL63055
1425;CHEMBL84446
1426;CHEMBL227937
1427;CHEMBL1231797
1428;CHEMBL269634
1429;CHEMBL371197
1430;CHEMBL94809
1431;CHEMBL107251
1432;CHEMBL93687
1433;CHEMBL216543
1434;CHEMBL307782
1435;CHEMBL1235252
1436;CHEMBL276815
1437;CHEMBL1236268
1438;CHEMBL70176
1439;CHEMBL139423
1440;CHEMBL455477
1441;CHEMBL1213528
1442;CHEMBL1230513
1443;CHEMBL228077
1444;CHEMBL1235255
1445;CHEMBL347862
1446;CHEMBL1233085
1447;CHEMBL47302
1448;CHEMBL1235136
1449;CHEMBL326294
1450;CHEMBL329433
1451;CHEMBL95606
1452;CHEMBL1161861
1453;CHEMBL189464
1454;CHEMBL50514
1455;CHEMBL168276
1456;CHEMBL331373
1457;CHEMBL369251
1458;CHEMBL486422
1459;CHEMBL280074
1460;CHEMBL1552
1461;CHEMBL10413
1462;CHEMBL1424
1463;CHEMBL444422
1464;CHEMBL1235353
1465;CHEMBL72434
1466;CHEMBL1235900
1467;CHEMBL281948
1468;CHEMBL1160508
1469;CHEMBL332935
1470;CHEMBL280487
1471;CHEMBL270512
1472;CHEMBL7942
1473;CHEMBL477486
1474;CHEMBL323533
1475;CHEMBL1383
1476;CHEMBL73303
1477;CHEMBL60851
1478;CHEMBL1231470
1479;CHEMBL247378
1480;CHEMBL458616
1481;CHEMBL436947
1482;CHEMBL394875
1483;CHEMBL455333
1484;CHEMBL473922
1485;CHEMBL321691
1486;CHEMBL1235931
1487;CHEMBL119596
1488;CHEMBL19611
1489;CHEMBL77961
1490;CHEMBL1235246
1491;CHEMBL1235017
1492;CHEMBL1232918
1493;CHEMBL23588
1494;CHEMBL1190476
1495;CHEMBL1235151
1496;CHEMBL87277
1497;CHEMBL950
1498;CHEMBL471524
1499;CHEMBL277041
1500;CHEMBL1325592
1501;CHEMBL95097
1502;CHEMBL286738
1503;CHEMBL372396
1504;CHEMBL191632
1505;CHEMBL1200666
1506;CHEMBL395336
1507;CHEMBL335315
1508;CHEMBL371948
1509;CHEMBL499915
1510;CHEMBL362148
1511;CHEMBL319516
1512;CHEMBL407009
1513;CHEMBL299613
1514;CHEMBL109962
1515;CHEMBL594840
1516;CHEMBL1234370
1517;CHEMBL194009
1518;CHEMBL113194
1519;CHEMBL358064
1520;CHEMBL164
1521;CHEMBL1213470
1522;CHEMBL219568
1523;CHEMBL362592
1524;CHEMBL1614854
1525;CHEMBL1234777
1526;CHEMBL436
1527;CHEMBL40422
1528;CHEMBL437747
1529;CHEMBL1232589
1530;CHEMBL324168
1531;CHEMBL357217
1532;CHEMBL1231458
1533;CHEMBL269881
1534;CHEMBL220087
1535;CHEMBL426815
1536;CHEMBL278315
1537;CHEMBL325434
1538;CHEMBL223533
1539;CHEMBL357488
1540;CHEMBL396380
1541;CHEMBL611940
1542;CHEMBL107874
1543;CHEMBL91649
1544;CHEMBL490225
1545;CHEMBL363559
1546;CHEMBL1232997
1547;CHEMBL20767
1548;CHEMBL522
1549;CHEMBL95700
1550;CHEMBL109367
1551;CHEMBL46293
1552;CHEMBL1234647
1553;CHEMBL1233278
1554;CHEMBL1230674
1555;CHEMBL233209
1556;CHEMBL149502
1557;CHEMBL1235115
1558;CHEMBL1232920
1559;CHEMBL961
1560;CHEMBL303992
1561;CHEMBL316966
1562;CHEMBL96
1563;CHEMBL99842
1564;CHEMBL192966
1565;CHEMBL98
1566;CHEMBL1233001
1567;CHEMBL112953
1568;CHEMBL41342
1569;CHEMBL379630
1570;CHEMBL479579
1571;CHEMBL140000
1572;CHEMBL311300
1573;CHEMBL405730
1574;CHEMBL1088749
1575;CHEMBL429852
1576;CHEMBL32113
1577;CHEMBL184048
1578;CHEMBL52606
1579;CHEMBL66115
1580;CHEMBL132722
1581;CHEMBL331858
1582;CHEMBL1236003
1583;CHEMBL1232157
1584;CHEMBL180792
1585;CHEMBL93647
1586;CHEMBL404116
1587;CHEMBL139050
1588;CHEMBL1230662
1589;CHEMBL572528
1590;CHEMBL600828
1591;CHEMBL2135460
1592;CHEMBL32838
1593;CHEMBL324942
1594;CHEMBL1229656
1595;CHEMBL267048
1596;CHEMBL98350
1597;CHEMBL205596
1598;CHEMBL590754
1599;CHEMBL336908
1600;CHEMBL490866
1601;CHEMBL63859
1602;CHEMBL56279
1603;CHEMBL1231013
1604;CHEMBL123904
1605;CHEMBL1140
1606;CHEMBL374975
1607;CHEMBL165
1608;CHEMBL266497
1609;CHEMBL460741
1610;CHEMBL180300
1611;CHEMBL1234303
1612;CHEMBL135302
1613;CHEMBL18136
1614;CHEMBL47181
1615;CHEMBL308745
1616;CHEMBL155103
1617;CHEMBL23254
1618;CHEMBL582878
1619;CHEMBL309282
1620;CHEMBL1233851
1621;CHEMBL330572
1622;CHEMBL100259
1623;CHEMBL1045
1624;CHEMBL281593
1625;CHEMBL113690
1626;CHEMBL15967
1627;CHEMBL207225
1628;CHEMBL149603
1629;CHEMBL1232858
1630;CHEMBL253582
1631;CHEMBL379652
1632;CHEMBL1208309
1633;CHEMBL1180004
1634;CHEMBL253363
1635;CHEMBL21932
1636;CHEMBL460901
1637;CHEMBL256892
1638;CHEMBL121915
1639;CHEMBL1231652
1640;CHEMBL184410
1641;CHEMBL577144
1642;CHEMBL125386
1643;CHEMBL298445
1644;CHEMBL399598
1645;CHEMBL18591
1646;CHEMBL178130
1647;CHEMBL1235440
1648;CHEMBL123678
1649;CHEMBL1230604
1650;CHEMBL1232313
1651;CHEMBL80257
1652;CHEMBL85799
1653;CHEMBL375655
1654;CHEMBL1235782
1655;CHEMBL430266
1656;CHEMBL119489
1657;CHEMBL407632
1658;CHEMBL94417
1659;CHEMBL92277
1660;CHEMBL275311
1661;CHEMBL383208
1662;CHEMBL485652
1663;CHEMBL1230193
1664;CHEMBL383923
1665;CHEMBL1234268
1666;CHEMBL417656
1667;CHEMBL271591
1668;CHEMBL402001
1669;CHEMBL27769
1670;CHEMBL148732
1671;CHEMBL48109
1672;CHEMBL313842
1673;CHEMBL32190
1674;CHEMBL349803
1675;CHEMBL1233797
1676;CHEMBL131890
1677;CHEMBL63560
1678;CHEMBL551561
1679;CHEMBL1234162
1680;CHEMBL356752
1681;CHEMBL320358
1682;CHEMBL1230906
1683;CHEMBL90403
1684;CHEMBL3186422
1685;CHEMBL489798
1686;CHEMBL123132
1687;CHEMBL8211
1688;CHEMBL1231913
1689;CHEMBL29641
1690;CHEMBL62492
1691;CHEMBL323542
1692;CHEMBL1231644
1693;CHEMBL166444
1694;CHEMBL279956
1695;CHEMBL117651
1696;CHEMBL351769
1697;CHEMBL360376
1698;CHEMBL94657
1699;CHEMBL422668
1700;CHEMBL467754
1701;CHEMBL108766
1702;CHEMBL1231859
1703;CHEMBL371668
1704;CHEMBL1234479
1705;CHEMBL574060
1706;CHEMBL1234848
1707;CHEMBL228057
1708;CHEMBL103667
1709;CHEMBL321944
1710;CHEMBL593503
1711;CHEMBL267473
1712;CHEMBL174391
1713;CHEMBL1235999
1714;CHEMBL355497
1715;CHEMBL358850
1716;CHEMBL331057
1717;CHEMBL451855
1718;CHEMBL401843
1719;CHEMBL123978
1720;CHEMBL148630
1721;CHEMBL1231689
1722;CHEMBL104166
1723;CHEMBL489156
1724;CHEMBL252967
1725;CHEMBL252557
1726;CHEMBL354739
1727;CHEMBL397976
1728;CHEMBL1233349
1729;CHEMBL324951
1730;CHEMBL46486
1731;CHEMBL214205
1732;CHEMBL54277
1733;CHEMBL603367
1734;CHEMBL138806
1735;CHEMBL259724
1736;CHEMBL356002
1737;CHEMBL468154
1738;CHEMBL297569
1739;CHEMBL108877
1740;CHEMBL24811
1741;CHEMBL541253
1742;CHEMBL148756
1743;CHEMBL667
1744;CHEMBL1161789
1745;CHEMBL326082
1746;CHEMBL260629
1747;CHEMBL1232653
1748;CHEMBL1229914
1749;CHEMBL1161221
1750;CHEMBL96433
1751;CHEMBL539
1752;CHEMBL1235157
1753;CHEMBL64579
1754;CHEMBL14687
1755;CHEMBL41036
1756;CHEMBL125381
1757;CHEMBL401150
1758;CHEMBL46403
1759;CHEMBL1234283
1760;CHEMBL1160619
1761;CHEMBL171281
1762;CHEMBL67166
1763;CHEMBL307429
1764;CHEMBL443455
1765;CHEMBL93560
1766;CHEMBL335538
1767;CHEMBL292303
1768;CHEMBL116675
1769;CHEMBL1160597
1770;CHEMBL337577
1771;CHEMBL1232666
1772;CHEMBL1201794
1773;CHEMBL164138
1774;CHEMBL14060
1775;CHEMBL1232801
1776;CHEMBL353861
1777;CHEMBL120293
1778;CHEMBL358866
1779;CHEMBL291678
1780;CHEMBL1234363
1781;CHEMBL1234048
1782;CHEMBL1236157
1783;CHEMBL1231023
1784;CHEMBL334167
1785;CHEMBL1171433
1786;CHEMBL26128
1787;CHEMBL11471
1788;CHEMBL25186
1789;CHEMBL1372
1790;CHEMBL1232829
1791;CHEMBL31634
1792;CHEMBL559973
1793;CHEMBL453716
1794;CHEMBL1235541
1795;CHEMBL303934
1796;CHEMBL387347
1797;CHEMBL1233097
1798;CHEMBL254951
1799;CHEMBL83116
1800;CHEMBL1236251
1801;CHEMBL245079
1802;CHEMBL1230617
1803;CHEMBL151958
1804;CHEMBL540929
1805;CHEMBL127907
1806;CHEMBL540
1807;CHEMBL508461
1808;CHEMBL176467
1809;CHEMBL328139
1810;CHEMBL1236469
1811;CHEMBL1088324
1812;CHEMBL1235338
1813;CHEMBL99889
1814;CHEMBL1230309
1815;CHEMBL1233057
1816;CHEMBL410807
1817;CHEMBL300337
1818;CHEMBL388154
1819;CHEMBL279107
1820;CHEMBL307679
1821;CHEMBL460831
1822;CHEMBL9519
1823;CHEMBL566
1824;CHEMBL29292
1825;CHEMBL258805
1826;CHEMBL1234443
1827;CHEMBL130266
1828;CHEMBL409450
1829;CHEMBL293212
1830;CHEMBL432600
1831;CHEMBL419362
1832;CHEMBL504802
1833;CHEMBL295069
1834;CHEMBL81273
1835;CHEMBL9352
1836;CHEMBL26717
1837;CHEMBL1235806
1838;CHEMBL593791
1839;CHEMBL220467
1840;CHEMBL609880
1841;CHEMBL1164951
1842;CHEMBL1234009
1843;CHEMBL1232205
1844;CHEMBL1233515
1845;CHEMBL428690
1846;CHEMBL225986
1847;CHEMBL439009
1848;CHEMBL112896
1849;CHEMBL225546
1850;CHEMBL355200
1851;CHEMBL38434
1852;CHEMBL358860
1853;CHEMBL79993
1854;CHEMBL389051
1855;CHEMBL1232501
1856;CHEMBL1162495
1857;CHEMBL1173
1858;CHEMBL62807
1859;CHEMBL46778
1860;CHEMBL1159973
1861;CHEMBL19612
1862;CHEMBL14227
1863;CHEMBL275528
1864;CHEMBL1186230
1865;CHEMBL1228
1866;CHEMBL170721
1867;CHEMBL1232181
1868;CHEMBL1160756
1869;CHEMBL1232939
1870;CHEMBL15571
1871;CHEMBL433921
1872;CHEMBL107498
1873;CHEMBL41632
1874;CHEMBL325795
1875;CHEMBL35241
1876;CHEMBL73502
1877;CHEMBL295971
1878;CHEMBL2448537
1879;CHEMBL221572
1880;CHEMBL406393
1881;CHEMBL1231240
1882;CHEMBL248643
1883;CHEMBL94277
1884;CHEMBL284362
1885;CHEMBL197199
1886;CHEMBL86954
1887;CHEMBL286364
1888;CHEMBL433501
1889;CHEMBL328944
1890;CHEMBL134529
1891;CHEMBL272690
1892;CHEMBL257695
1893;CHEMBL139393
1894;CHEMBL215344
1895;CHEMBL1236302
1896;CHEMBL67158
1897;CHEMBL214393
1898;CHEMBL489157
1899;CHEMBL7492
1900;CHEMBL225111
1901;CHEMBL331282
1902;CHEMBL281594
1903;CHEMBL32010
1904;CHEMBL55068
1905;CHEMBL451666
1906;CHEMBL572546
1907;CHEMBL432359
1908;CHEMBL1513348
1909;CHEMBL1234621
1910;CHEMBL125200
1911;CHEMBL96862
1912;CHEMBL126589
1913;CHEMBL354634
1914;CHEMBL1234669
1915;CHEMBL304552
1916;CHEMBL257158
1917;CHEMBL360563
1918;CHEMBL1200391
1919;CHEMBL367149
1920;CHEMBL414883
1921;CHEMBL155265
1922;CHEMBL1235647
1923;CHEMBL582887
1924;CHEMBL14021
1925;CHEMBL153813
1926;CHEMBL1095280
1927;CHEMBL7463
1928;CHEMBL16073
1929;CHEMBL86554
1930;CHEMBL59030
1931;CHEMBL1236704
1932;CHEMBL541
1933;CHEMBL82293
1934;CHEMBL211312
1935;CHEMBL519827
1936;CHEMBL109612
1937;CHEMBL1234276
1938;CHEMBL26828
1939;CHEMBL421138
1940;CHEMBL1234930
1941;CHEMBL593335
1942;CHEMBL222649
1943;CHEMBL1076637
1944;CHEMBL169526
1945;CHEMBL38397
1946;CHEMBL511115
1947;CHEMBL185595
1948;CHEMBL222838
1949;CHEMBL1222035
1950;CHEMBL1234282
1951;CHEMBL279786
1952;CHEMBL316048
1953;CHEMBL1162488
1954;CHEMBL115357
1955;CHEMBL1235738
1956;CHEMBL1230191
1957;CHEMBL112834
1958;CHEMBL16502
1959;CHEMBL146755
1960;CHEMBL985
1961;CHEMBL133463
1962;CHEMBL107201
1963;CHEMBL418471
1964;CHEMBL261454
1965;CHEMBL572879
1966;CHEMBL285123
1967;CHEMBL1232448
1968;CHEMBL15976
1969;CHEMBL1235161
1970;CHEMBL93247
1971;CHEMBL84844
1972;CHEMBL106187
1973;CHEMBL589752
1974;CHEMBL144888
1975;CHEMBL1234168
1976;CHEMBL590753
1977;CHEMBL64934
1978;CHEMBL36245
1979;CHEMBL96712
1980;CHEMBL104943
1981;CHEMBL333964
1982;CHEMBL342478
1983;CHEMBL119084
1984;CHEMBL336296
1985;CHEMBL189607
1986;CHEMBL134022
1987;CHEMBL133097
1988;CHEMBL50894
1989;CHEMBL8706
1990;CHEMBL483091
1991;CHEMBL346455
1992;CHEMBL212301
1993;CHEMBL326611
1994;CHEMBL326651
1995;CHEMBL103043
1996;CHEMBL45844
1997;CHEMBL66879
1998;CHEMBL1235132
1999;CHEMBL146554
2000;CHEMBL1427
2001;CHEMBL78794
2002;CHEMBL273822
2003;CHEMBL325029
2004;CHEMBL1235676
2005;CHEMBL307747
2006;CHEMBL1231801
2007;CHEMBL43719
2008;CHEMBL1232817
2009;CHEMBL483716
2010;CHEMBL295124
2011;CHEMBL104815
2012;CHEMBL122005
2013;CHEMBL345292
2014;CHEMBL1234081
2015;CHEMBL1233147
2016;CHEMBL7390
2017;CHEMBL1233973
2018;CHEMBL430893
2019;CHEMBL1233327
2020;CHEMBL28472
2021;CHEMBL100239
2022;CHEMBL14173
2023;CHEMBL212616
2024;CHEMBL31344
2025;CHEMBL55612
2026;CHEMBL141247
2027;CHEMBL417844
2028;CHEMBL1222017
2029;CHEMBL425148
2030;CHEMBL1161222
2031;CHEMBL333826
2032;CHEMBL1231909
2033;CHEMBL24231
2034;CHEMBL48608
2035;CHEMBL50
2036;CHEMBL115824
2037;CHEMBL227744
2038;CHEMBL460657
2039;CHEMBL1161253
2040;CHEMBL139908
2041;CHEMBL23330
2042;CHEMBL109822
2043;CHEMBL257626
2044;CHEMBL1908376
2045;CHEMBL236708
2046;CHEMBL215226
2047;CHEMBL342672
2048;CHEMBL86658
2049;CHEMBL506972
2050;CHEMBL1261
2051;CHEMBL38681
2052;CHEMBL33103
2053;CHEMBL1086863
2054;CHEMBL1084102
2055;CHEMBL150261
2056;CHEMBL489799
2057;CHEMBL99
2058;CHEMBL539648
2059;CHEMBL83547
2060;CHEMBL371428
2061;CHEMBL308333
2062;CHEMBL79512
2063;CHEMBL1232182
2064;CHEMBL384759
2065;CHEMBL610
2066;CHEMBL1161998
2067;CHEMBL254432
2068;CHEMBL1556
2069;CHEMBL274064
2070;CHEMBL396416
2071;CHEMBL1162545
2072;CHEMBL224867
2073;CHEMBL445236
2074;CHEMBL1235722
2075;CHEMBL367746
2076;CHEMBL7303
2077;CHEMBL255465
2078;CHEMBL431210
2079;CHEMBL1235429
2080;CHEMBL50444
2081;CHEMBL1086445
2082;CHEMBL1231778
2083;CHEMBL121291
2084;CHEMBL52011
2085;CHEMBL1200559
2086;CHEMBL1230969
2087;CHEMBL47590
2088;CHEMBL276864
2089;CHEMBL14130
2090;CHEMBL48046
2091;CHEMBL1236909
2092;CHEMBL1399702
2093;CHEMBL1233307
2094;CHEMBL406270
2095;CHEMBL553426
2096;CHEMBL24983
2097;CHEMBL1231891
2098;CHEMBL177820
2099;CHEMBL458767
2100;CHEMBL489
2101;CHEMBL64676
2102;CHEMBL285527
2103;CHEMBL90488
2104;CHEMBL121790
2105;CHEMBL52609
2106;CHEMBL25826
2107;CHEMBL326523
2108;CHEMBL1160563
2109;CHEMBL97355
2110;CHEMBL41631
2111;CHEMBL47527
2112;CHEMBL324846
2113;CHEMBL284377
2114;CHEMBL92567
2115;CHEMBL175198
2116;CHEMBL63130
2117;CHEMBL165372
2118;CHEMBL112570
2119;CHEMBL592878
2120;CHEMBL66907
2121;CHEMBL97893
2122;CHEMBL63323
2123;CHEMBL15594
2124;CHEMBL323202
2125;CHEMBL1236394
2126;CHEMBL1200829
2127;CHEMBL1207374
2128;CHEMBL671
2129;CHEMBL193482
2130;CHEMBL494753
2131;CHEMBL1201165
2132;CHEMBL6273
2133;CHEMBL382127
2134;CHEMBL381806
2135;CHEMBL14192
2136;CHEMBL203836
2137;CHEMBL200255
2138;CHEMBL556937
2139;CHEMBL36994
2140;CHEMBL108483
2141;CHEMBL430879
2142;CHEMBL99203
2143;CHEMBL182260
2144;CHEMBL214253
2145;CHEMBL1230661
2146;CHEMBL1082738
2147;CHEMBL295830
2148;CHEMBL1230893
2149;CHEMBL273453
2150;CHEMBL197277
2151;CHEMBL480626
2152;CHEMBL110739
2153;CHEMBL72006
2154;CHEMBL264373
2155;CHEMBL1231667
2156;CHEMBL1567463
2157;CHEMBL1094304
2158;CHEMBL6466
2159;CHEMBL403328
2160;CHEMBL1232243
2161;CHEMBL1232343
2162;CHEMBL503075
2163;CHEMBL209720
2164;CHEMBL201880
2165;CHEMBL65
2166;CHEMBL1233129
2167;CHEMBL449317
2168;CHEMBL1233300
2169;CHEMBL1165268
2170;CHEMBL356362
2171;CHEMBL200528
2172;CHEMBL21156
2173;CHEMBL376505
2174;CHEMBL222476
2175;CHEMBL446435
2176;CHEMBL300982
2177;CHEMBL194911
2178;CHEMBL258208
2179;CHEMBL430145
2180;CHEMBL56904
2181;CHEMBL454568
2182;CHEMBL56367
2183;CHEMBL23327
2184;CHEMBL511942
2185;CHEMBL514794
2186;CHEMBL468900
2187;CHEMBL1184499
2188;CHEMBL568150
2189;CHEMBL1235702
2190;CHEMBL1205948
2191;CHEMBL1615234
2192;CHEMBL265502
2193;CHEMBL539163
2194;CHEMBL1221561
2195;CHEMBL277535
2196;CHEMBL1236433
2197;CHEMBL2105107
2198;CHEMBL194322
2199;CHEMBL29024
2200;CHEMBL1236642
2201;CHEMBL1236684
2202;CHEMBL53418
2203;CHEMBL461522
2204;CHEMBL92401
2205;CHEMBL1256841
2206;CHEMBL273575
2207;CHEMBL63857
2208;CHEMBL24072
2209;CHEMBL462547
2210;CHEMBL19490
2211;CHEMBL263881
2212;CHEMBL39736
2213;CHEMBL267744
2214;CHEMBL37744
2215;CHEMBL282052
2216;CHEMBL1201187
2217;CHEMBL418995
2218;CHEMBL1201313
2219;CHEMBL1480987
2220;CHEMBL139835
2221;CHEMBL169901
2222;CHEMBL30008
2223;CHEMBL46516
2224;CHEMBL524004
2225;CHEMBL117785
2226;CHEMBL1201752
2227;CHEMBL27810
2228;CHEMBL2338329
2229;CHEMBL491473
2230;CHEMBL131854
2231;CHEMBL350775
2232;CHEMBL2105804
2233;CHEMBL1950554
2234;CHEMBL1164729
2235;CHEMBL184412
2236;CHEMBL550781
2237;CHEMBL2104184
2238;CHEMBL50882
2239;CHEMBL75013
2240;CHEMBL2105116
2241;CHEMBL434394
2242;CHEMBL2105032
2243;CHEMBL395280
2244;CHEMBL46286
2245;CHEMBL1199540
2246;CHEMBL249973
2247;CHEMBL255863
2248;CHEMBL207197
2249;CHEMBL360328
2250;CHEMBL346178
2251;CHEMBL356359
2252;CHEMBL437526
2253;CHEMBL142703
2254;CHEMBL445022
2255;CHEMBL476960
2256;CHEMBL101253
2257;CHEMBL249856
2258;CHEMBL396298
2259;CHEMBL435191
2260;CHEMBL23261
2261;CHEMBL2110900
2262;CHEMBL2103778
2263;CHEMBL267447
2264;CHEMBL218166
2265;CHEMBL511099
2266;CHEMBL1201758
2267;CHEMBL2104955
2268;CHEMBL74926
2269;CHEMBL3349523
2270;CHEMBL259209
2271;CHEMBL522038
2272;CHEMBL1201668
2273;CHEMBL2104745
2274;CHEMBL26424
2275;CHEMBL231068
2276;CHEMBL1087630
2277;CHEMBL1688530
2278;CHEMBL1957038
2279;CHEMBL1237132
2280;CHEMBL2107457
2281;CHEMBL2110954
2282;CHEMBL1525
2283;CHEMBL441738
2284;CHEMBL2108396
2285;CHEMBL501259
2286;CHEMBL236297
2287;CHEMBL2105395
2288;CHEMBL2108184
2289;CHEMBL25202
2290;CHEMBL14376
2291;CHEMBL17860
2292;CHEMBL1256391
2293;CHEMBL41355
2294;CHEMBL392149
2295;CHEMBL289228
2296;CHEMBL359164
2297;CHEMBL279014
2298;CHEMBL2105051
2299;CHEMBL293526
2300;CHEMBL2111086
2301;CHEMBL269259
2302;CHEMBL117391
2303;CHEMBL451930
2304;CHEMBL61872
2305;CHEMBL507282
2306;CHEMBL146428
2307;CHEMBL1950649
2308;CHEMBL112797
2309;CHEMBL1863513
2310;CHEMBL408513
2311;CHEMBL256997
2312;CHEMBL110458
2313;CHEMBL428676
2314;CHEMBL2103920
2315;CHEMBL2035874
2316;CHEMBL2107725
2317;CHEMBL1095777
2318;CHEMBL1697744
2319;CHEMBL403989
2320;CHEMBL7301
2321;CHEMBL4084894
2322;CHEMBL1568698
2323;CHEMBL435381
2324;CHEMBL1190199
2325;CHEMBL445472
2326;CHEMBL450449
2327;CHEMBL2104981
2328;CHEMBL2106409
2329;CHEMBL109480
2330;CHEMBL122270
2331;CHEMBL227875
2332;CHEMBL3039521
2333;CHEMBL1224151
2334;CHEMBL3707395
2335;CHEMBL1441961
2336;CHEMBL484785
2337;CHEMBL483158
2338;CHEMBL1851943
2339;CHEMBL1207745
2340;CHEMBL467888
2341;CHEMBL2146883
2342;CHEMBL697
2343;CHEMBL37932
2344;CHEMBL2105694
2345;CHEMBL1198855
2346;CHEMBL1201507
2347;CHEMBL1200983
2348;CHEMBL859
2349;CHEMBL2104585
2350;CHEMBL19449
2351;CHEMBL1303
2352;CHEMBL190083
2353;CHEMBL24828
2354;CHEMBL332750
2355;CHEMBL1201837
2356;CHEMBL2111101
2357;CHEMBL334830
2358;CHEMBL1201832
2359;CHEMBL3187683
2360;CHEMBL1201863
2361;CHEMBL90
2362;CHEMBL1201225
2363;CHEMBL225304
2364;CHEMBL3707387
2365;CHEMBL1193948
2366;CHEMBL83626
2367;CHEMBL432521
2368;CHEMBL197672
2369;CHEMBL514201
2370;CHEMBL38943
2371;CHEMBL319118
2372;CHEMBL294144
2373;CHEMBL31965
2374;CHEMBL73148
2375;CHEMBL386115
2376;CHEMBL2107614
2377;CHEMBL406050
2378;CHEMBL127071
2379;CHEMBL2110585
2380;CHEMBL124660
2381;CHEMBL1090090
2382;CHEMBL2103812
2383;CHEMBL3989658
2384;CHEMBL837
2385;CHEMBL1236924
2386;CHEMBL609728
2387;CHEMBL2105665
2388;CHEMBL4297318
2389;CHEMBL518924
2390;CHEMBL119709
2391;CHEMBL103735
2392;CHEMBL2103799
2393;CHEMBL259771
2394;CHEMBL231813
2395;CHEMBL607707
2396;CHEMBL238103
2397;CHEMBL452715
2398;CHEMBL607400
2399;CHEMBL2103858
2400;CHEMBL230011
2401;CHEMBL1162175
2402;CHEMBL209821
2403;CHEMBL1743062
2404;CHEMBL2111083
2405;CHEMBL2079699
2406;CHEMBL295698
2407;CHEMBL889
2408;CHEMBL514800
2409;CHEMBL1201835
2410;CHEMBL180672
2411;CHEMBL3249110
2412;CHEMBL134713
2413;CHEMBL1182997
2414;CHEMBL1271162
2415;CHEMBL2105659
2416;CHEMBL186141
2417;CHEMBL1743082
2418;CHEMBL89241
2419;CHEMBL118218
2420;CHEMBL259898
2421;CHEMBL1997373
2422;CHEMBL254328
2423;CHEMBL41306
2424;CHEMBL332447
2425;CHEMBL132966
2426;CHEMBL3527358
2427;CHEMBL173373
2428;CHEMBL1651026
2429;CHEMBL3918017
2430;CHEMBL2059590
2431;CHEMBL1614710
2432;CHEMBL522892
2433;CHEMBL2111088
2434;CHEMBL260933
2435;CHEMBL456145
2436;CHEMBL225157
2437;CHEMBL2103842
2438;CHEMBL3545349
2439;CHEMBL1080759
2440;CHEMBL168640
2441;CHEMBL592374
2442;CHEMBL296468
2443;CHEMBL1762621
2444;CHEMBL558752
2445;CHEMBL566315
2446;CHEMBL1096380
2447;CHEMBL1743028
2448;CHEMBL2107818
2449;CHEMBL2028019
2450;CHEMBL2347655
2451;CHEMBL1743049
2452;CHEMBL2109410
2453;CHEMBL3182621
2454;CHEMBL1195136
2455;CHEMBL1091644
2456;CHEMBL3306803
2457;CHEMBL223360
2458;CHEMBL4061538
2459;CHEMBL259571
2460;CHEMBL3989949
2461;CHEMBL128748
2462;CHEMBL482767
2463;CHEMBL571546
2464;CHEMBL4117187
2465;CHEMBL12713
2466;CHEMBL437
2467;CHEMBL6437
2468;CHEMBL62193
2469;CHEMBL600
2470;CHEMBL114655
2471;CHEMBL294951
2472;CHEMBL466659
2473;CHEMBL111
2474;CHEMBL3989690
2475;CHEMBL2093999
2476;CHEMBL77305
2477;CHEMBL215303
2478;CHEMBL1201834
2479;CHEMBL364713
2480;CHEMBL343448
2481;CHEMBL218291
2482;CHEMBL1789844
2483;CHEMBL208427
2484;CHEMBL444172
2485;CHEMBL14762
2486;CHEMBL2028850
2487;CHEMBL9194
2488;CHEMBL1201754
2489;CHEMBL328190
2490;CHEMBL376359
2491;CHEMBL1201776
2492;CHEMBL24778
2493;CHEMBL1201772
2494;CHEMBL461101
2495;CHEMBL491571
2496;CHEMBL344159
2497;CHEMBL317052
2498;CHEMBL3187365
2499;CHEMBL2111112
2500;CHEMBL58323
2501;CHEMBL198362
2502;CHEMBL2104619
2503;CHEMBL982
2504;CHEMBL2106572
2505;CHEMBL2103839
2506;CHEMBL515408
2507;CHEMBL71263
2508;CHEMBL1963681
2509;CHEMBL348475
2510;CHEMBL830
2511;CHEMBL488025
2512;CHEMBL136800
2513;CHEMBL1742420
2514;CHEMBL226267
2515;CHEMBL53950
2516;CHEMBL2104595
2517;CHEMBL2103827
2518;CHEMBL1186894
2519;CHEMBL1076211
2520;CHEMBL1257030
2521;CHEMBL2103849
2522;CHEMBL282724
2523;CHEMBL2108086
2524;CHEMBL1237022
2525;CHEMBL270190
2526;CHEMBL479527
2527;CHEMBL1201191
2528;CHEMBL4594214
2529;CHEMBL525610
2530;CHEMBL1201182
2531;CHEMBL243712
2532;CHEMBL501849
2533;CHEMBL429910
2534;CHEMBL204021
2535;CHEMBL1236107
2536;CHEMBL1743010
2537;CHEMBL508583
2538;CHEMBL385517
2539;CHEMBL436774
2540;CHEMBL1922660
2541;CHEMBL1614709
2542;CHEMBL2103828
2543;CHEMBL14935
2544;CHEMBL134561
2545;CHEMBL2107313
2546;CHEMBL2007641
2547;CHEMBL203665
2548;CHEMBL77517
2549;CHEMBL1201830
2550;CHEMBL1512580
2551;CHEMBL46740
2552;CHEMBL1111
2553;CHEMBL2111108
2554;CHEMBL1330
2555;CHEMBL1200810
2556;CHEMBL1200585
2557;CHEMBL1201192
2558;CHEMBL308954
2559;CHEMBL3989904
2560;CHEMBL1618378
2561;CHEMBL2107465
2562;CHEMBL275544
2563;CHEMBL2105467
2564;CHEMBL276711
2565;CHEMBL1201548
2566;CHEMBL334966
2567;CHEMBL101309
2568;CHEMBL334533
2569;CHEMBL2106316
2570;CHEMBL298734
2571;CHEMBL220808
2572;CHEMBL61301
2573;CHEMBL25843
2574;CHEMBL431651
2575;CHEMBL436559
2576;CHEMBL175105
2577;CHEMBL315795
2578;CHEMBL2107805
2579;CHEMBL3085474
2580;CHEMBL419792
2581;CHEMBL521078
2582;CHEMBL1079905
2583;CHEMBL117287
2584;CHEMBL300138
2585;CHEMBL22055
2586;CHEMBL1255794
2587;CHEMBL1614652
2588;CHEMBL186179
2589;CHEMBL2104698
2590;CHEMBL17976
2591;CHEMBL1230122
2592;CHEMBL184041
2593;CHEMBL121810
2594;CHEMBL383322
2595;CHEMBL24683
2596;CHEMBL282686
2597;CHEMBL1628569
2598;CHEMBL1255871
2599;CHEMBL319144
2600;CHEMBL2105864
2601;CHEMBL312443
2602;CHEMBL61780
2603;CHEMBL2103825
2604;CHEMBL2110756
2605;CHEMBL477772
2606;CHEMBL10878
2607;CHEMBL608533
2608;CHEMBL1213456
2609;CHEMBL483254
2610;CHEMBL231779
2611;CHEMBL298470
2612;CHEMBL288441
2613;CHEMBL255044
2614;CHEMBL1289926
2615;CHEMBL1672054
2616;CHEMBL46618
2617;CHEMBL1183349
2618;CHEMBL284348
2619;CHEMBL372764
2620;CHEMBL1237023
2621;CHEMBL1201836
2622;CHEMBL82301
2623;CHEMBL396778
2624;CHEMBL4524066
2625;CHEMBL308148
2626;CHEMBL3349607
2627;CHEMBL481611
2628;CHEMBL1201833
2629;CHEMBL109648
2630;CHEMBL1366933
2631;CHEMBL267431
2632;CHEMBL1742990
2633;CHEMBL439849
2634;CHEMBL66092
2635;CHEMBL1237024
2636;CHEMBL3989529
2637;CHEMBL511
2638;CHEMBL1201619
2639;CHEMBL54440
2640;CHEMBL312448
2641;CHEMBL539697
2642;CHEMBL566534
2643;CHEMBL24441
2644;CHEMBL415606
2645;CHEMBL1118
2646;CHEMBL827
2647;CHEMBL1201764
2648;CHEMBL818
2649;CHEMBL1908362
2650;CHEMBL1697841
2651;CHEMBL38827
2652;CHEMBL978
2653;CHEMBL1395
2654;CHEMBL761
2655;CHEMBL517427
2656;CHEMBL1200807
2657;CHEMBL2105275
2658;CHEMBL1201766
2659;CHEMBL1199324
2660;CHEMBL2079587
2661;CHEMBL2110824
2662;CHEMBL1201865
2663;CHEMBL113051
2664;CHEMBL1569487
2665;CHEMBL296035
2666;CHEMBL1908847
2667;CHEMBL538
2668;CHEMBL1109
2669;CHEMBL1213583
2670;CHEMBL465123
2671;CHEMBL26260
2672;CHEMBL290814
2673;CHEMBL954
2674;CHEMBL93645
2675;CHEMBL1765291
2676;CHEMBL47072
2677;CHEMBL70972
2678;CHEMBL44793
2679;CHEMBL153479
2680;CHEMBL501515
2681;CHEMBL501637
2682;CHEMBL551978
2683;CHEMBL1201626
2684;CHEMBL1293
2685;CHEMBL1182
2686;CHEMBL2103742
2687;CHEMBL1159
2688;CHEMBL1201747
2689;CHEMBL487253
2690;CHEMBL720
2691;CHEMBL1201760
2692;CHEMBL1201748
2693;CHEMBL294199
2694;CHEMBL1201780
2695;CHEMBL240597
2696;CHEMBL604
2697;CHEMBL1200542
2698;CHEMBL1201749
2699;CHEMBL1597
2700;CHEMBL1200994
2701;CHEMBL1251
2702;CHEMBL1200845
2703;CHEMBL1201325
2704;CHEMBL1201255
2705;CHEMBL1200848
2706;CHEMBL1201185
2707;CHEMBL419
2708;CHEMBL1186579
2709;CHEMBL1021
2710;CHEMBL1448
2711;CHEMBL1410
2712;CHEMBL18442
2713;CHEMBL1201746
2714;CHEMBL1201273
2715;CHEMBL254316
2716;CHEMBL1469
2717;CHEMBL1221
2718;CHEMBL1314
2719;CHEMBL1201334
2720;CHEMBL243940
2721;CHEMBL55264
2722;CHEMBL1213083
2723;CHEMBL450940
2724;CHEMBL478524
2725;CHEMBL1229525
2726;CHEMBL1229535
2727;CHEMBL8943
2728;CHEMBL51969
2729;CHEMBL1229585
2730;CHEMBL377312
2731;CHEMBL62836
2732;CHEMBL62897
2733;CHEMBL123440
2734;CHEMBL1229677
2735;CHEMBL42039
2736;CHEMBL192154
2737;CHEMBL219841
2738;CHEMBL1198130
2739;CHEMBL522387
2740;CHEMBL87580
2741;CHEMBL203517
2742;CHEMBL71611
2743;CHEMBL24722
2744;CHEMBL509101
2745;CHEMBL490814
2746;CHEMBL194805
2747;CHEMBL1229789
2748;CHEMBL521203
2749;CHEMBL1229801
2750;CHEMBL495072
2751;CHEMBL376632
2752;CHEMBL321130
2753;CHEMBL476186
2754;CHEMBL407567
2755;CHEMBL385937
2756;CHEMBL451721
2757;CHEMBL184151
2758;CHEMBL1198191
2759;CHEMBL217068
2760;CHEMBL110971
2761;CHEMBL235157
2762;CHEMBL250409
2763;CHEMBL122055
2764;CHEMBL1229851
2765;CHEMBL360410
2766;CHEMBL394826
2767;CHEMBL1229855
2768;CHEMBL252128
2769;CHEMBL1198147
2770;CHEMBL243024
2771;CHEMBL115220
2772;CHEMBL1229868
2773;CHEMBL1198148
2774;CHEMBL122264
2775;CHEMBL476937
2776;CHEMBL200469
2777;CHEMBL208239
2778;CHEMBL207701
2779;CHEMBL398346
2780;CHEMBL255590
2781;CHEMBL252124
2782;CHEMBL563327
2783;CHEMBL200435
2784;CHEMBL232942
2785;CHEMBL418971
2786;CHEMBL359020
2787;CHEMBL400520
2788;CHEMBL1230001
2789;CHEMBL386015
2790;CHEMBL1230004
2791;CHEMBL379000
2792;CHEMBL1213412
2793;CHEMBL258202
2794;CHEMBL406572
2795;CHEMBL1185242
2796;CHEMBL527066
2797;CHEMBL1230016
2798;CHEMBL503090
2799;CHEMBL1230020
2800;CHEMBL1230023
2801;CHEMBL114500
2802;CHEMBL1221702
2803;CHEMBL512341
2804;CHEMBL243978
2805;CHEMBL185918
2806;CHEMBL220320
2807;CHEMBL232827
2808;CHEMBL236573
2809;CHEMBL456218
2810;CHEMBL1230044
2811;CHEMBL455907
2812;CHEMBL1230051
2813;CHEMBL1194345
2814;CHEMBL232557
2815;CHEMBL221735
2816;CHEMBL390674
2817;CHEMBL241577
2818;CHEMBL367588
2819;CHEMBL236720
2820;CHEMBL516357
2821;CHEMBL573819
2822;CHEMBL123154
2823;CHEMBL427896
2824;CHEMBL73962
2825;CHEMBL200495
2826;CHEMBL495597
2827;CHEMBL240355
2828;CHEMBL1230144
2829;CHEMBL363387
2830;CHEMBL205786
2831;CHEMBL374936
2832;CHEMBL447627
2833;CHEMBL202609
2834;CHEMBL233360
2835;CHEMBL469099
2836;CHEMBL221181
2837;CHEMBL111575
2838;CHEMBL202930
2839;CHEMBL402747
2840;CHEMBL62136
2841;CHEMBL250787
2842;CHEMBL490730
2843;CHEMBL193676
2844;CHEMBL391087
2845;CHEMBL437557
2846;CHEMBL159820
2847;CHEMBL1198650
2848;CHEMBL338790
2849;CHEMBL380888
2850;CHEMBL507361
2851;CHEMBL1230270
2852;CHEMBL383541
2853;CHEMBL106708
2854;CHEMBL144527
2855;CHEMBL509064
2856;CHEMBL364092
2857;CHEMBL202839
2858;CHEMBL319467
2859;CHEMBL380589
2860;CHEMBL147507
2861;CHEMBL213758
2862;CHEMBL1198138
2863;CHEMBL394484
2864;CHEMBL400841
2865;CHEMBL119385
2866;CHEMBL459177
2867;CHEMBL575218
2868;CHEMBL576960
2869;CHEMBL116597
2870;CHEMBL573077
2871;CHEMBL148169
2872;CHEMBL392990
2873;CHEMBL410462
2874;CHEMBL524266
2875;CHEMBL395308
2876;CHEMBL519939
2877;CHEMBL385711
2878;CHEMBL263143
2879;CHEMBL475251
2880;CHEMBL500779
2881;CHEMBL480411
2882;CHEMBL82767
2883;CHEMBL525194
2884;CHEMBL400754
2885;CHEMBL66280
2886;CHEMBL400431
2887;CHEMBL469117
2888;CHEMBL589370
2889;CHEMBL249334
2890;CHEMBL452289
2891;CHEMBL385178
2892;CHEMBL240725
2893;CHEMBL1198500
2894;CHEMBL1197118
2895;CHEMBL512172
2896;CHEMBL214502
2897;CHEMBL363498
2898;CHEMBL257705
2899;CHEMBL341273
2900;CHEMBL207496
2901;CHEMBL221118
2902;CHEMBL204997
2903;CHEMBL401377
2904;CHEMBL391640
2905;CHEMBL374713
2906;CHEMBL219586
2907;CHEMBL372164
2908;CHEMBL234838
2909;CHEMBL207228
2910;CHEMBL258040
2911;CHEMBL262103
2912;CHEMBL279433
2913;CHEMBL190467
2914;CHEMBL506871
2915;CHEMBL527018
2916;CHEMBL466496
2917;CHEMBL213618
2918;CHEMBL187105
2919;CHEMBL272114
2920;CHEMBL33468
2921;CHEMBL230153
2922;CHEMBL221170
2923;CHEMBL205098
2924;CHEMBL169186
2925;CHEMBL256725
2926;CHEMBL403673
2927;CHEMBL257553
2928;CHEMBL445162
2929;CHEMBL496574
2930;CHEMBL255874
2931;CHEMBL500724
2932;CHEMBL316053
2933;CHEMBL387385
2934;CHEMBL462170
2935;CHEMBL223147
2936;CHEMBL570533
2937;CHEMBL242237
2938;CHEMBL205792
2939;CHEMBL230910
2940;CHEMBL382639
2941;CHEMBL272198
2942;CHEMBL209740
2943;CHEMBL391737
2944;CHEMBL220050
2945;CHEMBL1230612
2946;CHEMBL216697
2947;CHEMBL435747
2948;CHEMBL452596
2949;CHEMBL220346
2950;CHEMBL229264
2951;CHEMBL101683
2952;CHEMBL243731
2953;CHEMBL305785
2954;CHEMBL247272
2955;CHEMBL571159
2956;CHEMBL1230670
2957;CHEMBL220396
2958;CHEMBL1221660
2959;CHEMBL492265
2960;CHEMBL212522
2961;CHEMBL218006
2962;CHEMBL223512
2963;CHEMBL207095
2964;CHEMBL378927
2965;CHEMBL207994
2966;CHEMBL453620
2967;CHEMBL486921
2968;CHEMBL242737
2969;CHEMBL1230742
2970;CHEMBL380394
2971;CHEMBL491429
2972;CHEMBL1230763
2973;CHEMBL452800
2974;CHEMBL194176
2975;CHEMBL1230790
2976;CHEMBL188343
2977;CHEMBL404150
2978;CHEMBL255750
2979;CHEMBL1096339
2980;CHEMBL19980
2981;CHEMBL12760
2982;CHEMBL489514
2983;CHEMBL551043
2984;CHEMBL472193
2985;CHEMBL75680
2986;CHEMBL186483
2987;CHEMBL423192
2988;CHEMBL352764
2989;CHEMBL420671
2990;CHEMBL1221659
2991;CHEMBL249847
2992;CHEMBL230001
2993;CHEMBL1231132
2994;CHEMBL447183
2995;CHEMBL411274
2996;CHEMBL257036
2997;CHEMBL512283
2998;CHEMBL124493
2999;CHEMBL125236
3000;CHEMBL107400
3001;CHEMBL1231206
3002;CHEMBL555205
3003;CHEMBL17432
3004;CHEMBL519160
3005;CHEMBL373357
3006;CHEMBL393949
3007;CHEMBL292963
3008;CHEMBL283196
3009;CHEMBL296323
3010;CHEMBL270875
3011;CHEMBL199237
3012;CHEMBL458997
3013;CHEMBL222419
3014;CHEMBL397666
3015;CHEMBL386049
3016;CHEMBL413965
3017;CHEMBL63895
3018;CHEMBL1231453
3019;CHEMBL478464
3020;CHEMBL563377
3021;CHEMBL1231469
3022;CHEMBL365617
3023;CHEMBL361078
3024;CHEMBL1231533
3025;CHEMBL259621
3026;CHEMBL46780
3027;CHEMBL239508
3028;CHEMBL239507
3029;CHEMBL493986
3030;CHEMBL1231562
3031;CHEMBL239857
3032;CHEMBL204086
3033;CHEMBL1231605
3034;CHEMBL1231606
3035;CHEMBL379692
3036;CHEMBL504805
3037;CHEMBL232148
3038;CHEMBL233553
3039;CHEMBL233149
3040;CHEMBL236777
3041;CHEMBL487431
3042;CHEMBL233970
3043;CHEMBL233349
3044;CHEMBL231950
3045;CHEMBL1231666
3046;CHEMBL383899
3047;CHEMBL1231683
3048;CHEMBL141889
3049;CHEMBL282837
3050;CHEMBL267178
3051;CHEMBL486954
3052;CHEMBL304784
3053;CHEMBL484780
3054;CHEMBL483995
3055;CHEMBL46817
3056;CHEMBL1201281
3057;CHEMBL181936
3058;CHEMBL22148
3059;CHEMBL428963
3060;CHEMBL259833
3061;CHEMBL113948
3062;CHEMBL117658
3063;CHEMBL399530
3064;CHEMBL408967
3065;CHEMBL46085
3066;CHEMBL404630
3067;CHEMBL425181
3068;CHEMBL360998
3069;CHEMBL278894
3070;CHEMBL265720
3071;CHEMBL261777
3072;CHEMBL415324
3073;CHEMBL258467
3074;CHEMBL178938
3075;CHEMBL356700
3076;CHEMBL452587
3077;CHEMBL178090
3078;CHEMBL325023
3079;CHEMBL1232076
3080;CHEMBL460962
3081;CHEMBL401365
3082;CHEMBL253825
3083;CHEMBL1084625
3084;CHEMBL245678
3085;CHEMBL391805
3086;CHEMBL360356
3087;CHEMBL1232132
3088;CHEMBL236718
3089;CHEMBL251429
3090;CHEMBL1232147
3091;CHEMBL253976
3092;CHEMBL1232164
3093;CHEMBL196526
3094;CHEMBL363302
3095;CHEMBL364811
3096;CHEMBL366312
3097;CHEMBL100109
3098;CHEMBL285063
3099;CHEMBL261720
3100;CHEMBL257543
3101;CHEMBL1232261
3102;CHEMBL332958
3103;CHEMBL24038
3104;CHEMBL483348
3105;CHEMBL206109
3106;CHEMBL203569
3107;CHEMBL380331
3108;CHEMBL203407
3109;CHEMBL523395
3110;CHEMBL1090777
3111;CHEMBL489657
3112;CHEMBL489285
3113;CHEMBL453137
3114;CHEMBL1088762
3115;CHEMBL521703
3116;CHEMBL107316
3117;CHEMBL1232445
3118;CHEMBL180071
3119;CHEMBL1160965
3120;CHEMBL296435
3121;CHEMBL180517
3122;CHEMBL382201
3123;CHEMBL135287
3124;CHEMBL289277
3125;CHEMBL485835
3126;CHEMBL607712
3127;CHEMBL298826
3128;CHEMBL1232583
3129;CHEMBL226471
3130;CHEMBL215205
3131;CHEMBL177749
3132;CHEMBL205821
3133;CHEMBL230172
3134;CHEMBL432234
3135;CHEMBL211614
3136;CHEMBL1213371
3137;CHEMBL196228
3138;CHEMBL124718
3139;CHEMBL202932
3140;CHEMBL275638
3141;CHEMBL10118
3142;CHEMBL425584
3143;CHEMBL69330
3144;CHEMBL338076
3145;CHEMBL92404
3146;CHEMBL361054
3147;CHEMBL1079087
3148;CHEMBL1092830
3149;CHEMBL478409
3150;CHEMBL259551
3151;CHEMBL31574
3152;CHEMBL177101
3153;CHEMBL402761
3154;CHEMBL521105
3155;CHEMBL273101
3156;CHEMBL220513
3157;CHEMBL213661
3158;CHEMBL522579
3159;CHEMBL1232952
3160;CHEMBL496942
3161;CHEMBL1233024
3162;CHEMBL225210
3163;CHEMBL237127
3164;CHEMBL270164
3165;CHEMBL273158
3166;CHEMBL478649
3167;CHEMBL549906
3168;CHEMBL204785
3169;CHEMBL191060
3170;CHEMBL220529
3171;CHEMBL217914
3172;CHEMBL385587
3173;CHEMBL375112
3174;CHEMBL376388
3175;CHEMBL228133
3176;CHEMBL227924
3177;CHEMBL223339
3178;CHEMBL428462
3179;CHEMBL318721
3180;CHEMBL375270
3181;CHEMBL1233202
3182;CHEMBL557915
3183;CHEMBL416301
3184;CHEMBL1233206
3185;CHEMBL561318
3186;CHEMBL406821
3187;CHEMBL383189
3188;CHEMBL211769
3189;CHEMBL472879
3190;CHEMBL327579
3191;CHEMBL316308
3192;CHEMBL471474
3193;CHEMBL293700
3194;CHEMBL251935
3195;CHEMBL574003
3196;CHEMBL269538
3197;CHEMBL45483
3198;CHEMBL254520
3199;CHEMBL1233457
3200;CHEMBL9225
3201;CHEMBL1213270
3202;CHEMBL278703
3203;CHEMBL460102
3204;CHEMBL1088751
3205;CHEMBL1090173
3206;CHEMBL516023
3207;CHEMBL401842
3208;CHEMBL227381
3209;CHEMBL82411
3210;CHEMBL275084
3211;CHEMBL383990
3212;CHEMBL207729
3213;CHEMBL363847
3214;CHEMBL188865
3215;CHEMBL462712
3216;CHEMBL552425
3217;CHEMBL182323
3218;CHEMBL368238
3219;CHEMBL157105
3220;CHEMBL371732
3221;CHEMBL202431
3222;CHEMBL24957
3223;CHEMBL477786
3224;CHEMBL590284
3225;CHEMBL27784
3226;CHEMBL290140
3227;CHEMBL391910
3228;CHEMBL1233636
3229;CHEMBL220896
3230;CHEMBL220428
3231;CHEMBL104264
3232;CHEMBL323556
3233;CHEMBL148333
3234;CHEMBL184444
3235;CHEMBL382311
3236;CHEMBL248176
3237;CHEMBL475814
3238;CHEMBL492529
3239;CHEMBL13485
3240;CHEMBL561540
3241;CHEMBL549385
3242;CHEMBL474637
3243;CHEMBL526688
3244;CHEMBL236086
3245;CHEMBL1233749
3246;CHEMBL482708
3247;CHEMBL203631
3248;CHEMBL485323
3249;CHEMBL1233772
3250;CHEMBL38851
3251;CHEMBL228369
3252;CHEMBL411930
3253;CHEMBL481931
3254;CHEMBL605003
3255;CHEMBL402262
3256;CHEMBL222501
3257;CHEMBL223026
3258;CHEMBL1233867
3259;CHEMBL513425
3260;CHEMBL1081312
3261;CHEMBL1233881
3262;CHEMBL1233882
3263;CHEMBL462228
3264;CHEMBL223873
3265;CHEMBL380648
3266;CHEMBL428496
3267;CHEMBL75691
3268;CHEMBL225664
3269;CHEMBL189938
3270;CHEMBL191598
3271;CHEMBL495758
3272;CHEMBL522891
3273;CHEMBL228224
3274;CHEMBL398428
3275;CHEMBL379300
3276;CHEMBL76029
3277;CHEMBL153057
3278;CHEMBL496102
3279;CHEMBL411879
3280;CHEMBL1233960
3281;CHEMBL455271
3282;CHEMBL395347
3283;CHEMBL237600
3284;CHEMBL425646
3285;CHEMBL484726
3286;CHEMBL436784
3287;CHEMBL365776
3288;CHEMBL195450
3289;CHEMBL195393
3290;CHEMBL384304
3291;CHEMBL379760
3292;CHEMBL425616
3293;CHEMBL380373
3294;CHEMBL55960
3295;CHEMBL450995
3296;CHEMBL493062
3297;CHEMBL501942
3298;CHEMBL452648
3299;CHEMBL1234032
3300;CHEMBL1234033
3301;CHEMBL490961
3302;CHEMBL191275
3303;CHEMBL1234085
3304;CHEMBL1234086
3305;CHEMBL1234087
3306;CHEMBL1234088
3307;CHEMBL1234089
3308;CHEMBL485945
3309;CHEMBL457047
3310;CHEMBL455946
3311;CHEMBL487738
3312;CHEMBL445420
3313;CHEMBL456163
3314;CHEMBL463580
3315;CHEMBL518383
3316;CHEMBL458926
3317;CHEMBL509730
3318;CHEMBL1187319
3319;CHEMBL445813
3320;CHEMBL550453
3321;CHEMBL1234135
3322;CHEMBL406863
3323;CHEMBL260000
3324;CHEMBL594972
3325;CHEMBL451332
3326;CHEMBL343336
3327;CHEMBL38380
3328;CHEMBL1234200
3329;CHEMBL364869
3330;CHEMBL191083
3331;CHEMBL270672
3332;CHEMBL142996
3333;CHEMBL483161
3334;CHEMBL232566
3335;CHEMBL233992
3336;CHEMBL270686
3337;CHEMBL71360
3338;CHEMBL270687
3339;CHEMBL125181
3340;CHEMBL289233
3341;CHEMBL550795
3342;CHEMBL1234416
3343;CHEMBL522806
3344;CHEMBL253359
3345;CHEMBL251932
3346;CHEMBL255069
3347;CHEMBL608393
3348;CHEMBL293034
3349;CHEMBL275339
3350;CHEMBL245549
3351;CHEMBL490867
3352;CHEMBL247484
3353;CHEMBL111077
3354;CHEMBL377956
3355;CHEMBL340813
3356;CHEMBL485961
3357;CHEMBL1234578
3358;CHEMBL205437
3359;CHEMBL121941
3360;CHEMBL410668
3361;CHEMBL204459
3362;CHEMBL380955
3363;CHEMBL1234593
3364;CHEMBL123368
3365;CHEMBL310554
3366;CHEMBL1234624
3367;CHEMBL66380
3368;CHEMBL219695
3369;CHEMBL434374
3370;CHEMBL1205452
3371;CHEMBL486146
3372;CHEMBL311932
3373;CHEMBL408500
3374;CHEMBL482193
3375;CHEMBL1234797
3376;CHEMBL74078
3377;CHEMBL1234815
3378;CHEMBL78755
3379;CHEMBL303958
3380;CHEMBL9514
3381;CHEMBL1234952
3382;CHEMBL1234956
3383;CHEMBL311228
3384;CHEMBL328560
3385;CHEMBL253951
3386;CHEMBL256315
3387;CHEMBL404508
3388;CHEMBL327127
3389;CHEMBL231095
3390;CHEMBL509485
3391;CHEMBL389767
3392;CHEMBL1235084
3393;CHEMBL372303
3394;CHEMBL559401
3395;CHEMBL494072
3396;CHEMBL257341
3397;CHEMBL438303
3398;CHEMBL230347
3399;CHEMBL1098060
3400;CHEMBL192894
3401;CHEMBL1235106
3402;CHEMBL226403
3403;CHEMBL230137
3404;CHEMBL1235110
3405;CHEMBL230354
3406;CHEMBL1235116
3407;CHEMBL1235146
3408;CHEMBL515387
3409;CHEMBL1235237
3410;CHEMBL562317
3411;CHEMBL560377
3412;CHEMBL562318
3413;CHEMBL222002
3414;CHEMBL410834
3415;CHEMBL219445
3416;CHEMBL190201
3417;CHEMBL189434
3418;CHEMBL371491
3419;CHEMBL99447
3420;CHEMBL1213271
3421;CHEMBL69863
3422;CHEMBL1204498
3423;CHEMBL11306
3424;CHEMBL301769
3425;CHEMBL218382
3426;CHEMBL1235380
3427;CHEMBL65273
3428;CHEMBL203567
3429;CHEMBL1235423
3430;CHEMBL564249
3431;CHEMBL1210221
3432;CHEMBL326564
3433;CHEMBL469912
3434;CHEMBL1206690
3435;CHEMBL1235529
3436;CHEMBL470365
3437;CHEMBL513225
3438;CHEMBL237786
3439;CHEMBL1235556
3440;CHEMBL537968
3441;CHEMBL1235570
3442;CHEMBL359482
3443;CHEMBL259420
3444;CHEMBL1221699
3445;CHEMBL518800
3446;CHEMBL375530
3447;CHEMBL219484
3448;CHEMBL1235693
3449;CHEMBL92608
3450;CHEMBL497689
3451;CHEMBL18901
3452;CHEMBL351298
3453;CHEMBL281795
3454;CHEMBL440498
3455;CHEMBL1235735
3456;CHEMBL282146
3457;CHEMBL48813
3458;CHEMBL251073
3459;CHEMBL435128
3460;CHEMBL237337
3461;CHEMBL176602
3462;CHEMBL479079
3463;CHEMBL1235837
3464;CHEMBL96741
3465;CHEMBL360520
3466;CHEMBL494708
3467;CHEMBL403350
3468;CHEMBL249530
3469;CHEMBL249736
3470;CHEMBL1185001
3471;CHEMBL287837
3472;CHEMBL526479
3473;CHEMBL1083185
3474;CHEMBL410448
3475;CHEMBL378160
3476;CHEMBL409536
3477;CHEMBL94061
3478;CHEMBL379218
3479;CHEMBL229855
3480;CHEMBL101801
3481;CHEMBL89363
3482;CHEMBL227954
3483;CHEMBL1236126
3484;CHEMBL193233
3485;CHEMBL190801
3486;CHEMBL460910
3487;CHEMBL478629
3488;CHEMBL1236215
3489;CHEMBL849
3490;CHEMBL174539
3491;CHEMBL316388
3492;CHEMBL451432
3493;CHEMBL2089125
3494;CHEMBL298827
3495;CHEMBL286497
3496;CHEMBL77562
3497;CHEMBL424278
3498;CHEMBL1231193
3499;CHEMBL46439
3500;CHEMBL1236441
3501;CHEMBL262628
3502;CHEMBL29898
3503;CHEMBL218289
3504;CHEMBL496879
3505;CHEMBL289422
3506;CHEMBL426560
3507;CHEMBL1236582
3508;CHEMBL1236594
3509;CHEMBL1236595
3510;CHEMBL1236620
3511;CHEMBL380500
3512;CHEMBL264950
3513;CHEMBL253608
3514;CHEMBL1236661
3515;CHEMBL391586
3516;CHEMBL409038
3517;CHEMBL494360
3518;CHEMBL406652
3519;CHEMBL193264
3520;CHEMBL129788
3521;CHEMBL459149
3522;CHEMBL458975
3523;CHEMBL35107
3524;CHEMBL492762
3525;CHEMBL244342
3526;CHEMBL1221657
3527;CHEMBL1236882
3528;CHEMBL559147
3529;CHEMBL364748
3530;CHEMBL6685
3531;CHEMBL16332
3532;CHEMBL476189
3533;CHEMBL113142
3534;CHEMBL392452
3535;CHEMBL10372
3536;CHEMBL431698
3537;CHEMBL562314
3538;CHEMBL68828
3539;CHEMBL562743
3540;CHEMBL539906
3541;CHEMBL570537
3542;CHEMBL271138
3543;CHEMBL7087
3544;CHEMBL1237007
3545;CHEMBL538937
3546;CHEMBL549340
3547;CHEMBL554496
3548;CHEMBL563168
3549;CHEMBL406105
3550;CHEMBL561660
3551;CHEMBL2106261
3552;CHEMBL2105907
3553;CHEMBL2105399
3554;CHEMBL1305
3555;CHEMBL1194287
3556;CHEMBL22108
3557;CHEMBL2111066
3558;CHEMBL1200946
3559;CHEMBL275446
3560;CHEMBL46102
3561;CHEMBL357995
3562;CHEMBL305380
3563;CHEMBL13960
3564;CHEMBL2104523
3565;CHEMBL404216
3566;CHEMBL1332032
3567;CHEMBL1237021
3568;CHEMBL398435
3569;CHEMBL1963683
3570;CHEMBL2010601
3571;CHEMBL2028661
3572;CHEMBL3989517
3573;CHEMBL70927
3574;CHEMBL354541
3575;CHEMBL473417
3576;CHEMBL2074932
3577;CHEMBL185878
3578;CHEMBL272427
3579;CHEMBL2105616
3580;CHEMBL2110627
3581;CHEMBL9324
3582;CHEMBL58343
3583;CHEMBL39
3584;CHEMBL11978
3585;CHEMBL11608
3586;CHEMBL1697733
3587;CHEMBL61733
3588;CHEMBL792
3589;CHEMBL6246
3590;CHEMBL352418
3591;CHEMBL76768
3592;CHEMBL277498
3593;CHEMBL451509
3594;CHEMBL340032
3595;CHEMBL1201753
3596;CHEMBL31421
3597;CHEMBL175691
3598;CHEMBL601719
3599;CHEMBL2103846
3600;CHEMBL314854
3601;CHEMBL1237026
3602;CHEMBL1742994
3603;CHEMBL1683590
3604;CHEMBL1628502
3605;CHEMBL218394
3606;CHEMBL1255800
3607;CHEMBL2105717
3608;CHEMBL1789941
3609;CHEMBL376180
3610;CHEMBL1789843
3611;CHEMBL973
3612;CHEMBL1229517
3613;CHEMBL237500
3614;CHEMBL1214124
3615;CHEMBL1201768
3616;CHEMBL1742982
3617;CHEMBL2095222
3618;CHEMBL451887
3619;CHEMBL3301675
3620;CHEMBL301742
3621;CHEMBL2107312
3622;CHEMBL2095212
3623;CHEMBL2107866
3624;CHEMBL221959
3625;CHEMBL1946170
3626;CHEMBL1194325
3627;CHEMBL1082407
3628;CHEMBL2104987
3629;CHEMBL1171837
3630;CHEMBL376488
3631;CHEMBL1201831
3632;CHEMBL132530
3633;CHEMBL1676
3634;CHEMBL2048484
3635;CHEMBL2107333
3636;CHEMBL2105745
3637;CHEMBL43452
3638;CHEMBL2103875
3639;CHEMBL2028663
3640;CHEMBL519504
3641;CHEMBL1173655
3642;CHEMBL99946
3643;CHEMBL1472975
3644;CHEMBL1079935
3645;CHEMBL1229211
3646;CHEMBL2107834
3647;CHEMBL2103873
3648;CHEMBL2105689
3649;CHEMBL1259059
3650;CHEMBL22150
3651;CHEMBL1094982
3652;CHEMBL279516
3653;CHEMBL153585
3654;CHEMBL276520
3655;CHEMBL305187
3656;CHEMBL100622
3657;CHEMBL529888
3658;CHEMBL1908315
3659;CHEMBL2106763
3660;CHEMBL251634
3661;CHEMBL370252
3662;CHEMBL254832
3663;CHEMBL1451633
3664;CHEMBL1902981
3665;CHEMBL231884
3666;CHEMBL1328913
3667;CHEMBL1897738
3668;CHEMBL316157
3669;CHEMBL153984
3670;CHEMBL2110809
3671;CHEMBL2110816
3672;CHEMBL32479
3673;CHEMBL399510
3674;CHEMBL253376
3675;CHEMBL942
3676;CHEMBL1639
3677;CHEMBL2374220
3678;CHEMBL497939
3679;CHEMBL1743068
3680;CHEMBL493982
3681;CHEMBL125
3682;CHEMBL1743087
3683;CHEMBL1083659
3684;CHEMBL2108738
3685;CHEMBL1743070
3686;CHEMBL3137343
3687;CHEMBL2107830
3688;CHEMBL2110588
3689;CHEMBL2105669
3690;CHEMBL2108027
3691;CHEMBL2107857
3692;CHEMBL1908370
3693;CHEMBL206253
3694;CHEMBL2219418
3695;CHEMBL1742992
3696;CHEMBL1873475
3697;CHEMBL2216870
3698;CHEMBL382301
3699;CHEMBL1689063
3700;CHEMBL190461
3701;CHEMBL2403108
3702;CHEMBL557555
3703;CHEMBL2095208
3704;CHEMBL2104993
3705;CHEMBL203266
3706;CHEMBL2103774
3707;CHEMBL2103822
3708;CHEMBL1200682
3709;CHEMBL189963
3710;CHEMBL521686
3711;CHEMBL1269025
3712;CHEMBL1187833
3713;CHEMBL1289601
3714;CHEMBL502835
3715;CHEMBL605846
3716;CHEMBL1198857
3717;CHEMBL471737
3718;CHEMBL698
3719;CHEMBL42710
3720;CHEMBL190044
3721;CHEMBL1909324
3722;CHEMBL1624126
3723;CHEMBL404520
3724;CHEMBL509924
3725;CHEMBL1200370
3726;CHEMBL290962
3727;CHEMBL1823872
3728;CHEMBL204656
3729;CHEMBL2023898
3730;CHEMBL1161681
3731;CHEMBL3301667
3732;CHEMBL1410743
3733;CHEMBL1983350
3734;CHEMBL87992
3735;CHEMBL313971
3736;CHEMBL1201864
3737;CHEMBL2106825
3738;CHEMBL1201509
3739;CHEMBL2105760
3740;CHEMBL1200553
3741;CHEMBL2110555
3742;CHEMBL1234886
3743;CHEMBL1121
3744;CHEMBL2105737
3745;CHEMBL566752
3746;CHEMBL1774461
3747;CHEMBL2042122
3748;CHEMBL1355
3749;CHEMBL2074398
3750;CHEMBL1289779
3751;CHEMBL1492500
3752;CHEMBL3137312
3753;CHEMBL306700
3754;CHEMBL295467
3755;CHEMBL1743259
3756;CHEMBL3585580
3757;CHEMBL93747
3758;CHEMBL2104753
3759;CHEMBL7002
3760;CHEMBL13852
3761;CHEMBL93298
3762;CHEMBL159226
3763;CHEMBL2105224
3764;CHEMBL2107456
3765;CHEMBL19299
3766;CHEMBL175
3767;CHEMBL75435
3768;CHEMBL1213420
3769;CHEMBL121626
3770;CHEMBL69998
3771;CHEMBL284906
3772;CHEMBL3184454
3773;CHEMBL178803
3774;CHEMBL1531134
3775;CHEMBL285802
3776;CHEMBL2103761
3777;CHEMBL2104030
3778;CHEMBL1275868
3779;CHEMBL2105555
3780;CHEMBL452076
3781;CHEMBL2104154
3782;CHEMBL2074922
3783;CHEMBL460291
3784;CHEMBL2111097
3785;CHEMBL1085699
3786;CHEMBL405355
3787;CHEMBL2106840
3788;CHEMBL405110
3789;CHEMBL19236
3790;CHEMBL32350
3791;CHEMBL18116
3792;CHEMBL20883
3793;CHEMBL1730601
3794;CHEMBL53366
3795;CHEMBL2108336
3796;CHEMBL1044
3797;CHEMBL454801
3798;CHEMBL2159122
3799;CHEMBL1527608
3800;CHEMBL361497
3801;CHEMBL1951143
3802;CHEMBL2103870
3803;CHEMBL1329455
3804;CHEMBL132767
3805;CHEMBL2105059
3806;CHEMBL440294
3807;CHEMBL1201478
3808;CHEMBL1851805
3809;CHEMBL1289110
3810;CHEMBL1643895
3811;CHEMBL3707331
3812;CHEMBL3137301
3813;CHEMBL1081506
3814;CHEMBL3127326
3815;CHEMBL3391662
3816;CHEMBL431701
3817;CHEMBL2107825
3818;CHEMBL1618102
3819;CHEMBL2109540
3820;CHEMBL2364655
3821;CHEMBL1232510
3822;CHEMBL2106399
3823;CHEMBL2108282
3824;CHEMBL1201649
3825;CHEMBL1201467
3826;CHEMBL1528
3827;CHEMBL1201189
3828;CHEMBL3353410
3829;CHEMBL1743007
3830;CHEMBL3306201
3831;CHEMBL1201489
3832;CHEMBL1201330
3833;CHEMBL1201261
3834;CHEMBL1195
3835;CHEMBL235668
3836;CHEMBL1201327
3837;CHEMBL1200627
3838;CHEMBL1201274
3839;CHEMBL1201477
3840;CHEMBL1387
3841;CHEMBL1615807
3842;CHEMBL1200774
3843;CHEMBL1201148
3844;CHEMBL2107797
3845;CHEMBL1354
3846;CHEMBL1200696
3847;CHEMBL1472
3848;CHEMBL1368
3849;CHEMBL186314
3850;CHEMBL692
3851;CHEMBL233406
3852;CHEMBL577
3853;CHEMBL1200727
3854;CHEMBL1200736
3855;CHEMBL1224
3856;CHEMBL1200625
3857;CHEMBL1808698
3858;CHEMBL537
3859;CHEMBL3039582
3860;CHEMBL1201147
3861;CHEMBL3989523
3862;CHEMBL1201322
3863;CHEMBL1200927
3864;CHEMBL2107869
3865;CHEMBL2141296
3866;CHEMBL1927030
3867;CHEMBL1909054
3868;CHEMBL1377575
3869;CHEMBL1339216
3870;CHEMBL2107288
3871;CHEMBL3833401
3872;CHEMBL24147
3873;CHEMBL1644029
3874;CHEMBL71595
3875;CHEMBL2106123
3876;CHEMBL2106975
3877;CHEMBL593429
3878;CHEMBL2009089
3879;CHEMBL3188292
3880;CHEMBL1909057
3881;CHEMBL127516
3882;CHEMBL1076347
3883;CHEMBL1626223
3884;CHEMBL46469
3885;CHEMBL1618018
3886;CHEMBL1208422
3887;CHEMBL73234
3888;CHEMBL232202
3889;CHEMBL2104261
3890;CHEMBL1326877
3891;CHEMBL1623738
3892;CHEMBL443605
3893;CHEMBL1231574
3894;CHEMBL2365712
3895;CHEMBL1743263
3896;CHEMBL445001
3897;CHEMBL173562
3898;CHEMBL75124
3899;CHEMBL549473
3900;CHEMBL1201345
3901;CHEMBL2108247
3902;CHEMBL2252949
3903;CHEMBL2106566
3904;CHEMBL13766
3905;CHEMBL238804
3906;CHEMBL1738797
3907;CHEMBL54481
3908;CHEMBL1231649
3909;CHEMBL1439973
3910;CHEMBL167911
3911;CHEMBL2361641
3912;CHEMBL15511
3913;CHEMBL406819
3914;CHEMBL425863
3915;CHEMBL256105
3916;CHEMBL606258
3917;CHEMBL295433
3918;CHEMBL828
3919;CHEMBL24646
3920;CHEMBL1908325
3921;CHEMBL3039509
3922;CHEMBL450613
3923;CHEMBL3186453
3924;CHEMBL37858
3925;CHEMBL111654
3926;CHEMBL6259
3927;CHEMBL509336
3928;CHEMBL1208572
3929;CHEMBL2105720
3930;CHEMBL1743034
3931;CHEMBL3039514
3932;CHEMBL2063090
3933;CHEMBL1091250
3934;CHEMBL3137309
3935;CHEMBL213907
3936;CHEMBL2105735
3937;CHEMBL1231840
3938;CHEMBL508338
3939;CHEMBL1742423
3940;CHEMBL2048028
3941;CHEMBL3545062
3942;CHEMBL91397
3943;CHEMBL1868702
3944;CHEMBL434492
3945;CHEMBL1089318
3946;CHEMBL409153
3947;CHEMBL2105722
3948;CHEMBL218650
3949;CHEMBL25164
3950;CHEMBL354077
3951;CHEMBL2110725
3952;CHEMBL462605
3953;CHEMBL2103837
3954;CHEMBL3989868
3955;CHEMBL2070241
3956;CHEMBL2364612
3957;CHEMBL140
3958;CHEMBL198877
3959;CHEMBL4297585
3960;CHEMBL1614701
3961;CHEMBL2105755
3962;CHEMBL3545233
3963;CHEMBL56564
3964;CHEMBL3301624
3965;CHEMBL3707348
3966;CHEMBL3544914
3967;CHEMBL3301612
3968;CHEMBL2151572
3969;CHEMBL3545110
3970;CHEMBL3039520
3971;CHEMBL2087361
3972;CHEMBL289480
3973;CHEMBL1976040
3974;CHEMBL305660
3975;CHEMBL562668
3976;CHEMBL1201362
3977;CHEMBL2403238
3978;CHEMBL449158
3979;CHEMBL437765
3980;CHEMBL2387541
3981;CHEMBL431770
3982;CHEMBL3137320
3983;CHEMBL3304485
3984;CHEMBL152067
3985;CHEMBL3360203
3986;CHEMBL240163
3987;CHEMBL258734
3988;CHEMBL2103847
3989;CHEMBL2165224
3990;CHEMBL3188267
3991;CHEMBL1094636
3992;CHEMBL3301594
3993;CHEMBL3989866
3994;CHEMBL1289494
3995;CHEMBL217092
3996;CHEMBL2103824
3997;CHEMBL2105759
3998;CHEMBL290960
3999;CHEMBL395091
4000;CHEMBL1770248
4001;CHEMBL180022
4002;CHEMBL272980
4003;CHEMBL292687
4004;CHEMBL3099695
4005;CHEMBL408403
4006;CHEMBL1800159
4007;CHEMBL3833319
4008;CHEMBL288943
4009;CHEMBL207538
4010;CHEMBL1086218
4011;CHEMBL1852688
4012;CHEMBL422648
4013;CHEMBL3183409
4014;CHEMBL2364639
4015;CHEMBL407874
4016;CHEMBL1201891
4017;CHEMBL2205807
4018;CHEMBL3545313
4019;CHEMBL299155
4020;CHEMBL3989915
4021;CHEMBL3545185
4022;CHEMBL2105637
4023;CHEMBL15192
4024;CHEMBL522987
4025;CHEMBL3545367
4026;CHEMBL3039502
4027;CHEMBL95431
4028;CHEMBL2110732
4029;CHEMBL3187723
4030;CHEMBL3544983
4031;CHEMBL2043437
4032;CHEMBL1208155
4033;CHEMBL1983268
4034;CHEMBL41286
4035;CHEMBL2103883
4036;CHEMBL3301610
4037;CHEMBL366460
4038;CHEMBL2103830
4039;CHEMBL2396661
4040;CHEMBL1096146
4041;CHEMBL1257073
4042;CHEMBL4474855
4043;CHEMBL2364632
4044;CHEMBL2103832
4045;CHEMBL1241951
4046;CHEMBL142635
4047;CHEMBL487182
4048;CHEMBL2105695
4049;CHEMBL478
4050;CHEMBL297453
4051;CHEMBL1963249
4052;CHEMBL3545157
4053;CHEMBL3286830
4054;CHEMBL71752
4055;CHEMBL2103838
4056;CHEMBL3301622
4057;CHEMBL3545376
4058;CHEMBL203321
4059;CHEMBL52939
4060;CHEMBL257704
4061;CHEMBL408194
4062;CHEMBL2103882
4063;CHEMBL2107861
4064;CHEMBL1742466
4065;CHEMBL236593
4066;CHEMBL1230314
4067;CHEMBL290916
4068;CHEMBL1086440
4069;CHEMBL1159717
4070;CHEMBL1631694
4071;CHEMBL3545311
4072;CHEMBL429844
4073;CHEMBL1078261
4074;CHEMBL3301601
4075;CHEMBL2364608
4076;CHEMBL3301595
4077;CHEMBL1230609
4078;CHEMBL388590
4079;CHEMBL48449
4080;CHEMBL1951095
4081;CHEMBL1173055
4082;CHEMBL455461
4083;CHEMBL443684
4084;CHEMBL512351
4085;CHEMBL2336071
4086;CHEMBL3112741
4087;CHEMBL2304041
4088;CHEMBL4297526
4089;CHEMBL1411
4090;CHEMBL310671
4091;CHEMBL2106622
4092;CHEMBL522302
4093;CHEMBL383824
4094;CHEMBL374385
4095;CHEMBL7983
4096;CHEMBL1689772
4097;CHEMBL2178422
4098;CHEMBL273481
4099;CHEMBL51
4100;CHEMBL221722
4101;CHEMBL4297513
4102;CHEMBL2107431
4103;CHEMBL1371770
4104;CHEMBL3218576
4105;CHEMBL3590187
4106;CHEMBL1287853
4107;CHEMBL274070
4108;CHEMBL8809
4109;CHEMBL94454
4110;CHEMBL127592
4111;CHEMBL4297264
4112;CHEMBL426084
4113;CHEMBL539423
4114;CHEMBL598172
4115;CHEMBL2103863
4116;CHEMBL414157
4117;CHEMBL3234237
4118;CHEMBL43185
4119;CHEMBL4208229
4120;CHEMBL273264
4121;CHEMBL51085
4122;CHEMBL3707247
4123;CHEMBL1650559
4124;CHEMBL2348292
4125;CHEMBL1908373
4126;CHEMBL1093059
4127;CHEMBL181954
4128;CHEMBL13786
4129;CHEMBL4297516
4130;CHEMBL267777
4131;CHEMBL151649
4132;CHEMBL2087337
4133;CHEMBL163238
4134;CHEMBL566757
4135;CHEMBL2346738
4136;CHEMBL2103851
4137;CHEMBL321582
4138;CHEMBL2158685
4139;CHEMBL2103991
4140;CHEMBL1096979
4141;CHEMBL815
4142;CHEMBL539378
4143;CHEMBL3707313
4144;CHEMBL3291398
4145;CHEMBL87563
4146;CHEMBL3039498
4147;CHEMBL3545184
4148;CHEMBL2364624
4149;CHEMBL576982
4150;CHEMBL3414621
4151;CHEMBL51149
4152;CHEMBL4297185
4153;CHEMBL35505
4154;CHEMBL1688243
4155;CHEMBL65061
4156;CHEMBL3813873
4157;CHEMBL2105842
4158;CHEMBL286494
4159;CHEMBL84158
4160;CHEMBL361812
4161;CHEMBL51483
4162;CHEMBL259084
4163;CHEMBL278623
4164;CHEMBL459505
4165;CHEMBL2107831
4166;CHEMBL269671
4167;CHEMBL24924
4168;CHEMBL1002
4169;CHEMBL254468
4170;CHEMBL1096927
4171;CHEMBL57053
4172;CHEMBL482581
4173;CHEMBL3786343
4174;CHEMBL3426621
4175;CHEMBL331378
4176;CHEMBL94081
4177;CHEMBL2103867
4178;CHEMBL3544921
4179;CHEMBL418068
4180;CHEMBL1222251
4181;CHEMBL564085
4182;CHEMBL1204644
4183;CHEMBL2110760
4184;CHEMBL2105359
4185;CHEMBL1200830
4186;CHEMBL1091024
4187;CHEMBL2108372
4188;CHEMBL2106403
4189;CHEMBL601773
4190;CHEMBL94394
4191;CHEMBL1413199
4192;CHEMBL3707389
4193;CHEMBL73151
4194;CHEMBL448570
4195;CHEMBL1908350
4196;CHEMBL318153
4197;CHEMBL343633
4198;CHEMBL37390
4199;CHEMBL444963
4200;CHEMBL2110767
4201;CHEMBL1433361
4202;CHEMBL1089221
4203;CHEMBL577736
4204;CHEMBL156791
4205;CHEMBL19215
4206;CHEMBL1697830
4207;CHEMBL65717
4208;CHEMBL70246
4209;CHEMBL2104264
4210;CHEMBL196003
4211;CHEMBL1214598
4212;CHEMBL2106978
4213;CHEMBL2105338
4214;CHEMBL507419
4215;CHEMBL1201353
4216;CHEMBL1201340
4217;CHEMBL363295
4218;CHEMBL1587228
4219;CHEMBL590799
4220;CHEMBL1788403
4221;CHEMBL3989640
4222;CHEMBL441687
4223;CHEMBL87697
4224;CHEMBL1615209
4225;CHEMBL92870
4226;CHEMBL295619
4227;CHEMBL434200
4228;CHEMBL75753
4229;CHEMBL189171
4230;CHEMBL47050
4231;CHEMBL2104089
4232;CHEMBL30116
4233;CHEMBL1729803
4234;CHEMBL1697832
4235;CHEMBL3400972
4236;CHEMBL2104231
4237;CHEMBL1201406
4238;CHEMBL1201396
4239;CHEMBL981
4240;CHEMBL3989908
4241;CHEMBL340807
4242;CHEMBL160347
4243;CHEMBL1170047
4244;CHEMBL3545123
4245;CHEMBL3545363
4246;CHEMBL1512677
4247;CHEMBL1592101
4248;CHEMBL3707222
4249;CHEMBL1016
4250;CHEMBL3616752
4251;CHEMBL419667
4252;CHEMBL3590106
4253;CHEMBL339611
4254;CHEMBL303933
4255;CHEMBL1201101
4256;CHEMBL1200335
4257;CHEMBL2107067
4258;CHEMBL188
4259;CHEMBL3275971
4260;CHEMBL1200430
4261;CHEMBL282575
4262;CHEMBL1200973
4263;CHEMBL1511
4264;CHEMBL298461
4265;CHEMBL420311
4266;CHEMBL1476022
4267;CHEMBL282199
4268;CHEMBL1783282
4269;CHEMBL3833317
4270;CHEMBL1200691
4271;CHEMBL4297503
4272;CHEMBL2109137
4273;CHEMBL81421
4274;CHEMBL1047
4275;CHEMBL2104095
4276;CHEMBL780
4277;CHEMBL7257
4278;CHEMBL3833333
4279;CHEMBL1961796
4280;CHEMBL1961797
4281;CHEMBL316160
4282;CHEMBL3989917
4283;CHEMBL278255
4284;CHEMBL372638
4285;CHEMBL502384
4286;CHEMBL1200910
4287;CHEMBL55624
4288;CHEMBL2387742
4289;CHEMBL251074
4290;CHEMBL223643
4291;CHEMBL22077
4292;CHEMBL1241239
4293;CHEMBL197
4294;CHEMBL173809
4295;CHEMBL29188
4296;CHEMBL176045
4297;CHEMBL65067
4298;CHEMBL2051956
4299;CHEMBL313113
4300;CHEMBL40733
4301;CHEMBL221390
4302;CHEMBL483
4303;CHEMBL88611
4304;CHEMBL2219425
4305;CHEMBL1200928
4306;CHEMBL1200640
4307;CHEMBL1201058
4308;CHEMBL2021424
4309;CHEMBL3707208
4310;CHEMBL1060
4311;CHEMBL1201170
4312;CHEMBL3707288
4313;CHEMBL1200826
4314;CHEMBL1161
4315;CHEMBL2146125
4316;CHEMBL3707302
4317;CHEMBL3707281
4318;CHEMBL3833315
4319;CHEMBL1201015
4320;CHEMBL3301597
4321;CHEMBL1200679
4322;CHEMBL2106309
4323;CHEMBL1091
4324;CHEMBL1683
4325;CHEMBL1549
4326;CHEMBL1641
4327;CHEMBL1200953
4328;CHEMBL1200562
4329;CHEMBL977
4330;CHEMBL3989958
4331;CHEMBL1257051
4332;CHEMBL1062
4333;CHEMBL315985
4334;CHEMBL3707377
4335;CHEMBL1200375
4336;CHEMBL1749
4337;CHEMBL1201231
4338;CHEMBL485659
4339;CHEMBL2106059
4340;CHEMBL3559901
4341;CHEMBL1200690
4342;CHEMBL1201265
4343;CHEMBL1507567
4344;CHEMBL1530428
4345;CHEMBL2106011
4346;CHEMBL1328968
4347;CHEMBL1201207
4348;CHEMBL3187229
4349;CHEMBL1499
4350;CHEMBL3889654
4351;CHEMBL1201283
4352;CHEMBL4297620
4353;CHEMBL4065616
4354;CHEMBL3989944
4355;CHEMBL4297334
4356;CHEMBL4216467
4357;CHEMBL3301607
4358;CHEMBL3989974
4359;CHEMBL2443262
4360;CHEMBL2107826
4361;CHEMBL3545253
4362;CHEMBL4101807
4363;CHEMBL3948730
4364;CHEMBL3989871
4365;CHEMBL3936761
4366;CHEMBL3622821
4367;CHEMBL4297522
4368;CHEMBL3402762
4369;CHEMBL4204794
4370;CHEMBL2178578
4371;CHEMBL4297528
4372;CHEMBL4297865
4373;CHEMBL2364638
4374;CHEMBL575448
4375;CHEMBL4297412
4376;CHEMBL3894860
4377;CHEMBL4298128
4378;CHEMBL4066936
4379;CHEMBL4585668
4380;CHEMBL510539
4381;CHEMBL1743261
4382;CHEMBL491960
4383;CHEMBL438139
4384;CHEMBL583207
4385;CHEMBL3924132
4386;CHEMBL323668
4387;CHEMBL2104578
4388;CHEMBL1152
4389;CHEMBL4535757
4390;CHEMBL398940
4391;CHEMBL4559134
4392;CHEMBL2397415
4393;CHEMBL3237547
4394;CHEMBL4297597
4395;CHEMBL3991065
4396;CHEMBL2181927
4397;CHEMBL363392
4398;CHEMBL4297588
4399;CHEMBL4298169
4400;CHEMBL2042273
4401;CHEMBL74355
4402;CHEMBL3931971
4403;CHEMBL4303060
4404;CHEMBL2338675
4405;CHEMBL4297640
4406;CHEMBL2005186
