compound;compound_detail
"0";"9969613.0"
1;"100684.0"
2;"5280795.0"
3;"5353306.0"
4;"656902.0"
5;"4539.0"
6;"46936871.0"
7;"444053.0"
8;"10267580.0"
9;"448055.0"
10;"10517.0"
11;"11610526.0"
12;"9933193.0"
13;"91562.0"
14;"6915944.0"
15;"4369443.0"
16;"70788951.0"
17;"6451164.0"
18;"54680690.0"
19;"42615254.0"
20;"71731823.0"
21;"208898.0"
22;"448042.0"
23;"44141939.0"
24;"42608445.0"
25;"5326542.0"
26;"448477.0"
27;"16760554.0"
28;"9829523.0"
29;"71567.0"
30;"10343728.0"
31;"3950.0"
32;"9870652.0"
33;"71301.0"
34;"5288215.0"
35;"5288869.0"
36;"8944.0"
37;"637568.0"
38;"119828.0"
39;"5289085.0"
40;"4369496.0"
41;"56959.0"
42;"169682.0"
43;"46936889.0"
44;"564.0"
45;"3394.0"
46;"9574768.0"
47;"888.0"
48;"5994.0"
49;"24752837.0"
50;"447653.0"
51;"50294.0"
52;"443115.0"
53;"5289109.0"
54;"24778299.0"
55;"23727982.0"
56;"4369485.0"
57;"441140.0"
58;"91610.0"
59;"8987.0"
60;"23647358.0"
61;"6880.0"
62;"5487313.0"
63;"2776332.0"
64;"657095.0"
65;"643684.0"
66;"445062.0"
67;"2361.0"
68;"6305.0"
69;"16076883.0"
70;"5287955.0"
71;"6992039.0"
72;"6918141.0"
73;"102710.0"
74;"24877.0"
75;"448025.0"
76;"8193.0"
77;"447202.0"
78;"451597.0"
79;"5460316.0"
80;"5287555.0"
81;"5857.0"
82;"150311.0"
83;"159594.0"
84;"135548.0"
85;"448994.0"
86;"25134252.0"
87;"5606.0"
88;"977.0"
89;"447958.0"
90;"51039094.0"
91;"448235.0"
92;"5481173.0"
93;"448288.0"
94;"6917655.0"
95;"24795069.0"
96;"2726820.0"
97;"64972.0"
98;"2179.0"
99;"446795.0"
100;"36811.0"
101;"11029.0"
102;"4421.0"
103;"379.0"
104;"44224261.0"
105;"448650.0"
106;"1893.0"
107;"6852391.0"
108;"124992.0"
109;"131704245.0"
110;"636405.0"
111;"7020128.0"
112;"25138295.0"
113;"449164.0"
114;"99478.0"
115;"16130644.0"
116;"23647763.0"
117;"25213.0"
118;"50515.0"
119;"4369451.0"
120;"446276.0"
121;"97536.0"
122;"5327012.0"
123;"44.0"
124;"46937111.0"
125;"24798097.0"
126;"5284543.0"
127;"7027.0"
128;"6274.0"
129;"25163987.0"
130;"91867.0"
131;"47936.0"
132;"131536.0"
133;"6857711.0"
134;"4114.0"
135;"5745206.0"
136;"5326967.0"
137;"24244.0"
138;"517045.0"
139;"2717.0"
140;"24893974.0"
141;"40632.0"
142;"446871.0"
143;"444412.0"
144;"439202.0"
5233;None
145;"445951.0"
146;"60835.0"
147;"443869.0"
148;"3333.0"
149;"4634.0"
150;"65077.0"
151;"9875401.0"
152;"10379137.0"
153;"3383616.0"
154;"6089.0"
155;"25263223.0"
156;"5312109.0"
157;"16122567.0"
158;"6852129.0"
159;"5288593.0"
160;"449555.0"
161;"5719.0"
162;"3194.0"
163;"4829.0"
164;"11524144.0"
165;"156126.0"
166;"23976.0"
167;"440473.0"
168;"91493.0"
169;"65098.0"
170;"71360.0"
171;"5282226.0"
172;"5287596.0"
173;"2449.0"
174;"2159.0"
175;"24812720.0"
176;"969516.0"
177;"444552.0"
178;"42628075.0"
179;"64689.0"
180;"5287621.0"
181;"11314340.0"
182;"449193.0"
183;"48229.0"
184;"449394.0"
185;"2144.0"
186;"447488.0"
187;"31264.0"
188;"5977.0"
189;"439186.0"
190;"5287971.0"
191;"1331.0"
192;"5287652.0"
193;"643976.0"
194;"447877.0"
195;"24316.0"
196;"114905.0"
197;"2138.0"
198;"5287844.0"
199;"11519070.0"
200;"10836.0"
201;"16741227.0"
202;"129891.0"
203;"8420.0"
204;"5326669.0"
205;"11794741.0"
206;"2763754.0"
207;"10976469.0"
208;"14687.0"
209;"20824.0"
210;"2761.0"
211;"16758226.0"
212;"25195347.0"
213;"449118.0"
214;"5960.0"
215;"11229234.0"
216;"11979006.0"
217;"447622.0"
218;"25102845.0"
219;"60854.0"
220;"94286438.0"
221;"446056.0"
222;"16741.0"
223;"158795.0"
224;"25025298.0"
225;"446977.0"
226;"5287979.0"
227;"52946592.0"
228;"448999.0"
229;"445856.0"
230;"446476.0"
231;"5359.0"
232;"24872560.0"
233;"5277135.0"
234;"9548602.0"
235;"53461739.0"
236;"444698.0"
237;"369976.0"
238;"445715.0"
239;"11915.0"
240;"6369390.0"
241;"3341.0"
242;"347590.0"
243;"16760302.0"
244;"6140.0"
245;"4947.0"
246;"2333.0"
247;"3610.0"
248;"3699.0"
249;"236666.0"
250;"5379.0"
251;"16145453.0"
252;"16758228.0"
253;"5951796.0"
254;"23663870.0"
255;"444389.0"
256;"5288598.0"
257;"4756.0"
258;"178051.0"
259;"9848818.0"
260;"54675779.0"
261;"68942.0"
262;"10134493.0"
263;"177336.0"
264;"447569.0"
265;"44129623.0"
266;"46936967.0"
267;"447153.0"
268;"5161.0"
269;"53235510.0"
270;"5494411.0"
271;"5834.0"
272;"33255.0"
273;"447739.0"
274;"6540299.0"
275;"11610553.0"
276;"6438378.0"
277;"33624.0"
278;"6918653.0"
279;"25263414.0"
280;"5356.0"
281;"159772.0"
282;"449124.0"
283;"76098.0"
284;"213039.0"
285;"9811834.0"
286;"205131.0"
287;"2481.0"
288;"6604901.0"
289;"656965.0"
290;"448271.0"
291;"46937104.0"
292;"446757.0"
293;"6049.0"
294;"408285.0"
295;"15942657.0"
296;"5326956.0"
297;"5288658.0"
298;"24808499.0"
299;"4310.0"
300;"189150.0"
301;"680935.0"
302;"60663.0"
303;"6323491.0"
304;"131704188.0"
305;"446876.0"
306;"3562.0"
307;"131704304.0"
308;"444753.0"
309;"5287703.0"
310;"10477723.0"
311;"12894.0"
312;"5326914.0"
313;"10168.0"
314;"4474224.0"
315;"24916788.0"
316;"854023.0"
317;"3009.0"
318;"445481.0"
319;"25113171.0"
320;"18104.0"
321;"5289192.0"
322;"446752.0"
323;"447656.0"
324;"14985.0"
325;"9547915.0"
326;"96.0"
327;"456468.0"
328;"5326883.0"
329;"444215.0"
330;"657272.0"
331;"3342298.0"
332;"5403336.0"
333;"6918525.0"
334;"4369446.0"
335;"60860.0"
336;"42642645.0"
337;"2720.0"
338;"90206.0"
339;"5904.0"
340;"6445540.0"
341;"16040261.0"
342;"4168.0"
343;"54671008.0"
344;"443955.0"
345;"6857686.0"
346;"5496872.0"
347;"3103.0"
348;"1130.0"
349;"5288066.0"
350;"60700.0"
351;"2818.0"
352;"115224.0"
353;"6365297.0"
354;"51352361.0"
355;"4923.0"
356;"4380.0"
357;"27934.0"
358;"3000391.0"
359;"25945.0"
360;"16666.0"
361;"7045767.0"
362;"1483.0"
363;"5472.0"
364;"2911.0"
365;"24794466.0"
366;"8063.0"
367;"1046.0"
368;"10072851.0"
369;"5287443.0"
370;"5288075.0"
371;"9578243.0"
372;"6842999.0"
373;"439183.0"
374;"5311052.0"
375;"9978312.0"
376;"15209.0"
377;"65015.0"
378;"24768560.0"
379;"774.0"
380;"447021.0"
381;"446980.0"
382;"3827.0"
383;"6102821.0"
384;"3777900.0"
385;"180621.0"
386;"5355.0"
387;"5459374.0"
388;"5816.0"
389;"5587.0"
390;"446811.0"
391;"54369.0"
392;"6476.0"
393;"667468.0"
394;"93114.0"
395;"131704205.0"
396;"440053.0"
397;"26035.0"
398;"1548943.0"
399;"5288616.0"
400;"11957393.0"
401;"25203945.0"
402;"446816.0"
403;"2765355.0"
404;"31703.0"
405;"25138294.0"
406;"154417.0"
407;"5326979.0"
408;"447451.0"
409;"445228.0"
410;"447392.0"
411;"5280581.0"
412;"23653502.0"
413;"28517.0"
414;"92824.0"
415;"5641.0"
416;"104406.0"
417;"448043.0"
418;"445461.0"
419;"25113125.0"
420;"10150441.0"
421;"11790.0"
422;"447742.0"
423;"456255.0"
424;"3000226.0"
425;"697959.0"
426;"5311507.0"
427;"46937064.0"
428;"94280.0"
429;"3372.0"
430;"10026.0"
431;"33572.0"
432;"4680.0"
433;"174251.0"
434;"219104.0"
435;"23663404.0"
4096;"5284359.0"
436;"60825.0"
437;"5288116.0"
438;"46937118.0"
439;"2148.0"
440;"10280735.0"
441;"60021.0"
442;"23647652.0"
443;"172469.0"
444;"3000540.0"
445;"46937108.0"
446;"46937117.0"
447;"50942.0"
448;"10607.0"
449;"5164.0"
450;"5288679.0"
451;"5995.0"
452;"5289418.0"
453;"11740318.0"
454;"24820112.0"
455;"5502.0"
456;"2993.0"
457;"439155.0"
458;"4760.0"
459;"445456.0"
460;"6662.0"
461;"1935.0"
462;"40326.0"
463;"656910.0"
464;"5353894.0"
465;"2478.0"
466;"5311449.0"
467;"65937.0"
468;"24892822.0"
469;"6857727.0"
470;"447446.0"
471;"439750.0"
472;"802.0"
473;"128419.0"
474;"2712.0"
475;"6912404.0"
476;"10133.0"
477;"757.0"
478;"45480632.0"
479;"46937112.0"
480;"44195571.0"
481;"54697325.0"
482;"1567.0"
483;"622262.0"
484;"11974440.0"
485;"46936196.0"
486;"444612.0"
487;"27661.0"
488;"1628.0"
489;"24466.0"
490;"21307.0"
491;"1757.0"
492;"4485.0"
493;"17753973.0"
494;"5327095.0"
495;"6914568.0"
496;"3278.0"
497;"133090.0"
498;"9811704.0"
499;"5289415.0"
500;"6011.0"
501;"24180719.0"
502;"6914609.0"
503;"621174.0"
504;"6262.0"
505;"56955933.0"
506;"5494439.0"
507;"5280878.0"
508;"440210.0"
509;"2950.0"
510;"34312.0"
511;"3052776.0"
512;"70678896.0"
513;"3152.0"
514;"11965427.0"
515;"24894155.0"
516;"7464.0"
517;"444266.0"
518;"12793.0"
519;"16129574.0"
520;"6102690.0"
521;"60613.0"
522;"444499.0"
523;"1949.0"
524;"244.0"
525;"4469805.0"
526;"449208.0"
527;"55891.0"
528;"159596.0"
529;"448327.0"
530;"7245.0"
531;"5566.0"
532;"3331.0"
533;"6918462.0"
534;"68791.0"
535;"9889200.0"
536;"9880.0"
537;"1190625.0"
538;"5288190.0"
539;"119031.0"
540;"208925.0"
541;"5479.0"
542;"448677.0"
543;"21772.0"
544;"25058133.0"
545;"3478.0"
546;"5215.0"
547;"24963037.0"
548;"46937165.0"
549;"5090.0"
550;"5288653.0"
551;"657237.0"
552;"1808.0"
553;"4369524.0"
554;"2479.0"
555;"60857.0"
556;"46937089.0"
557;"23654841.0"
558;"446313.0"
559;"36604.0"
560;"1504717.0"
561;"4830.0"
562;"72287.0"
563;"5329102.0"
564;"51351657.0"
565;"444763.0"
566;"445952.0"
567;"5326868.0"
568;"4358.0"
569;"9808998.0"
570;"5327110.0"
571;"15602701.0"
572;"4631.0"
573;"130611.0"
574;"314123.0"
575;"1989.0"
576;"5486684.0"
577;"20689.0"
578;"447959.0"
579;"97535.0"
580;"52946593.0"
581;"446167.0"
582;"30951.0"
583;"5284371.0"
584;"49866474.0"
585;"2905.0"
586;"6102685.0"
587;"1082.0"
588;"446382.0"
589;"11171679.0"
590;"23646577.0"
591;"3312.0"
592;"8982.0"
593;"46936613.0"
594;"5289510.0"
595;"24768548.0"
596;"2662.0"
597;"24905142.0"
598;"11167602.0"
599;"146719.0"
600;"263366.0"
601;"118458.0"
602;"53708.0"
603;"6852154.0"
604;"444397.0"
605;"14925.0"
606;"24768547.0"
607;"445375.0"
608;"448286.0"
609;"24768527.0"
610;"7019255.0"
611;"25011728.0"
612;"6021.0"
613;"5287463.0"
614;"5687.0"
615;"5281040.0"
616;"644073.0"
617;"3845.0"
618;"22524140.0"
619;"6420129.0"
620;"11840934.0"
621;"15602983.0"
622;"5288193.0"
623;"5314.0"
624;"16750040.0"
625;"84088.0"
626;"3010818.0"
627;"24963033.0"
628;"79034.0"
629;"61635.0"
630;"688424.0"
631;"5311447.0"
632;"15574941.0"
633;"11544170.0"
634;"5318.0"
635;"160565.0"
636;"449015.0"
637;"168213.0"
638;"3998.0"
639;"2733514.0"
640;"11963552.0"
641;"5054.0"
642;"5505.0"
643;"16113377.0"
644;"448955.0"
645;"637540.0"
646;"26175.0"
647;"89683805.0"
648;"4927.0"
649;"24768528.0"
650;"152946.0"
651;"2972.0"
652;"5311454.0"
653;"445651.0"
654;"446758.0"
655;"5310939.0"
656;"11368987.0"
657;"24832022.0"
658;"5360515.0"
659;"5287429.0"
660;"5326911.0"
661;"11840906.0"
662;"6029.0"
663;"5035.0"
664;"4746.0"
665;"9896504.0"
666;"3744.0"
667;"5910.0"
668;"3647.0"
669;"54736486.0"
670;"92253.0"
671;"449003.0"
672;"447725.0"
673;"4369491.0"
674;"1894.0"
675;"447256.0"
676;"4369502.0"
677;"5284616.0"
678;"229455.0"
679;"4057.0"
680;"82153.0"
681;"4011.0"
682;"169371.0"
683;"131704268.0"
684;"439554.0"
685;"657298.0"
686;"24978486.0"
687;"21109.0"
688;"448769.0"
689;"9797919.0"
690;"15942677.0"
691;"44205240.0"
692;"119138.0"
693;"11138.0"
694;"3639.0"
695;"16231.0"
696;"612.0"
697;"54676038.0"
698;"447229.0"
699;"11987846.0"
700;"16115004.0"
701;"11481186.0"
702;"448281.0"
703;"16197727.0"
704;"5282322.0"
705;"1746.0"
706;"6914613.0"
707;"3973.0"
708;"3151.0"
709;"44602.0"
710;"60852.0"
711;"447734.0"
712;"65249.0"
713;"23586165.0"
714;"979.0"
715;"4510.0"
716;"23653507.0"
717;"159961.0"
718;"441281.0"
719;"65389.0"
720;"60149.0"
721;"149351.0"
722;"119373.0"
723;None
724;"65355.0"
725;"5288385.0"
726;"448580.0"
727;"31304.0"
728;"15991546.0"
729;"3802528.0"
730;"24779676.0"
731;"10257882.0"
732;"26934.0"
733;"2094.0"
734;"2882.0"
735;"445443.0"
736;"449013.0"
737;"46937129.0"
738;"131704299.0"
739;"24178109.0"
740;"10039403.0"
741;"54726191.0"
742;"450601.0"
743;"1433.0"
744;"11842633.0"
745;"5362485.0"
746;"6082.0"
747;"6439330.0"
748;"1727.0"
749;"41693.0"
750;"5743.0"
751;"656959.0"
752;"794323.0"
753;"25113615.0"
754;"5957.0"
755;"73442840.0"
756;"11655511.0"
757;"5342.0"
758;"446981.0"
759;"11235729.0"
760;"121396.0"
761;"34869.0"
762;"29435.0"
763;"9859248.0"
764;"9862248.0"
765;"444302.0"
766;"21867154.0"
767;"5287673.0"
768;"3715.0"
769;"5327159.0"
770;"15604015.0"
771;"3748.0"
772;"54675785.0"
773;"51039.0"
774;"5327057.0"
775;"2608.0"
776;"637517.0"
777;"9700.0"
778;"447049.0"
779;"14253.0"
780;"447278.0"
781;"24779674.0"
782;"5326871.0"
783;"68873.0"
784;"104758.0"
785;"44129630.0"
786;"448524.0"
787;"71661251.0"
788;"17754162.0"
789;"447154.0"
790;"4976.0"
791;"9854073.0"
792;"449014.0"
793;"10917.0"
794;"1715.0"
795;"9915886.0"
796;"4197.0"
797;"9883933.0"
798;"5289613.0"
799;"25154714.0"
800;"5241.0"
801;"44129620.0"
802;"15953860.0"
803;"3678.0"
804;"131704237.0"
805;"151483.0"
806;"657038.0"
807;"2372.0"
808;"33032.0"
809;"25023710.0"
810;"9433.0"
811;"259994.0"
812;"727.0"
813;"2378.0"
814;"24180722.0"
815;"5666.0"
816;"38904.0"
817;"3357.0"
818;"15991547.0"
819;"9822750.0"
820;"6433090.0"
821;"9051.0"
822;"6433106.0"
823;"46870043.0"
824;"6852141.0"
825;"86418.0"
826;"2315.0"
827;"5095.0"
828;"2969.0"
829;"39981.0"
830;"193962.0"
831;"25074887.0"
832;"4369497.0"
833;"5327045.0"
834;"10267.0"
835;"15942713.0"
836;"1060.0"
837;"5287845.0"
838;"5288017.0"
839;"24778473.0"
840;"2334.0"
841;"2099.0"
842;"185915.0"
843;"5287494.0"
844;"25150856.0"
845;"5353853.0"
846;"446400.0"
847;"25113127.0"
848;"16122582.0"
849;"9801.0"
850;"49866787.0"
851;"2520.0"
852;"449169.0"
853;"11553058.0"
854;"9799888.0"
855;"10174090.0"
856;"219024.0"
857;"259331.0"
858;"101543.0"
859;"25134249.0"
860;"79124.0"
861;"16681432.0"
862;"445468.0"
863;"5281070.0"
864;"17754131.0"
865;"5413.0"
866;"5340.0"
867;"5388929.0"
868;"281.0"
869;"24752833.0"
870;"54670067.0"
871;"447508.0"
872;"478379.0"
873;"2583.0"
874;"25271580.0"
875;"1069140.0"
876;"25419.0"
877;"53276.0"
878;"22617237.0"
879;"5289534.0"
880;"5289278.0"
881;"2164.0"
882;"4911.0"
883;"49866368.0"
884;"5496862.0"
885;"5360696.0"
886;"46937062.0"
887;"24864082.0"
888;"446238.0"
889;"11332763.0"
890;"448400.0"
891;"27447.0"
892;"9270.0"
893;"654376.0"
894;"445995.0"
895;"529.0"
896;"5111.0"
897;"46937090.0"
898;"11952989.0"
899;"10130120.0"
900;"11954380.0"
901;"131704254.0"
902;"441278.0"
903;"98487.0"
904;"445226.0"
905;"3958.0"
906;"444008.0"
907;"5329098.0"
908;"2771.0"
909;"23586146.0"
910;"4447.0"
911;"18432427.0"
912;"3000322.0"
913;"9935073.0"
914;"17759780.0"
915;"4107.0"
916;"2708.0"
917;"5494443.0"
918;"1701.0"
919;"87517.0"
920;"242332.0"
921;"446934.0"
922;"8646.0"
923;"9547940.0"
924;"961704.0"
925;"4078.0"
926;"16224058.0"
927;"656909.0"
928;"13308.0"
929;"5326887.0"
930;"5978.0"
931;"1054.0"
932;"68802.0"
933;"3058751.0"
934;"321.0"
935;"5331010.0"
936;"11495704.0"
937;"16129675.0"
938;"5288373.0"
939;"208951.0"
940;"3202.0"
941;"9797857.0"
942;"501640.0"
943;"14584.0"
944;"6326983.0"
945;"19910.0"
946;"5462222.0"
947;"43594.0"
948;"60606.0"
949;"657141.0"
950;"5281855.0"
951;"198752.0"
952;"2083.0"
953;"83242.0"
954;"24066.0"
955;"96876.0"
956;"24871491.0"
957;"5284627.0"
958;"468595.0"
959;"8515.0"
960;"261000.0"
961;"10224714.0"
962;"11967809.0"
963;"11504295.0"
964;"5311304.0"
965;"24779675.0"
966;"5281004.0"
967;"7057884.0"
968;"43008.0"
969;"6852201.0"
970;"4368.0"
971;"644241.0"
972;"451668.0"
973;"5388909.0"
974;"5327014.0"
975;"25113616.0"
976;"446967.0"
977;"56649450.0"
978;"12229396.0"
979;"187.0"
980;"56928011.0"
981;"4357.0"
982;"54687.0"
983;"47320.0"
984;"73303.0"
985;"54477.0"
986;"101616.0"
987;"24178121.0"
988;"6914633.0"
989;"444761.0"
990;"5359268.0"
991;"9642.0"
992;"5496653.0"
993;"1122713.0"
994;"439213.0"
995;"1091.0"
996;"24875302.0"
997;"46937059.0"
998;"2554.0"
999;"5311068.0"
1000;"107758.0"
1001;"21302490.0"
1002;"9915743.0"
1003;"72281.0"
1004;"446756.0"
1005;"27125.0"
1006;"5289024.0"
1007;"101544.0"
1008;"4369433.0"
1009;"439352.0"
1010;"25049750.0"
1011;"3964.0"
1012;"5312830.0"
1013;"445723.0"
1014;"6918509.0"
1015;"4737.0"
1016;"444849.0"
1017;"4858.0"
4097;"446592.0"
1018;"18068.0"
1019;"54727985.0"
1020;"5284570.0"
1021;"5865.0"
1022;"5359272.0"
1023;"5288631.0"
1024;"15991588.0"
1025;"5312804.0"
1026;"11560787.0"
1027;"5326885.0"
1028;"2913.0"
1029;"16136245.0"
1030;"446320.0"
1031;"5287525.0"
1032;"5289411.0"
1033;"10904076.0"
1034;"16750073.0"
1035;"5288371.0"
1036;"3083544.0"
1037;"16105493.0"
1038;"60947.0"
1039;"5289474.0"
1040;"11156438.0"
1041;"400010.0"
1042;"168131.0"
1043;"16726072.0"
1044;"4495.0"
1045;"43157.0"
1046;"151075.0"
1047;"5282379.0"
1048;"6918852.0"
1049;"5280805.0"
1050;"2776424.0"
1051;"16122633.0"
1052;"5288113.0"
1053;"441335.0"
1054;"17758361.0"
1055;"4395717.0"
1056;"2796.0"
1057;"5494440.0"
1058;"3314.0"
1059;"688561.0"
1060;"2581.0"
1061;"2541.0"
1062;"5429.0"
1063;"447715.0"
1064;"60921.0"
1065;"445732.0"
1066;"192826.0"
1067;"108000.0"
1068;"25023881.0"
1069;"46937051.0"
1070;"54892.0"
1071;"131682.0"
1072;"444144.0"
1073;"2446.0"
1074;"9804302.0"
1075;"4887.0"
1076;"25058136.0"
1077;"46937079.0"
1078;"37720.0"
1079;"9403.0"
1080;"445966.0"
1081;"6037.0"
1082;"24239.0"
1083;"233240.0"
1084;"5288251.0"
1085;"2391.0"
1086;"21081761.0"
1087;"11987874.0"
1088;"6726.0"
1089;"156414.0"
1090;"10783.0"
1091;"108223.0"
1092;"9886249.0"
1093;"68870.0"
1094;"5172.0"
1095;"5497171.0"
1096;"24798741.0"
1097;"442343.0"
1098;"2468.0"
1099;"17754111.0"
1100;"667490.0"
1101;"449088.0"
1102;"2405.0"
1103;"448601.0"
1104;"25113123.0"
1105;"17754066.0"
1106;"82148.0"
1107;"6058.0"
1108;"2153.0"
1109;"5734.0"
1110;"446284.0"
1111;"449167.0"
1112;"46937116.0"
1113;"2200.0"
1114;"11963551.0"
1115;"441443.0"
1116;"5289159.0"
1117;"6018.0"
1118;"5850.0"
1119;"11653652.0"
1120;"444503.0"
1121;"11285588.0"
1122;"216235.0"
1123;"656913.0"
1124;"446605.0"
1125;"6918331.0"
1126;"445849.0"
1127;"5287841.0"
1128;"790.0"
1129;"10389239.0"
1130;"6918365.0"
1131;"1123.0"
1132;"11967905.0"
1133;"3102.0"
1134;"9853654.0"
1135;"3543.0"
1136;"5288464.0"
1137;"11957380.0"
1138;"213046.0"
1139;"4612.0"
1140;"691952.0"
1141;"15942651.0"
1142;"158758.0"
1143;"4469371.0"
1144;"6451149.0"
1145;"5478838.0"
1146;"44139752.0"
1147;"8280.0"
1148;"448326.0"
1149;"4162.0"
1150;"3878.0"
1151;"4754.0"
1152;"5906.0"
1153;"32798.0"
1154;"3902.0"
1155;"25011732.0"
1156;"1032.0"
1157;"6438895.0"
1158;"2727.0"
1159;"246983.0"
1160;"9574101.0"
1161;"151166.0"
1162;"24180720.0"
1163;"5288606.0"
1164;"447733.0"
1165;"10518.0"
1166;"16078.0"
1167;"445561.0"
1168;"21733122.0"
1169;"6914273.0"
1170;"10442.0"
1171;"60750.0"
1172;"3162.0"
1173;"46937060.0"
1174;"6445226.0"
1175;"3598.0"
1176;"26721.0"
1177;"447873.0"
1178;"446201.0"
1179;"4883.0"
1180;"16741228.0"
1181;"8275.0"
1182;"13791.0"
1183;"4649.0"
1184;"13611.0"
1185;"71371.0"
1186;"16040281.0"
1187;"3775.0"
1188;"92974.0"
1189;"487101.0"
1190;"31260.0"
1191;"446665.0"
1192;"25058141.0"
1193;"5326713.0"
1194;"11561674.0"
1195;"24894153.0"
1196;"23644529.0"
1197;"2141.0"
1198;"89105.0"
1199;"2576.0"
1200;"5311505.0"
1201;"447277.0"
1202;"2369.0"
1203;"1854.0"
1204;"5327122.0"
1205;"131704310.0"
1206;"16122635.0"
1207;"24759.0"
1208;"4369172.0"
1209;"77022.0"
1210;"11531308.0"
1211;"189821.0"
1212;"89767.0"
1213;"448803.0"
1214;"439691.0"
1215;"158385.0"
1216;"89921642.0"
1217;"5326876.0"
1218;"4634717.0"
1219;"71415.0"
1220;"11572962.0"
1221;"72165228.0"
1222;"42647297.0"
1223;"936.0"
1224;"10320144.0"
1225;"11250647.0"
1226;"2182.0"
1227;"9085.0"
1228;"49.0"
1229;"25183872.0"
1230;"11313622.0"
1231;"60773.0"
1232;"9543521.0"
1233;"2803.0"
1234;"66249.0"
1235;"134018.0"
1236;"6918055.0"
1237;"2750.0"
1238;"124823.0"
1239;"131704263.0"
1240;"5881.0"
1241;"6918537.0"
1242;"2084.0"
1243;"5288238.0"
1244;"24770445.0"
1245;"46937156.0"
1246;"41867.0"
1247;"4797.0"
1248;"6256.0"
1249;"123879.0"
1250;"449575.0"
1251;"5281.0"
1252;"5280363.0"
1253;"54685524.0"
1254;"5004.0"
1255;"5288139.0"
1256;"461279.0"
1257;"5326884.0"
1258;"11840920.0"
1259;"24754814.0"
1260;"123938.0"
1261;"5556.0"
1262;"11987860.0"
1263;"3038525.0"
1264;"5326813.0"
1265;"9846339.0"
1266;"19649.0"
1267;"5288499.0"
1268;"23897.0"
1269;"5726921.0"
1270;"5311066.0"
1271;"176.0"
1272;"134497.0"
1273;"24963048.0"
1274;"4030.0"
1275;"62959.0"
1276;"24836812.0"
1277;"5351166.0"
1278;"54929.0"
1279;"10138993.0"
1280;"9887712.0"
1281;"192711.0"
1282;"6369389.0"
1283;"10397869.0"
1284;"60795.0"
1285;"447341.0"
1286;"11608401.0"
1287;"156422.0"
1288;"6857719.0"
1289;"54726192.0"
1290;"3345.0"
1291;"70678542.0"
1292;"1045.0"
1293;"23645578.0"
1294;"54766.0"
1295;"25021186.0"
1296;"447339.0"
1297;"2451.0"
1298;"208902.0"
1299;"64139.0"
1300;"5119267.0"
1301;"5281078.0"
1302;"449633.0"
1303;"196672.0"
1304;"439176.0"
1305;"446355.0"
1306;"131704187.0"
1307;"5288711.0"
1308;"44129612.0"
1309;"656917.0"
1310;"6918558.0"
1311;"7419.0"
1312;"5880.0"
1313;"2762.0"
1314;"446113.0"
1315;"10180201.0"
1316;"165230.0"
1317;"3826.0"
1318;"11492186.0"
1319;"3305.0"
1320;"5311000.0"
1321;"444461.0"
1322;"11696113.0"
1323;"447219.0"
1324;"1150567.0"
1325;"656652.0"
1326;"46936905.0"
1327;"6450806.0"
1328;"54676537.0"
1329;"447945.0"
1330;"441401.0"
1331;"1535935.0"
1332;"6102820.0"
1333;"11434515.0"
1334;"9933475.0"
1335;"23647657.0"
1336;"444655.0"
1337;"441350.0"
1338;"77993.0"
1339;"92400.0"
1340;"131704277.0"
1341;"656989.0"
1342;"11511120.0"
1343;"9547900.0"
1344;"23653533.0"
1345;"3454.0"
1346;"11658860.0"
1347;"6323481.0"
1348;"1372.0"
1349;"5327073.0"
1350;"46937157.0"
1351;"72172.0"
1352;"449123.0"
1353;"446966.0"
1354;"44185.0"
1355;"11319217.0"
1356;"5735.0"
1357;"55285.0"
1358;"97297.0"
1359;"5210.0"
1360;"219090.0"
1361;"5359405.0"
1362;"5411.0"
1363;"9826451.0"
1364;"54746.0"
1365;"6419766.0"
1366;"454216.0"
1367;"446277.0"
1368;"131675359.0"
1369;"221493.0"
1370;"6323540.0"
1371;"9934347.0"
1372;"5288850.0"
1373;"448002.0"
1374;"9832383.0"
1375;"148202.0"
1376;"440104.0"
1377;"1110.0"
1378;"657004.0"
1379;"24752838.0"
1380;"5920.0"
1381;"23400214.0"
1382;"123630.0"
1383;"23724530.0"
1384;"446947.0"
1385;"13559281.0"
1386;"38853.0"
1387;"62452.0"
1388;"10221335.0"
1389;"656580.0"
1390;"10400412.0"
1391;"9852519.0"
1392;"123648.0"
1393;"131505.0"
1394;"6420152.0"
1395;"16739331.0"
1396;"68238.0"
1397;"445958.0"
1398;"3339.0"
1399;"91546.0"
1400;"445155.0"
1401;"46936829.0"
1402;"15942673.0"
1403;"449035.0"
1404;"49871007.0"
1405;"122077.0"
1406;"15118984.0"
1407;"10918.0"
1408;"656936.0"
1409;"4915.0"
1410;"16130957.0"
1411;"6918296.0"
1412;"7028.0"
1413;"44129608.0"
1414;"3342.0"
1415;"2218.0"
1416;"87031.0"
1417;"6230.0"
1418;"11069133.0"
1419;"9933197.0"
1420;"1755.0"
1421;"2249.0"
1422;"5193.0"
1423;"6914621.0"
1424;"3455.0"
1425;"444865.0"
1426;"9046.0"
1427;"439220.0"
1428;"73271.0"
1429;"449487.0"
1430;"449218.0"
1431;"148189.0"
1432;"68498031.0"
1433;"3386.0"
1434;"6440180.0"
1435;"44129627.0"
1436;"33042.0"
1437;"5326927.0"
1438;"5478865.0"
1439;"46937065.0"
1440;"5289419.0"
1441;"8153.0"
1442;"16739648.0"
1443;"79718.0"
1444;"12041.0"
1445;"6128.0"
1446;"110634.0"
1447;"71080.0"
1448;"4008.0"
1449;"3002977.0"
1450;"84815.0"
1451;"448167.0"
1452;"445354.0"
1453;"175496.0"
1454;"239.0"
1455;"5289037.0"
1456;"71384.0"
1457;"6102526.0"
1458;"3114.0"
1459;"5790.0"
1460;"5212.0"
1461;"25074470.0"
1462;"65906.0"
1463;"7697.0"
1464;"4369424.0"
1465;"3082654.0"
1466;"9549217.0"
1467;"5003498.0"
1468;"154101.0"
1469;"11973736.0"
1470;"9543420.0"
1471;"10220503.0"
1472;"447297.0"
1473;"54678486.0"
1474;"2381.0"
1475;"31721.0"
1476;"448505.0"
1477;"42647299.0"
1478;"42608447.0"
1479;"2059510.0"
1480;"2794.0"
1481;"11213558.0"
1482;"25210531.0"
1483;"9821178.0"
1484;"54671203.0"
1485;"445950.0"
1486;"46937054.0"
1487;"456362.0"
1488;"6102763.0"
1489;"8969.0"
1490;"444020.0"
1491;"191445.0"
1492;"446504.0"
1493;"44129601.0"
1494;"445480.0"
1495;"9956726.0"
1496;"3689.0"
1497;"42628063.0"
1498;"636403.0"
1499;"11597698.0"
1500;"4747.0"
1501;"3699841.0"
1502;"24771867.0"
1503;"64143.0"
1504;"6420119.0"
1505;"10308106.0"
1506;"82315.0"
1507;"4890.0"
1508;"8223.0"
1509;"15227560.0"
1510;"39765.0"
1511;"56330.0"
1512;"121904.0"
1513;"448953.0"
1514;"10458325.0"
1515;"46937131.0"
1516;"34521.0"
1517;"5360373.0"
1518;"5583.0"
1519;"3168.0"
1520;"79639.0"
1521;"22644374.0"
1522;"51045.0"
1523;"3033637.0"
1524;"3260017.0"
1525;"21233.0"
1526;"449096.0"
1527;"5568.0"
1528;"25295.0"
1529;"447098.0"
1530;"11149707.0"
1531;"448006.0"
1532;"26248.0"
1533;"6337614.0"
1534;"54680692.0"
1535;"71226662.0"
1536;"444718.0"
1537;"44229079.0"
1538;"2482.0"
1539;"2281.0"
1540;"152306.0"
1541;"16089915.0"
1542;"5289232.0"
1543;"4679.0"
1544;"5717.0"
1545;"123831.0"
1546;"3869.0"
1547;"16750106.0"
1548;"6852209.0"
1549;"11840929.0"
1550;"1549000.0"
1551;"5362391.0"
1552;"46936357.0"
1553;"446336.0"
1554;"439260.0"
1555;"5452.0"
1556;"3284.0"
1557;"16132416.0"
1558;"2787.0"
1559;"36523.0"
1560;"10364826.0"
1561;"30819.0"
1562;"446273.0"
1563;"2247.0"
1564;"449126.0"
1565;"443874.0"
1566;"10230.0"
1567;"9834298.0"
1568;"14309.0"
1569;"11840933.0"
1570;"15295578.0"
1571;"24836813.0"
1572;"9818306.0"
1573;"9824580.0"
1574;"10113978.0"
1575;"4614.0"
1576;"1184681.0"
1577;"10770.0"
1578;"6518.0"
1579;"5287544.0"
1580;"67462786.0"
1581;"8778.0"
1582;"985.0"
1583;"9926791.0"
1584;"46937093.0"
1585;"4762.0"
1586;"24012.0"
1587;"5289517.0"
1588;"785.0"
1589;"447096.0"
1590;"235905.0"
1591;"4909.0"
1592;"5353370.0"
1593;"130804.0"
1594;"122623.0"
1595;"44129629.0"
1596;"23644575.0"
1597;"54713659.0"
1598;"213053.0"
1599;"5289314.0"
4098;"446244.0"
1600;"5289507.0"
1601;"49852292.0"
1602;"5282761.0"
1603;"5362124.0"
1604;"16158208.0"
1605;"3038.0"
1606;"3035016.0"
1607;"5482.0"
1608;"638024.0"
1609;"23647659.0"
1610;"6992140.0"
1611;"5326960.0"
1612;"54723327.0"
1613;"121945.0"
1614;"72081.0"
1615;"10401956.0"
1616;"53465279.0"
1617;"10180.0"
1618;"5353303.0"
1619;"123982.0"
1620;"445707.0"
1621;"5287415.0"
1622;"128600.0"
1623;"44814423.0"
1624;"443958.0"
1625;"91270.0"
1626;"54682045.0"
1627;"644065.0"
1628;"23640750.0"
1629;"11660035.0"
1630;"6806.0"
1631;"4942.0"
1632;"6292.0"
1633;"5288320.0"
1634;"657043.0"
1635;"3038505.0"
1636;"6473.0"
1637;"5287799.0"
1638;"446308.0"
1639;"24771758.0"
1640;"21439.0"
1641;"9568614.0"
1642;"5289205.0"
1643;"6323374.0"
1644;"49806720.0"
1645;"25155578.0"
1646;"6098.0"
1647;"305.0"
1648;"456214.0"
1649;"16058752.0"
1650;"4212.0"
1651;"4810.0"
1652;"71329.0"
1653;"24873435.0"
1654;"4369171.0"
1655;"44129647.0"
1656;"4418.0"
1657;"25243853.0"
1658;"3025.0"
1659;"3671.0"
1660;"6234.0"
1661;"6435415.0"
1662;"8758.0"
1663;"25147494.0"
1664;"6267.0"
1665;"5287492.0"
1666;"445650.0"
1667;"181426.0"
1668;"1396.0"
1669;"17429.0"
1670;"11963557.0"
1671;"448008.0"
1672;"6914660.0"
1673;"450268.0"
1674;"9865515.0"
1675;"107984.0"
1676;"23978.0"
1677;"445920.0"
1678;"53001.0"
1679;"5326671.0"
1680;"447145.0"
1681;"72474.0"
1682;"3675.0"
1683;"37632.0"
1684;"243.0"
1685;"70119.0"
1686;"20299.0"
1687;"4369551.0"
1688;"6102684.0"
1689;"24987688.0"
1690;"11966124.0"
1691;"447522.0"
1692;"8333.0"
1693;"441243.0"
1694;"8977.0"
1695;"5381226.0"
1696;"2187.0"
1697;"11987861.0"
1698;"5311217.0"
1699;"448605.0"
1700;"34359.0"
1701;"24812758.0"
1702;"4122.0"
1703;"447815.0"
1704;"4497.0"
1705;"5281701.0"
1706;"5288795.0"
1707;"28864.0"
1708;"131704260.0"
1709;"5282237.0"
1710;"444705.0"
1711;"4564.0"
1712;"445646.0"
1713;"445463.0"
1714;"1349907.0"
1715;"9867361.0"
1716;"3016.0"
1717;"9923.0"
1718;"784.0"
1719;"854026.0"
1720;"70693500.0"
1721;"2809.0"
1722;"1543.0"
1723;"11949646.0"
1724;"24812721.0"
1725;"5359476.0"
1726;"4748.0"
1727;"208910.0"
1728;"40589.0"
1729;"5327154.0"
1730;"1387.0"
1731;"148195.0"
1732;"447199.0"
1733;"439501.0"
1734;"499953.0"
1735;"119607.0"
1736;"57379345.0"
1737;"736407.0"
1738;"177236.0"
1739;"11668.0"
1740;"46937152.0"
1741;"25134251.0"
1742;"448171.0"
1743;"71587201.0"
1744;"9952008.0"
1745;"9805430.0"
1746;"2353.0"
1747;"679.0"
1748;"448384.0"
1749;"446134.0"
1750;"2763788.0"
1751;"445936.0"
1752;"5288067.0"
1753;"2678.0"
1754;"394347.0"
1755;"5288988.0"
1756;"4636204.0"
1757;"11659487.0"
1758;"53359.0"
1759;"92851.0"
1760;"157839.0"
1761;"689043.0"
1762;"10250490.0"
1763;"4369429.0"
1764;"5289295.0"
1765;"4565.0"
1766;"2165.0"
1767;"4494.0"
1768;"44563262.0"
1769;"2365.0"
1770;"5288826.0"
1771;"22489160.0"
1772;"444406.0"
1773;"11634458.0"
1774;"4470566.0"
1775;"9690109.0"
1776;"68740.0"
1777;"25077405.0"
1778;"33776.0"
1779;"3690.0"
1780;"169870.0"
1781;"6843.0"
1782;"11987556.0"
1783;"65309.0"
1784;"5789.0"
1785;"5289228.0"
1786;"446286.0"
1787;"3476.0"
1788;"107970.0"
1789;"25113128.0"
1790;"3019.0"
1791;"46937097.0"
1792;"702.0"
1793;"132971.0"
1794;"174174.0"
1795;"667639.0"
1796;"6323235.0"
1797;"10156987.0"
1798;"66558664.0"
1799;"73049652.0"
1800;"8150.0"
1801;"447905.0"
1802;"3035442.0"
1803;"444746.0"
1804;"447872.0"
1805;"6957673.0"
1806;"5288266.0"
1807;"24864079.0"
1808;"60823.0"
1809;"449146.0"
1810;"37542.0"
1811;"3292.0"
1812;"5894.0"
1813;"5289389.0"
1814;"3290.0"
1815;"162569.0"
1816;"60855.0"
1817;"446414.0"
1818;"4347.0"
1819;"16040323.0"
1820;"5326976.0"
1821;"17755582.0"
1822;"24856363.0"
1823;"5289529.0"
1824;"448577.0"
1825;"193653.0"
1826;"148192.0"
1827;"6175.0"
1828;"159866.0"
1829;"448979.0"
1830;"880.0"
1831;"4174.0"
1832;"3657.0"
1833;"448024.0"
1834;"448009.0"
1835;"46937043.0"
1836;"9543487.0"
1837;"6918493.0"
1838;"445940.0"
1839;"68271.0"
1840;"49867144.0"
1841;"101989.0"
1842;"6323490.0"
1843;"92745.0"
1844;"5284512.0"
1845;"24798721.0"
1846;"46937120.0"
1847;"11175137.0"
1848;"4939.0"
1849;"3991.0"
1850;"323.0"
1851;"46937073.0"
1852;"5284373.0"
1853;"44602427.0"
1854;"119171.0"
1855;"5288453.0"
1856;"16058650.0"
1857;"23668193.0"
1858;"5530.0"
1859;"46937068.0"
1860;"447766.0"
1861;"444570.0"
1862;"449171.0"
1863;"3034048.0"
1864;"19826721.0"
1865;"23661697.0"
1866;"11987878.0"
1867;"588963.0"
1868;"4740.0"
1869;"12544.0"
1870;"68861.0"
1871;"16750059.0"
1872;"17754130.0"
1873;"439196.0"
1874;"5950.0"
1875;"4158.0"
1876;"5288173.0"
1877;"6914614.0"
1878;"5288724.0"
1879;"449500.0"
1880;"11160307.0"
1881;"4567.0"
1882;"46937113.0"
1883;"171833.0"
1884;"3337.0"
1885;"447249.0"
1886;"286.0"
1887;"46937045.0"
1888;"5284607.0"
1889;"23658582.0"
1890;"68614.0"
1891;"5281881.0"
1892;"3393.0"
1893;"68844.0"
1894;"10077130.0"
1895;"5819.0"
1896;"11840927.0"
1897;"1698.0"
1898;"1986.0"
1899;"9991833.0"
1900;"10909908.0"
1901;"77999.0"
1902;"65430.0"
1903;"516892.0"
1904;"5282489.0"
1905;"1676.0"
1906;"10096344.0"
1907;"5288395.0"
1908;"4870.0"
1909;"6852168.0"
1910;"5289110.0"
1911;"2733526.0"
1912;"10531.0"
1913;"446604.0"
1914;"6852206.0"
1915;"11291932.0"
1916;"6918638.0"
1917;"6918837.0"
1918;"9427.0"
1919;"44629555.0"
1920;"3035406.0"
1921;"444853.0"
1922;"2265.0"
1923;"110635.0"
1924;"6030.0"
1925;"6323220.0"
1926;"65359.0"
1927;"5289227.0"
1928;"42113.0"
1929;"9838022.0"
1930;"9547945.0"
1931;"54677946.0"
1932;"66265.0"
1933;"16133751.0"
1934;"5281081.0"
1935;"3676.0"
1936;"5488548.0"
1937;"5105.0"
1938;"445756.0"
1939;"216416.0"
1940;"11304412.0"
1941;"46705423.0"
1942;"448662.0"
1943;"6852167.0"
1944;"4578.0"
1945;"9809715.0"
1946;"5487427.0"
1947;"5327153.0"
1948;"3371.0"
1949;"440190.0"
1950;"17150.0"
1951;"448372.0"
1952;"25141092.0"
1953;"7389.0"
1954;"1700.0"
1955;"6603746.0"
1956;"23629654.0"
1957;"449245.0"
1958;"9547935.0"
1959;"5152.0"
1960;"51049968.0"
1961;"10993014.0"
1962;"9600423.0"
1963;"24832041.0"
1964;"24764430.0"
1965;"16134395.0"
1966;"455742.0"
1967;"11683.0"
1968;"5394.0"
1969;"4595.0"
1970;"5289424.0"
1971;"5289258.0"
1972;"78057.0"
1973;"5288708.0"
1974;"6918026.0"
1975;"6102762.0"
1976;"444569.0"
1977;"3325.0"
1978;"5235.0"
1979;"15942662.0"
1980;"6102822.0"
1981;"4327.0"
1982;"151194.0"
1983;"24883488.0"
1984;"5753.0"
1985;"6131.0"
1986;"9844011.0"
1987;"4747355.0"
1988;"24965990.0"
1989;"6918835.0"
1990;"11545694.0"
1991;"4893.0"
1992;"72301.0"
1993;"4688.0"
1994;"444450.0"
1995;"439551.0"
1996;"5494385.0"
1997;"65304.0"
1998;"199.0"
1999;"637090.0"
2000;"46937103.0"
2001;"3219.0"
2002;"440936.0"
2003;"11167118.0"
2004;"61503.0"
2005;"4440.0"
2006;"444.0"
2007;"5288651.0"
2008;"446978.0"
2009;"5757.0"
2010;"23576.0"
2011;"447518.0"
2012;"125132.0"
2013;"11291.0"
2014;"4469994.0"
2015;"3542.0"
2016;"17753851.0"
2017;"4369560.0"
2018;"11238823.0"
2019;"2022.0"
2020;"25243828.0"
2021;"5311017.0"
2022;"6093202.0"
2023;"5287408.0"
2024;"997.0"
2025;"2244.0"
2026;"2782689.0"
2027;"131704314.0"
2028;"448943.0"
2029;"4286.0"
2030;"3324.0"
2031;"447960.0"
2032;"449392.0"
2033;"5288588.0"
2034;"6420159.0"
2035;"177837.0"
2036;"7405.0"
2037;"6096886.0"
2038;"9824562.0"
2039;"145729.0"
2040;"5288878.0"
2041;"5289531.0"
2042;"3823.0"
2043;"22690393.0"
2044;"46937081.0"
2045;"448889.0"
2046;"10299876.0"
2047;"45480634.0"
2048;"11304743.0"
2049;"5362129.0"
2050;"4170.0"
2051;"449005.0"
2052;"11861988.0"
2053;"4097.0"
2054;"17754108.0"
2055;"161647.0"
2056;"10062737.0"
2057;"5288018.0"
2058;"24963046.0"
2059;"448513.0"
2060;"24836815.0"
2061;"5755.0"
2062;"13136.0"
2063;"5143.0"
2064;"3295.0"
2065;"5327103.0"
2066;"444883.0"
2067;"3180.0"
2068;"56599306.0"
2069;"444765.0"
2070;"6287.0"
2071;"11522441.0"
2072;"9547919.0"
2073;"5287515.0"
2074;"3922.0"
2075;"1993.0"
2076;"202225.0"
2077;"5280793.0"
2078;"9963148.0"
2079;"3696.0"
2080;"16122612.0"
2081;"447962.0"
2082;"891831.0"
2083;"9863447.0"
2084;"3601.0"
2085;"42008.0"
2086;"4635864.0"
2087;"24875301.0"
2088;"5311051.0"
2089;"2968.0"
2090;"11978813.0"
2091;"3198.0"
2092;"448108.0"
2093;"4642.0"
2094;"46937105.0"
2095;"3086674.0"
2096;"440141.0"
2097;"3637.0"
2098;"56840904.0"
2099;"447364.0"
2100;"11373270.0"
2101;"1707.0"
2102;"9926933.0"
2103;"41781.0"
2104;"11625818.0"
2105;"4369477.0"
2106;"5289086.0"
2107;"5951.0"
2108;"13505.0"
2109;"447234.0"
2110;"3899541.0"
2111;"6027.0"
2112;"42627562.0"
2113;"92180.0"
2114;"46937155.0"
2115;"3948.0"
2116;"20284644.0"
2117;"159296.0"
2118;"610479.0"
2119;"6105620.0"
2120;"56927879.0"
2121;"6327654.0"
2122;"131704323.0"
2123;"11749858.0"
2124;"6914564.0"
2125;"448632.0"
2126;"227.0"
2127;"11256664.0"
2128;"4195.0"
2129;"4184.0"
2130;"131664.0"
2131;"222528.0"
2132;"24794406.0"
2133;"449362.0"
2134;"448254.0"
2135;"5997.0"
2136;"24836810.0"
2137;"23653531.0"
2138;"5329.0"
2139;"5288394.0"
2140;"3032732.0"
2141;"124087.0"
2142;"39912.0"
2143;"5327066.0"
2144;"5281613.0"
2145;"2756.0"
2146;"155774.0"
2147;"31401.0"
2148;"16129681.0"
2149;"5884.0"
2150;"7167925.0"
2151;"5362422.0"
2152;"5326925.0"
2153;"6995013.0"
2154;"1051.0"
2155;"4369084.0"
2156;"11955614.0"
2157;"700.0"
2158;"4543.0"
2159;"46936782.0"
2160;"444455.0"
2161;"3332.0"
2162;"46937086.0"
2163;"151170.0"
2164;"16842.0"
2165;"3052778.0"
2166;"182137.0"
2167;"65833.0"
2168;"444727.0"
2169;"6646.0"
2170;"14123494.0"
2171;"444440.0"
2172;"256737.0"
2173;"7966.0"
2174;"9957008.0"
2175;"4634231.0"
2176;"16960.0"
2177;"443130.0"
2178;"62662.0"
2179;"43708.0"
2180;"90334.0"
2181;"4026.0"
4099;"477468.0"
2182;"104625.0"
2183;"446512.0"
2184;"237.0"
2185;"1723.0"
2186;"447732.0"
2187;"11269429.0"
2188;"2724385.0"
2189;"447966.0"
2190;"5358.0"
2191;"446824.0"
2192;"5572.0"
2193;"119205.0"
2194;"131704172.0"
2195;"17754181.0"
2196;"130021.0"
2197;"5484727.0"
2198;"5281884.0"
2199;"9911830.0"
2200;"219100.0"
2201;"11753673.0"
2202;"119032.0"
2203;"68792.0"
2204;"5289179.0"
2205;"5526.0"
2206;"9888484.0"
2207;"20541332.0"
2208;"5276507.0"
2209;"5282219.0"
2210;"28417.0"
2211;"5599.0"
2212;"167159.0"
2213;"4873.0"
2214;"446345.0"
2215;"123801.0"
2216;"71353.0"
2217;"5288674.0"
2218;"24801863.0"
2219;"6916249.0"
2220;"1829.0"
2221;"6741.0"
2222;"24775005.0"
2223;"449186.0"
2224;"46937053.0"
2225;"6253.0"
2226;"5287902.0"
2227;"5311067.0"
2228;"5287869.0"
2229;"4659569.0"
2230;"6224.0"
2231;"5281897.0"
2232;"126569.0"
2233;"54695768.0"
2234;"445319.0"
2235;"4917.0"
2236;"452548.0"
2237;"160531.0"
2238;"16750094.0"
2239;"46936435.0"
2240;"5839.0"
2241;"146570.0"
2242;"65562.0"
2243;"5288783.0"
2244;"688859.0"
2245;"5282230.0"
2246;"16684434.0"
2247;"6323516.0"
2248;"10972974.0"
2249;"5311181.0"
2250;"445154.0"
2251;"6623.0"
2252;"387447.0"
2253;"156391.0"
2254;"5287540.0"
2255;"5289284.0"
2256;"4060.0"
2257;"4369452.0"
2258;"131704300.0"
2259;"398148.0"
2260;"10134160.0"
2261;"98527.0"
2262;"5280427.0"
2263;"1978.0"
2264;"16211978.0"
2265;"2513.0"
2266;"5291.0"
2267;"449120.0"
2268;"5326566.0"
2269;"9941444.0"
2270;"36735.0"
2271;"54677971.0"
2272;"456199.0"
2273;"10339710.0"
2274;"25210478.0"
2275;"11691442.0"
2276;"3652.0"
2277;"8759.0"
2278;"3893.0"
2279;"6106.0"
2280;"6914629.0"
2281;"44308490.0"
2282;"11494412.0"
2283;"6102781.0"
2284;"58460047.0"
2285;"46936702.0"
2286;"60838.0"
2287;"155448.0"
2288;"6918670.0"
2289;"114683.0"
2290;"447336.0"
2291;"17754078.0"
2292;"5280453.0"
2293;"2267.0"
2294;"11675645.0"
2295;"44631912.0"
2296;"3080.0"
2297;"445718.0"
2298;"3000715.0"
2299;"6793.0"
2300;"23629645.0"
2301;"447271.0"
2302;"312145.0"
2303;"10909430.0"
2304;"445344.0"
2305;"650361.0"
2306;"222757.0"
2307;"6610318.0"
2308;"9543528.0"
2309;"6.0"
2310;"60657.0"
2311;"123865.0"
2312;"1176.0"
2313;"4478249.0"
2314;"4850.0"
2315;"5724.0"
2316;"6102686.0"
2317;"55283.0"
2318;"9939865.0"
2319;"131704239.0"
2320;"185914.0"
2321;"763.0"
2322;"131624.0"
2323;"54454.0"
2324;"1507.0"
2325;"1001.0"
2326;"5459816.0"
2327;"16040289.0"
2328;"446998.0"
2329;"4932.0"
2330;"5160.0"
2331;"14611919.0"
2332;"24941249.0"
2333;"11460087.0"
2334;"9931954.0"
2335;"54675783.0"
2336;"4300.0"
2337;"2266.0"
2338;"5327104.0"
2339;"188347.0"
2340;"4456.0"
2341;"5326934.0"
2342;"68617.0"
2343;"445076.0"
2344;"72271.0"
2345;"92153.0"
2346;"131704225.0"
2347;"4369435.0"
2348;"128882.0"
2349;"5289039.0"
2350;"2663.0"
2351;"4369380.0"
2352;"76968835.0"
2353;"9821217.0"
2354;"3022.0"
2355;"6914643.0"
2356;"5327091.0"
2357;"131704234.0"
2358;"60937.0"
2359;"5362259.0"
2360;"2955.0"
2361;"444498.0"
2362;"6436219.0"
2363;"445643.0"
2364;"24836811.0"
2365;"11705956.0"
2366;"3758.0"
2367;"5284592.0"
2368;"712421.0"
2369;"71398.0"
2370;"9604653.0"
2371;"131704256.0"
2372;"4359.0"
2373;"448249.0"
2374;"446346.0"
2375;"5326826.0"
2376;"11840917.0"
2377;"5959.0"
2378;"6464.0"
2379;"24880018.0"
2380;"4409.0"
2381;"3092847.0"
2382;"232446.0"
2383;"4644.0"
2384;"1282.0"
2385;"9549259.0"
2386;"2907.0"
2387;"236702.0"
2388;"92536013.0"
2389;"6323182.0"
2390;"4616.0"
2391;"4477.0"
2392;"4033.0"
2393;"9865442.0"
2394;"446727.0"
2395;"34040.0"
2396;"24800833.0"
2397;"11987888.0"
2398;"24851688.0"
2399;"4369162.0"
2400;"448269.0"
2401;"18283.0"
2402;"446429.0"
2403;"4632.0"
2404;"164827.0"
2405;"681.0"
2406;"9601217.0"
2407;"656949.0"
2408;"656968.0"
2409;"1983.0"
2410;"65632.0"
2411;"6714002.0"
2412;"8761.0"
2413;"974.0"
2414;"165151.0"
2415;"446399.0"
2416;"657140.0"
2417;"64929.0"
2418;"5311412.0"
2419;"5326966.0"
2420;"131704231.0"
2421;"13769.0"
2422;"92105.0"
2423;"5591.0"
2424;"3792.0"
2425;"22021390.0"
2426;"5029.0"
2427;"3311.0"
2428;"164509.0"
2429;"54841.0"
2430;"1082702.0"
2431;"24889392.0"
2432;"444390.0"
2433;"65258.0"
2434;"6031.0"
2435;"6915835.0"
2436;"5281071.0"
2437;"11516136.0"
2438;"7558.0"
2439;"13711.0"
2440;"4189.0"
2441;"5362436.0"
2442;"8612.0"
2443;"42890.0"
2444;"2014.0"
2445;"6914626.0"
2446;"126941.0"
2447;"44591583.0"
2448;"46937168.0"
2449;"3256857.0"
2450;"6115.0"
2451;"62886.0"
2452;"4369414.0"
2453;"11476460.0"
2454;"9257.0"
2455;"3899.0"
2456;"10017976.0"
2457;"5288605.0"
2458;"115237.0"
2459;"35370.0"
2460;"2767.0"
2461;"4837.0"
2462;"4073054.0"
2463;"9884318.0"
2464;"92282619.0"
2465;"3463.0"
2466;"162636.0"
2467;"131704246.0"
2468;"60206636.0"
2469;"5287541.0"
2470;"5074.0"
2471;"165138.0"
2472;"657007.0"
2473;"446220.0"
2474;"5326870.0"
2475;"2327.0"
2476;"5361.0"
2477;"5281051.0"
2478;"31072.0"
2479;"23659732.0"
2480;"4369498.0"
2481;"178052.0"
2482;"17753979.0"
2483;"656629.0"
2484;"8060.0"
2485;"643975.0"
2486;"100154.0"
2487;"5226.0"
2488;"134664.0"
2489;"46937162.0"
2490;"5289508.0"
2491;"9968957.0"
2492;"5468.0"
2493;"11809364.0"
2494;"449087.0"
2495;"8076.0"
2496;"6858240.0"
2497;"54682463.0"
2498;"3033825.0"
2499;"17676.0"
2500;"77918.0"
2501;"11507920.0"
2502;"4583.0"
2503;"17753965.0"
2504;"2337.0"
2505;"5287785.0"
2506;"5440.0"
2507;"447735.0"
2508;"5413034.0"
2509;"9576916.0"
2510;"65064.0"
2511;"447027.0"
2512;"16682987.0"
2513;"3503.0"
2514;"6323497.0"
2515;"216466.0"
2516;"6323375.0"
2517;"3581192.0"
2518;"46937030.0"
2519;"5287565.0"
2520;"12000240.0"
2521;"446676.0"
2522;"5359421.0"
2523;"5773.0"
2524;"6119063.0"
2525;"17754173.0"
2526;"71357.0"
2527;"223368.0"
2528;"447340.0"
2529;"23653508.0"
2530;"131704298.0"
2531;"444237.0"
2532;"179340.0"
2533;"67683363.0"
2534;"60817.0"
2535;"165390.0"
2536;"23925.0"
2537;"9837243.0"
2538;"102232.0"
2539;"657077.0"
2540;"6005.0"
2541;"5538.0"
2542;"5283731.0"
2543;"11579.0"
2544;"446411.0"
2545;"444766.0"
2546;"16129582.0"
2547;"121942.0"
2548;"9861547.0"
2549;"6804.0"
2550;"444972.0"
2551;"16122553.0"
2552;"64147.0"
2553;"156419.0"
2554;"6852147.0"
2555;"5289214.0"
2556;"44129603.0"
2557;"24958200.0"
2558;"444818.0"
2559;"5311365.0"
2560;"107807.0"
2561;"119570.0"
2562;"9887557.0"
2563;"6323362.0"
2564;"9868037.0"
2565;"16129579.0"
2566;"6852165.0"
2567;"145742.0"
2568;"17753880.0"
2569;"5493381.0"
2570;"446245.0"
2571;"91443.0"
2572;"5311.0"
2573;"24856.0"
2574;"5459373.0"
2575;"9863791.0"
2576;"4046.0"
2577;"9831652.0"
2578;"10214.0"
2579;"447029.0"
2580;"1530.0"
2581;"171548.0"
2582;"119432.0"
2583;"10548.0"
2584;"5287969.0"
2585;"92109.0"
2586;"449346.0"
2587;"16058629.0"
2588;"447771.0"
2589;"448748.0"
2590;"6915836.0"
2591;"4260.0"
2592;"78058.0"
2593;"45268539.0"
2594;"24779678.0"
2595;"6950578.0"
2596;"439444.0"
2597;"5276854.0"
2598;"446127.0"
2599;"66535.0"
2600;"5289215.0"
2601;"378.0"
2602;"153270.0"
2603;"4100.0"
2604;"5284553.0"
2605;"5288557.0"
2606;"14899645.0"
2607;"71481097.0"
2608;"216325.0"
2609;"24768549.0"
2610;"5245.0"
2611;"441923.0"
2612;"11993702.0"
2613;"447523.0"
2614;"25113126.0"
2615;"73333.0"
2616;"5287789.0"
2617;"44176356.0"
2618;"46937119.0"
2619;"2160.0"
2620;"656665.0"
2621;"6918107.0"
2622;"11574606.0"
2623;"2562.0"
2624;"54679224.0"
2625;"2398.0"
2626;"66898.0"
2627;"5289333.0"
2628;"5162682.0"
2629;"6450551.0"
2630;"65110.0"
2631;"2910.0"
2632;"448969.0"
2633;"46937099.0"
2634;"10915062.0"
2635;"1944.0"
2636;"1432578.0"
2637;"80654.0"
2638;"32778.0"
2639;"56944144.0"
2640;"9947999.0"
2641;"11357504.0"
2642;"3710.0"
2643;"1836.0"
2644;"104826.0"
2645;"454194.0"
2646;"5280951.0"
2647;"447524.0"
2648;"23647311.0"
2649;"284.0"
2650;"14052.0"
2651;"9291.0"
2652;"8271.0"
2653;"1188.0"
2654;"5005498.0"
2655;"5289108.0"
2656;"1881.0"
2657;"9677.0"
2658;"9941379.0"
2659;"5744.0"
2660;"656912.0"
2661;"46936260.0"
2662;"5282452.0"
2663;"446195.0"
2664;"446600.0"
2665;"5388962.0"
2666;"5875.0"
2667;"444107.0"
2668;"65999.0"
2669;"2343.0"
2670;"10305301.0"
2671;"25137844.0"
2672;"448763.0"
2673;"49855250.0"
2674;"46937046.0"
2675;"11840970.0"
2676;"5288581.0"
2677;"131704261.0"
2678;"50248.0"
2679;"5388925.0"
2680;"5795340.0"
2681;"443894.0"
2682;"446049.0"
2683;"42615253.0"
2684;"16129580.0"
2685;"44112.0"
2686;"5327130.0"
2687;"21078798.0"
2688;"11987868.0"
2689;"195347.0"
2690;"17753820.0"
2691;"49866901.0"
2692;"444036.0"
2693;"11500493.0"
2694;"446237.0"
2695;"6473883.0"
2696;"447362.0"
2697;"10621.0"
2698;"5326978.0"
2699;"449366.0"
2700;"3532.0"
2701;"6442177.0"
2702;"16682734.0"
2703;"56339.0"
2704;"9060.0"
2705;"460.0"
2706;"5310966.0"
2707;"8378.0"
2708;"216454.0"
2709;"5504.0"
2710;"60464.0"
2711;"448011.0"
2712;"4470378.0"
2713;"47938.0"
2714;"4463.0"
2715;"11289.0"
2716;"123895.0"
2717;"6440764.0"
2718;"5289514.0"
2719;"210332.0"
2720;"5961.0"
2721;"444965.0"
2722;"10286159.0"
2723;"5287465.0"
2724;"2973.0"
2725;"10204.0"
2726;"7532.0"
2727;"11840968.0"
2728;"46199646.0"
2729;"25174099.0"
2730;"4139.0"
2731;"193613.0"
2732;"439530.0"
2733;"11840911.0"
2734;"3559.0"
2735;"3599.0"
2736;"6409.0"
2737;"24456.0"
2738;"446833.0"
2739;"72231.0"
2740;"17754068.0"
2741;"5328.0"
2742;"656966.0"
2743;"46937115.0"
2744;"2216.0"
2745;"8179.0"
2746;"160355.0"
2747;"4236.0"
2748;"261004.0"
2749;"6419789.0"
2750;"11493598.0"
2751;"4991.0"
2752;"2342.0"
2753;"807.0"
2754;"5326739.0"
2755;"449244.0"
2756;"16058617.0"
2757;"5192.0"
2758;"1337.0"
2759;"4369343.0"
2760;"5326924.0"
2761;"70678590.0"
2762;"16678941.0"
2763;"11284169.0"
4100;"9925908.0"
2764;"151171.0"
2765;"5770.0"
2766;"3883.0"
2767;"2368.0"
2768;"6535.0"
2769;"3308.0"
2770;"171284.0"
2771;"33036.0"
2772;"4935.0"
2773;"656952.0"
2774;"5289428.0"
2775;"446541.0"
2776;"9853053.0"
2777;"24894149.0"
2778;"60815.0"
2779;"2118.0"
2780;"6918248.0"
2781;"448642.0"
2782;"5282242.0"
2783;"22297.0"
2784;"10127622.0"
2785;"5288382.0"
2786;"446753.0"
2787;"9863672.0"
2788;"4362.0"
2789;"447478.0"
2790;"447378.0"
2791;"5287571.0"
2792;"6437380.0"
2793;"14969.0"
2794;"4004.0"
2795;"7638.0"
2796;"5353288.0"
2797;"57469.0"
2798;"399618.0"
2799;"21855.0"
2800;"448535.0"
2801;"342.0"
2802;"3423265.0"
2803;"5280360.0"
2804;"449042.0"
2805;"17753915.0"
2806;"3448.0"
2807;"2146.0"
2808;"447573.0"
2809;"3373.0"
2810;"8226.0"
2811;"94599.0"
2812;"9547958.0"
2813;"10114365.0"
2814;"5362440.0"
2815;"22556917.0"
2816;"4437.0"
2817;"3749.0"
2818;"54727972.0"
2819;"40428878.0"
2820;"104747.0"
2821;"23724940.0"
2822;"5601.0"
2823;"3226.0"
2824;"5403.0"
2825;"10708341.0"
2826;"5284604.0"
2827;"5330608.0"
2828;"1175.0"
2829;"292661.0"
2830;"6918486.0"
2831;"445501.0"
2832;"13806.0"
2833;"4205.0"
2834;"736234.0"
2835;"24776445.0"
2836;"46937134.0"
2837;"17754027.0"
2838;"5321765.0"
2839;"938.0"
2840;"77992.0"
2841;"446783.0"
2842;"3261.0"
2843;"446965.0"
2844;"10302451.0"
2845;"159055.0"
2846;"492405.0"
2847;"5310967.0"
2848;"9782.0"
2849;"33613.0"
2850;"657087.0"
2851;"3781.0"
2852;"447196.0"
2853;"3369.0"
2854;"9882972.0"
2855;"3397.0"
2856;"6249.0"
2857;"667484.0"
2858;"131704276.0"
2859;"6852220.0"
2860;"5311309.0"
2861;"193512.0"
2862;"449157.0"
2863;"4592.0"
2864;"10249180.0"
2865;"5509.0"
2866;"10101.0"
2867;"5479530.0"
2868;"5288222.0"
2869;"5327096.0"
2870;"10345214.0"
2871;"656969.0"
2872;"3720.0"
2873;"11363176.0"
2874;"445784.0"
2875;"10680.0"
2876;"445555.0"
2877;"5288209.0"
2878;"516900.0"
2879;"9547884.0"
2880;"154257.0"
2881;"5336.0"
2882;"5426.0"
2883;"78607.0"
2884;"62930.0"
2885;"24864821.0"
2886;"4634038.0"
2887;"5288504.0"
2888;"2474.0"
2889;"6857692.0"
2890;"439326.0"
2891;"24764436.0"
2892;"5353305.0"
2893;"10311306.0"
2894;"446986.0"
2895;"3487.0"
2896;"12818200.0"
2897;"90311989.0"
2898;"31101.0"
2899;"5284550.0"
2900;"131704253.0"
2901;"46937133.0"
2902;"73342.0"
2903;"5574.0"
2904;"6852140.0"
2905;"448295.0"
2906;"4369432.0"
2907;"5287512.0"
2908;"4566.0"
2909;"2351.0"
2910;"12082259.0"
2911;"51263.0"
2912;"46937145.0"
2913;"52949062.0"
2914;"133005.0"
2915;"5327152.0"
2916;"5281224.0"
2917;"23653532.0"
2918;"6003770.0"
2919;"68205.0"
2920;"3034285.0"
2921;"4845.0"
2922;"12606920.0"
2923;"11526696.0"
2924;"10238.0"
2925;"6468.0"
2926;"5318517.0"
2927;"54684141.0"
2928;"11304895.0"
2929;"24856436.0"
2930;"1682.0"
2931;"447701.0"
2932;"656953.0"
2933;"21700.0"
2934;"448973.0"
2935;"446275.0"
2936;"71349.0"
2937;"12412578.0"
2938;"6436135.0"
2939;"5288821.0"
2940;"25093369.0"
2941;"24865390.0"
2942;"60490.0"
2943;"5359271.0"
2944;"1720.0"
2945;"67678.0"
2946;"3537.0"
2947;"17748441.0"
2948;"11960529.0"
2949;"26757.0"
2950;"9977819.0"
2951;"444451.0"
2952;"3052.0"
2953;"9819610.0"
2954;"15942672.0"
2955;"49846579.0"
2956;"93147.0"
2957;"3229.0"
2958;"448658.0"
2959;"10286462.0"
2960;"64968.0"
2961;"44263483.0"
2962;"46196517.0"
2963;"11967789.0"
2964;"446386.0"
2965;"44141871.0"
2966;"131704249.0"
2967;"6006.0"
2968;"5740.0"
2969;"7054.0"
2970;"439168.0"
2971;"4112111.0"
2972;"446805.0"
2973;"2484.0"
2974;"456390.0"
2975;"4781.0"
2976;"667466.0"
2977;"445722.0"
2978;"5330197.0"
2979;"194777.0"
2980;"25181315.0"
2981;"168120.0"
2982;"5289469.0"
2983;"10071196.0"
2984;"5438.0"
2985;"642324.0"
2986;"54758501.0"
2987;"3518.0"
2988;"5284583.0"
2989;"1933.0"
2990;"5287737.0"
2991;"10274777.0"
2992;"8631.0"
2993;"287180.0"
2994;"6604200.0"
2995;"21066087.0"
2996;"16362.0"
2997;"1587957.0"
2998;"445717.0"
2999;"33166.0"
3000;"444346.0"
3001;"447195.0"
3002;"6857691.0"
3003;"25011729.0"
3004;"5282381.0"
3005;"25210479.0"
3006;"92786.0"
3007;"3957.0"
3008;"41987.0"
3009;"971.0"
3010;"5139.0"
3011;"3034034.0"
3012;"896.0"
3013;"6323250.0"
3014;"446186.0"
3015;"4474585.0"
3016;"55466.0"
3017;"324690.0"
3018;"6420120.0"
3019;"6914573.0"
3020;"151174.0"
3021;"11538992.0"
3022;"5353788.0"
3023;"448573.0"
3024;"9549225.0"
3025;"446873.0"
3026;"2132.0"
3027;"656957.0"
3028;"5353307.0"
3029;"447329.0"
3030;"2206.0"
3031;"6446.0"
3032;"5280346.0"
3033;"123606.0"
3034;"867.0"
3035;"441300.0"
3036;"94191.0"
3037;"449190.0"
3038;"51634.0"
3039;"23647361.0"
3040;"9429.0"
3041;"46936176.0"
3042;"4462.0"
3043;"60953.0"
3044;"9864.0"
3045;"446994.0"
3046;"21319.0"
3047;"440995.0"
3048;"440005.0"
3049;"122173811.0"
3050;"152951.0"
3051;"57363.0"
3052;"10456828.0"
3053;"24180718.0"
3054;"25181321.0"
3055;"10348973.0"
3056;"447731.0"
3057;"71511839.0"
3058;"10100.0"
3059;"4021.0"
3060;"4116.0"
3061;"68841.0"
3062;"2131.0"
3063;"3336.0"
3064;"81831.0"
3065;"5288002.0"
3066;"5287495.0"
3067;"65016.0"
3068;"4912.0"
3069;"69020.0"
3070;"445109.0"
3071;"446090.0"
3072;"10062732.0"
3073;"3105.0"
3074;"54727980.0"
3075;"5833.0"
3076;"644013.0"
3077;"5462328.0"
3078;"12530.0"
3079;"447805.0"
3080;"6918314.0"
3081;"6323178.0"
3082;"5327092.0"
3083;"11404337.0"
3084;"24875313.0"
3085;"15664.0"
3086;"38945.0"
3087;"2374.0"
3088;"1021.0"
3089;"154059.0"
3090;"24436.0"
3091;"42611257.0"
3092;"5288859.0"
3093;"24014.0"
3094;"448436.0"
3095;"1369.0"
3096;"448013.0"
3097;"24836816.0"
3098;"6917779.0"
3099;"7060565.0"
3100;"449241.0"
3101;"5287890.0"
3102;"4173.0"
3103;"9547890.0"
3104;"4369.0"
3105;"5852.0"
3106;"9543486.0"
3107;"133021.0"
3108;"10249182.0"
3109;"3672.0"
3110;"108144.0"
3111;"24756824.0"
3112;"5478860.0"
3113;"11646.0"
3114;"17753777.0"
3115;"42627755.0"
3116;"447359.0"
3117;"5329103.0"
3118;"47528.0"
3119;"2350.0"
3120;"46937176.0"
3121;"444732.0"
3122;"44557636.0"
3123;"3005573.0"
3124;"5280343.0"
3125;"24808495.0"
3126;"16750123.0"
3127;"15547703.0"
3128;"444599.0"
3129;"2833.0"
3130;"5287870.0"
3131;"5862.0"
3132;"443936.0"
3133;"445892.0"
3134;"46937100.0"
3135;"107971.0"
3136;"447377.0"
3137;"24180721.0"
3138;"11500273.0"
3139;"5287459.0"
3140;"10062718.0"
3141;"71613.0"
3142;"11505008.0"
3143;"137.0"
3144;"74989.0"
3145;"4055.0"
3146;"4369390.0"
3147;"25113617.0"
3148;"69507.0"
3149;"91557.0"
3150;"14257662.0"
3151;"93082.0"
3152;"6102824.0"
3153;"5288814.0"
3154;"5289111.0"
3155;"6438583.0"
3156;"3348.0"
3157;"5775.0"
3158;"447076.0"
3159;"2145.0"
3160;"4062.0"
3161;"23722943.0"
3162;"6437378.0"
3163;"15978579.0"
3164;"444650.0"
3165;"21124461.0"
3166;"15906.0"
3167;"132519.0"
3168;"43815.0"
3169;"3385.0"
3170;"6917715.0"
3171;"75243795.0"
3172;"445841.0"
3173;"5288147.0"
3174;"2284.0"
3175;"5323.0"
3176;"647.0"
3177;"448940.0"
3178;"1548992.0"
3179;"60198.0"
3180;"5826.0"
3181;"5002.0"
3182;"46937102.0"
3183;"448828.0"
3184;"656668.0"
3185;"5311167.0"
3186;"443363.0"
3187;"6306.0"
3188;"16259.0"
3189;"447315.0"
3190;"5281104.0"
3191;"6918456.0"
3192;"5749.0"
3193;"49867153.0"
3194;"5388937.0"
3195;"11701820.0"
3196;"88064.0"
3197;"11963546.0"
3198;"448718.0"
3199;"7547.0"
3200;"56208.0"
3201;"501254.0"
3202;"448974.0"
3203;"11954293.0"
3204;"1667.0"
3205;"439153.0"
3206;"23657800.0"
3207;"444378.0"
3208;"54708735.0"
3209;"445824.0"
3210;"123964.0"
3211;"5665.0"
3212;"439246.0"
3213;"16040257.0"
3214;"3356.0"
3215;"5281042.0"
3216;"967.0"
3217;"6915744.0"
3218;"159252.0"
3219;"449209.0"
3220;"3038498.0"
3221;"68165256.0"
3222;"213049.0"
3223;"9796161.0"
3224;"11149906.0"
3225;"60919.0"
3226;"25210273.0"
3227;"4369393.0"
3228;"448890.0"
3229;"3182.0"
3230;"44129624.0"
3231;"24901723.0"
3232;"13373305.0"
3233;"70691449.0"
3234;"441207.0"
3235;"5403427.0"
3236;"9578005.0"
3237;"444837.0"
3238;"774282.0"
3239;"31378.0"
3240;"149790.0"
3241;"5573.0"
3242;"6101.0"
3243;"24989044.0"
3244;"46937083.0"
3245;"5206.0"
3246;"5988.0"
3247;"4674.0"
3248;"6597.0"
3249;"5944.0"
3250;"5936.0"
3251;"5287586.0"
3252;"46937127.0"
3253;"10086234.0"
3254;"54681908.0"
3255;"31275.0"
3256;"5284569.0"
3257;"64715.0"
3258;"68911.0"
3259;"24178120.0"
3260;"2761815.0"
3261;"24892821.0"
3262;"445825.0"
3263;"447458.0"
3264;"5330286.0"
3265;"54677470.0"
3266;"6326970.0"
3267;"5467.0"
3268;"9949848.0"
3269;"668.0"
3270;"16122585.0"
3271;"6918140.0"
3272;"10172943.0"
3273;"24812718.0"
3274;"447043.0"
3275;"445750.0"
3276;"24832027.0"
3277;"123979.0"
3278;"4528.0"
3279;"657308.0"
3280;"46937161.0"
3281;"163626.0"
3282;"7339.0"
3283;"5496715.0"
3284;"23653530.0"
3285;"54767916.0"
3286;"5287739.0"
3287;"446662.0"
3288;"39186.0"
3289;"3037032.0"
3290;"10135836.0"
3291;"5287617.0"
3292;"445713.0"
3293;"5281417.0"
3294;"5327123.0"
3295;"2088.0"
3296;"3446.0"
3297;"4369325.0"
3298;"11683556.0"
3299;"16850.0"
3300;"54676715.0"
3301;"92249.0"
3302;"4369568.0"
3303;"7970.0"
3304;"44257.0"
3305;"11270500.0"
3306;"4199.0"
3307;"447682.0"
3308;"54710214.0"
3309;"71768094.0"
3310;"108156.0"
3311;"5287692.0"
3312;"1511.0"
3313;"9552079.0"
3314;"4266.0"
3315;"9887812.0"
3316;"131704317.0"
3317;"4971.0"
3318;"5289460.0"
3319;"5281243.0"
3320;"19003.0"
3321;"27812.0"
3322;"445460.0"
3323;"46937028.0"
3324;"22298966.0"
3325;"11840913.0"
3326;"5289122.0"
3327;"6288.0"
3328;"6307.0"
3329;"3440.0"
3330;"1609.0"
3331;"2797541.0"
3332;"46882177.0"
3333;"6322.0"
3334;"72106.0"
3335;"447911.0"
3336;"447994.0"
3337;"5611.0"
3338;"3961.0"
3339;"11712649.0"
3340;"24894158.0"
3341;"233979.0"
3342;"444348.0"
3343;"36314.0"
3344;"131704313.0"
3345;"6869.0"
4101;"1990.0"
3346;"10050566.0"
3347;"750.0"
3348;"38103.0"
3349;"24861080.0"
3350;"3822.0"
3351;"448915.0"
3352;"66377.0"
3353;"457193.0"
3354;"3415.0"
3355;"4369103.0"
3356;"5479537.0"
3357;"448749.0"
3358;"3013848.0"
3359;"115069.0"
3360;"176077.0"
3361;"11149479.0"
3362;"25174101.0"
3363;"23656870.0"
3364;"5288145.0"
3365;"446202.0"
3366;"3033.0"
3367;"2196.0"
3368;"5287714.0"
3369;"15942655.0"
3370;"440317.0"
3371;"5327155.0"
3372;"2442.0"
3373;"446801.0"
3374;"45266800.0"
3375;"984.0"
3376;"11281011.0"
3377;"6540255.0"
3378;"4369080.0"
3379;"5288867.0"
3380;"7023019.0"
3381;"199994.0"
3382;"24894167.0"
3383;"21501.0"
3384;"2901.0"
3385;"11987804.0"
3386;"5288602.0"
3387;"5280489.0"
3388;"151243.0"
3389;"5280961.0"
3390;"444235.0"
3391;"4369285.0"
3392;"16722836.0"
3393;"5288259.0"
3394;"446916.0"
3395;"5070.0"
3396;"446598.0"
3397;"441290.0"
3398;"165879.0"
3399;"49843517.0"
3400;"67171867.0"
3401;"444885.0"
3402;"46937138.0"
3403;"65866.0"
3404;"10822243.0"
3405;"739358.0"
3406;"24963047.0"
3407;"5287488.0"
3408;"11779786.0"
3409;"443388.0"
3410;"2893.0"
3411;"2605.0"
3412;"6858209.0"
3413;"2795.0"
3414;"16220172.0"
3415;"444695.0"
3416;"43672.0"
3417;"46937143.0"
3418;"5288064.0"
3419;"5326866.0"
3420;"2754.0"
3421;"24822371.0"
3422;"13195.0"
3423;"516893.0"
3424;"6104.0"
3425;"5497056.0"
3426;"444797.0"
3427;"24866443.0"
3428;"3001028.0"
3429;"10288191.0"
3430;"4032.0"
3431;"3038522.0"
3432;"15950376.0"
3433;"441080.0"
3434;"5457.0"
3435;"445580.0"
3436;"445993.0"
3437;"2466.0"
3438;"448653.0"
3439;"115260.0"
3440;"448942.0"
3441;"448894.0"
3442;"5282415.0"
3443;"4149241.0"
3444;"11776755.0"
3445;"11505541.0"
3446;"11948288.0"
3447;"980.0"
3448;"5453.0"
3449;"9998128.0"
3450;"6102812.0"
3451;"9868491.0"
3452;"392622.0"
3453;"11852.0"
3454;"16741237.0"
3455;"17754035.0"
3456;"23727981.0"
3457;"5361323.0"
3458;"311.0"
3459;"11224409.0"
3460;"53387035.0"
3461;"5289112.0"
3462;"71306319.0"
3463;"53232.0"
3464;"6918305.0"
3465;"59768.0"
3466;"5359371.0"
3467;"2749.0"
3468;"68712.0"
3469;"28486.0"
3470;"5288615.0"
3471;"38409.0"
3472;"50599.0"
3473;"44571.0"
3474;"6279.0"
3475;"5289373.0"
3476;"6000.0"
3477;"447371.0"
3478;"131704177.0"
3479;"6323266.0"
3480;"119182.0"
3481;"34755.0"
3482;"4369082.0"
3483;"52942975.0"
3484;"115355.0"
3485;"104772.0"
3486;"3547.0"
3487;"6323197.0"
3488;"132302.0"
3489;"23700.0"
3490;"5546.0"
3491;"13017.0"
3492;"9927355.0"
3493;"91469.0"
3494;"192197.0"
3495;"4369567.0"
3496;"11188898.0"
3497;"5330812.0"
3498;"4763.0"
3499;"445675.0"
3500;"11651760.0"
3501;"79084.0"
3502;"24883486.0"
3503;"447405.0"
3504;"10450114.0"
3505;"1014.0"
3506;"16741116.0"
3507;"11483970.0"
3508;"941361.0"
3509;"3062316.0"
3510;"5531.0"
3511;"5280863.0"
3512;"46937080.0"
3513;"25023709.0"
3514;"1948.0"
3515;"23729147.0"
3516;"48041.0"
3517;"16136912.0"
3518;"6102788.0"
3519;"5288685.0"
3520;"644213.0"
3521;"5326869.0"
3522;"5288720.0"
3523;"9837656.0"
3524;"3055.0"
3525;"65124.0"
3526;"449462.0"
3527;"6914625.0"
3528;"15991577.0"
3529;"448062.0"
3530;"5327150.0"
3531;"4499.0"
3532;"5430.0"
3533;"54690031.0"
3534;"4290.0"
3535;"23586154.0"
3536;"3059.0"
3537;"72258.0"
3538;"9547923.0"
3539;"6099.0"
3540;"25203955.0"
3541;"10257.0"
3542;"8988.0"
3543;"10224181.0"
3544;"148121.0"
3545;"11001318.0"
3546;"24417.0"
3547;"1234.0"
3548;"5287850.0"
3549;"5878.0"
3550;"159324.0"
3551;"3256861.0"
3552;"1540.0"
3553;"165339.0"
3554;"24462.0"
3555;"24941258.0"
3556;"5326608.0"
3557;"24180714.0"
3558;"4891.0"
3559;"10089048.0"
3560;"131704306.0"
3561;"6918612.0"
3562;"447534.0"
3563;"5311071.0"
3564;"3825.0"
3565;"10403821.0"
3566;"56959087.0"
3567;"1484819.0"
3568;"5327131.0"
3569;"188350.0"
3570;"15627868.0"
3571;"10450624.0"
3572;"2130.0"
3573;"10095904.0"
3574;"6323527.0"
3575;"447835.0"
3576;"11556711.0"
3577;"2444.0"
3578;"23954.0"
3579;"5386.0"
3580;"447834.0"
3581;"54723704.0"
3582;"6119062.0"
3583;"5287467.0"
3584;"55245.0"
3585;"6540268.0"
3586;"30323.0"
3587;"17754054.0"
3588;"5288230.0"
3589;"5289324.0"
3590;"16129664.0"
3591;"6857690.0"
3592;"11005.0"
3593;"4684.0"
3594;"24901696.0"
3595;"16122643.0"
3596;"12219.0"
3597;"6172.0"
3598;"49866839.0"
3599;"3052762.0"
3600;"657098.0"
3601;"447655.0"
3602;"71300933.0"
3603;"2294.0"
3604;"24779677.0"
3605;"6109.0"
3606;"11674979.0"
3607;"30487.0"
3608;"60789.0"
3609;"3658.0"
3610;"5327160.0"
3611;"2719.0"
3612;"445302.0"
3613;"5288514.0"
3614;"444590.0"
3615;"3784.0"
3616;"9543424.0"
3617;"24963035.0"
3618;"181976.0"
3619;"65241.0"
3620;"2733.0"
3621;"4627204.0"
3622;"6862.0"
3623;"6540289.0"
3624;"440114.0"
3625;"129228.0"
3626;"6918589.0"
3627;"5287974.0"
3628;"15391.0"
3629;"4999.0"
3630;"444170.0"
3631;"1005.0"
3632;"10152654.0"
3633;"6603901.0"
3634;"5288538.0"
3635;"45273683.0"
3636;"24832019.0"
3637;"657041.0"
3638;"62156.0"
3639;"68770.0"
3640;"185460.0"
3641;"39562.0"
3642;"160556.0"
3643;"449243.0"
3644;"59227.0"
3645;"71771.0"
3646;"3702.0"
3647;"2431.0"
3648;"5312137.0"
3649;"104842.0"
3650;"11711595.0"
3651;"4585.0"
3652;"24798742.0"
3653;"5810.0"
3654;"5073.0"
3655;"441074.0"
3656;"3354.0"
3657;"2354.0"
3658;"63306.0"
3659;"447227.0"
3660;"6420178.0"
3661;"24971312.0"
3662;"5287610.0"
3663;"439524.0"
3664;"5362065.0"
3665;"9549223.0"
3666;"4369434.0"
3667;"656932.0"
3668;"2817424.0"
3669;"5289535.0"
3670;"9458.0"
3671;"688267.0"
3672;"5462442.0"
3673;"119590.0"
3674;"87642.0"
3675;"5326977.0"
3676;"9565.0"
3677;"24752844.0"
3678;"9823820.0"
3679;"8617.0"
3680;"4369101.0"
3681;"444182.0"
3682;"5533.0"
3683;"11840904.0"
3684;"15130.0"
3685;"23653500.0"
3686;"65063.0"
3687;"444607.0"
3688;"9549258.0"
3689;"445237.0"
3690;"5287846.0"
3691;"493570.0"
3692;"3001055.0"
3693;"121892.0"
3694;"445015.0"
3695;"9912519.0"
3696;"89594.0"
3697;"62867.0"
3698;"11290116.0"
3699;"17758920.0"
3700;"4037.0"
3701;"443408.0"
3702;"44259.0"
3703;"165491.0"
3704;"3157.0"
3705;"9869929.0"
3706;"444899.0"
3707;"9571004.0"
3708;"10178705.0"
3709;"8249.0"
3710;"5289501.0"
3711;"448238.0"
3712;"24941254.0"
3713;"2725.0"
3714;"24864078.0"
3715;"2726.0"
3716;"33887.0"
3717;"123871.0"
3718;"3380.0"
3719;"4630909.0"
3720;"6540428.0"
3721;"447123.0"
3722;"5326926.0"
3723;"657085.0"
3724;"5288332.0"
3725;"6436223.0"
3726;"44093.0"
3727;"448972.0"
3728;"5327013.0"
3729;"3007.0"
3730;"2856.0"
3731;"5288082.0"
3732;"2471.0"
3733;"5287706.0"
3734;"4066.0"
3735;"2225.0"
3736;"6834.0"
3737;"28204.0"
3738;"2765.0"
3739;"831616.0"
3740;"108092.0"
3741;"10235.0"
3742;"16666708.0"
3743;"448970.0"
3744;"2519.0"
3745;"4449.0"
3746;"57525501.0"
3747;"121891.0"
3748;"6057.0"
3749;"70931.0"
3750;"56069.0"
3751;"44599207.0"
3752;"76008.0"
3753;"44141860.0"
3754;"4820.0"
3755;"448991.0"
3756;"5281037.0"
3757;"903.0"
3758;"160024.0"
3759;"10275777.0"
3760;"45375808.0"
3761;"3191.0"
3762;"447700.0"
3763;"131704262.0"
3764;"129148.0"
3765;"440996.0"
3766;"4034.0"
3767;"9924495.0"
3768;"44129631.0"
3769;"446505.0"
3770;"9053.0"
3771;"24360.0"
3772;"4369141.0"
3773;"75846.0"
3774;"44144383.0"
3775;"5625.0"
3776;"11441375.0"
3777;"101798.0"
3778;"6729.0"
3779;"3343.0"
3780;"10095865.0"
3781;"447030.0"
3782;"66828839.0"
3783;"3291.0"
3784;"4293.0"
3785;"51081.0"
3786;"25113172.0"
3787;"11501341.0"
3788;"667476.0"
3789;"446054.0"
3790;"5287989.0"
3791;"6324659.0"
3792;"3033538.0"
3793;"31553.0"
3794;"6914624.0"
3795;"24199.0"
3796;"9817550.0"
3797;"745994.0"
3798;"115368.0"
3799;"9842606.0"
3800;"5326888.0"
3801;"11518241.0"
3802;"443943.0"
3803;"132999.0"
3804;"44129621.0"
3805;"448976.0"
3806;"5284551.0"
3807;"60846.0"
3808;"9547909.0"
3809;"153948.0"
3810;"4993.0"
3811;"16046126.0"
3812;"16757525.0"
3813;"18381.0"
3814;"5447130.0"
3815;"6010.0"
3816;"446814.0"
3817;"4470790.0"
3818;"49866889.0"
3819;"5311027.0"
3820;"84029.0"
3821;"6227.0"
3822;"25271577.0"
3823;"1613.0"
3824;"37393.0"
3825;"3256859.0"
3826;"676157.0"
3827;"17754184.0"
3828;"25242512.0"
3829;"33746.0"
3830;"3003141.0"
3831;"12374.0"
3832;"65103.0"
3833;"447466.0"
3834;"449021.0"
3835;"23728517.0"
3836;"10341154.0"
3837;"10150081.0"
3838;"285033.0"
3839;"1355.0"
3840;"11707110.0"
3841;"11428356.0"
3842;"2802.0"
3843;"5459918.0"
3844;"4474.0"
3845;"9942725.0"
3846;"10240.0"
3847;"3241.0"
3848;"6914661.0"
3849;"445957.0"
3850;"11567473.0"
3851;"586.0"
3852;"9750.0"
3853;"444635.0"
3854;"9820034.0"
3855;"20055414.0"
3856;"11712628.0"
3857;"753.0"
3858;"7504.0"
3859;"98614.0"
3860;"5311128.0"
3861;"15942652.0"
3862;"10411846.0"
3863;"4722579.0"
3864;"3374.0"
3865;"446241.0"
3866;"60871.0"
3867;"444139.0"
3868;"3034010.0"
3869;"46937132.0"
3870;"447476.0"
3871;"25129137.0"
3872;"443884.0"
3873;"17749728.0"
3874;"6024.0"
3875;"5287648.0"
3876;"46937052.0"
3877;"16122594.0"
3878;"5831.0"
3879;"190.0"
3880;"6228.0"
3881;"10042950.0"
3882;"6914657.0"
3883;"6917698.0"
3884;"5761.0"
3885;"32594.0"
3886;"24971313.0"
3887;"148140.0"
3888;"446143.0"
3889;"5288564.0"
3890;"5288641.0"
3891;"17754220.0"
3892;"13023332.0"
3893;"3033968.0"
3894;"3435.0"
3895;"22049997.0"
3896;"46936368.0"
3897;"111509.0"
3898;"3086401.0"
3899;"5288596.0"
3900;"2092.0"
3901;"16040294.0"
3902;"4641.0"
3903;"46937095.0"
3904;"5289442.0"
3905;"219077.0"
3906;"46936391.0"
3907;"124886.0"
3908;"5287550.0"
3909;"4064.0"
3910;"131704227.0"
3911;"145068.0"
3912;"445575.0"
3913;"44631903.0"
3914;"5496599.0"
3915;"61996.0"
3916;"1201549.0"
3917;"14205264.0"
3918;"25210.0"
3919;"439278.0"
3920;"6857702.0"
3921;"9822610.0"
3922;"22024915.0"
3923;"439284.0"
3924;"11502647.0"
3925;"124969.0"
3926;"24963036.0"
3927;"5391.0"
4102;"71070.0"
3928;"449459.0"
3929;"9084.0"
3930;"46937142.0"
3931;"4235.0"
3932;"24808489.0"
3933;"5282181.0"
3934;"5288710.0"
3935;"127151.0"
3936;"446239.0"
3937;"11581936.0"
3938;"447411.0"
3939;"5227.0"
3940;"33741.0"
3941;"24941263.0"
3942;"25102847.0"
3943;"70807.0"
3944;"5289417.0"
3945;"46937061.0"
3946;"5791881.0"
3947;"3396.0"
3948;"25030387.0"
3949;"996.0"
3950;"3064778.0"
3951;"10258.0"
3952;"3011155.0"
3953;"445114.0"
3954;"52195.0"
3955;"522325.0"
3956;"3033818.0"
3957;"11963512.0"
3958;"4992.0"
3959;"20055510.0"
3960;"5281915.0"
3961;"445785.0"
3962;"3821.0"
3963;"5288032.0"
3964;"9576891.0"
3965;"10297982.0"
3966;"447867.0"
3967;"462919.0"
3968;"3156.0"
3969;"441480.0"
3970;"16490.0"
3971;"25134253.0"
3972;"5289294.0"
3973;"5284632.0"
3974;"5253.0"
3975;"764.0"
3976;"446124.0"
3977;"17754396.0"
3978;"3365.0"
3979;"3952261.0"
3980;"24882195.0"
3981;"54682461.0"
3982;"5991.0"
3983;"1783.0"
3984;"11348631.0"
3985;"131704242.0"
3986;"16760467.0"
3987;"16058630.0"
3988;"72385.0"
3989;"46937106.0"
3990;"16115747.0"
3991;"4506.0"
3992;"16129704.0"
3993;"6914659.0"
3994;"9833444.0"
3995;"123619.0"
3996;"15897928.0"
3997;"17473.0"
3998;"2161.0"
3999;"2162.0"
4000;"11840981.0"
4001;"17975425.0"
4002;"5281672.0"
4003;"131704218.0"
4004;"441298.0"
4005;"9930049.0"
4006;"26879.0"
4007;"3387240.0"
4008;"67361.0"
4009;"10184665.0"
4010;"656986.0"
4011;"1712095.0"
4012;"445382.0"
4013;"25138278.0"
4014;"84704.0"
4015;"4288.0"
4016;"5481350.0"
4017;"3520.0"
4018;"62436.0"
4019;"44424639.0"
4020;"15689.0"
4021;"2732.0"
4022;"46936447.0"
4023;"638678.0"
4024;"4594.0"
4025;"71077.0"
4026;"6918562.0"
4027;"65957.0"
4028;"82146.0"
4029;"4946.0"
4030;"1400.0"
4031;"6176.0"
4032;"6443013.0"
4033;"445245.0"
4034;"10364585.0"
4035;"2734054.0"
4036;"17753791.0"
4037;"743.0"
4038;"448294.0"
4039;"4636.0"
4040;"3085218.0"
4041;"16122634.0"
4042;"3025803.0"
4043;"23627203.0"
4044;"5328969.0"
4045;"62751.0"
4046;"45266502.0"
4047;"10062714.0"
4048;"10340.0"
4049;"447912.0"
4050;"9651.0"
4051;"2730282.0"
4052;"446156.0"
4053;"9547943.0"
4054;"5287452.0"
4055;"3763.0"
4056;"208901.0"
4057;"31307.0"
4058;"5287671.0"
4059;"5327109.0"
4060;"122671.0"
4061;"5282138.0"
4062;"443118.0"
4063;"5326637.0"
4064;"46936855.0"
4065;"657096.0"
4066;"25113181.0"
4067;"447532.0"
4068;"11840979.0"
4069;"24821094.0"
4070;"6327350.0"
4071;"10482134.0"
4072;"338.0"
4103;"44129642.0"
4073;"12057.0"
4074;"10342449.0"
4075;"656911.0"
4076;"445072.0"
4077;"11742.0"
4078;"46937026.0"
4079;"447110.0"
4080;"10472693.0"
4081;"125017.0"
4082;"9864881.0"
4083;"9294.0"
4084;"446122.0"
4085;"4493.0"
4086;"445248.0"
4087;"68368.0"
4088;"11493841.0"
4089;"5289247.0"
4090;"5289332.0"
4091;"19150.0"
4092;"1549098.0"
4093;"165331.0"
4094;"9034.0"
4095;"3404.0"
4104;"969472.0"
4105;"6420121.0"
4106;"6857699.0"
4107;"5966.0"
4108;"125564.0"
4109;"131704252.0"
4110;"5326971.0"
4111;"4913.0"
4112;"441314.0"
4113;"25220914.0"
4114;"45270264.0"
4115;"17753797.0"
4116;"22850133.0"
4117;"6436173.0"
4118;"766948.0"
4119;"2477.0"
4120;"2157.0"
4121;"5327067.0"
4122;"5326682.0"
4123;"6918710.0"
4124;"3870203.0"
4125;"24905144.0"
4126;"4369234.0"
4127;"175468.0"
4128;"5493444.0"
4129;"21066379.0"
4130;"17754166.0"
4131;"82313.0"
4132;"4622.0"
4133;"6951123.0"
4134;"5486971.0"
4135;"20843156.0"
4136;"449127.0"
4137;"16741245.0"
4138;"12106168.0"
4139;"4369413.0"
4140;"5289459.0"
4141;"46937084.0"
4142;"439356.0"
4143;"12717.0"
4144;"5288799.0"
4145;"9886917.0"
4146;"198746.0"
4147;"5414.0"
4148;"446165.0"
4149;"122335.0"
4150;"10198228.0"
4151;"65781.0"
4152;"9875516.0"
4153;"2801.0"
4154;"6883.0"
4155;"446274.0"
4156;"87901.0"
4157;"6335412.0"
4158;"5479529.0"
4159;"36462.0"
4160;"6453585.0"
4161;"2170.0"
4162;"16750192.0"
4163;"6006216.0"
4164;"60164.0"
4165;"447099.0"
4166;"3885.0"
4167;"5276520.0"
4168;"447634.0"
4169;"46871657.0"
4170;"23655000.0"
4171;"446157.0"
4172;"3034794.0"
4173;"446807.0"
4174;"1055.0"
4175;"447108.0"
4176;"5288250.0"
4177;"57515973.0"
4178;"11221386.0"
4179;"447546.0"
4180;"5171.0"
4181;"23624249.0"
4182;"9871419.0"
4183;"181137.0"
4184;"147071.0"
4185;"688357.0"
4186;"24880024.0"
4187;"448258.0"
4188;"4507.0"
4189;"163884.0"
4190;"1050.0"
4191;"6119.0"
4192;"9835049.0"
4193;"11710963.0"
4194;"4099.0"
4195;"149096.0"
4196;"72194.0"
4197;"25134248.0"
4198;"44819241.0"
4199;"9860102.0"
4200;"483477.0"
4201;"1102.0"
4202;"449159.0"
4203;"16122632.0"
4204;"3608.0"
4205;"447360.0"
4206;"25920890.0"
4207;"447527.0"
4208;"129236.0"
4209;"444789.0"
4210;"25113124.0"
4211;"47965.0"
4212;"6540478.0"
4213;"446556.0"
4214;"5803.0"
4215;"2366.0"
4216;"14357.0"
4217;"5287792.0"
4218;"4369034.0"
4219;"16122596.0"
4220;"4290313.0"
4221;"25011731.0"
4222;"5335.0"
4223;"92727.0"
4224;"17753992.0"
4225;"5288561.0"
4226;"5560.0"
4227;"24180717.0"
4228;"448971.0"
4229;"46937076.0"
4230;"71158.0"
4231;"14086997.0"
4232;"5280953.0"
4233;"5289289.0"
4234;"5288217.0"
4235;"6133.0"
4236;"10772467.0"
4237;"8582.0"
4238;"892.0"
4239;"3366.0"
4240;"444567.0"
4241;"24941243.0"
4242;"5289484.0"
4243;"11840966.0"
4244;"445393.0"
4245;"447961.0"
4246;"25126798.0"
4247;"208924.0"
4248;"121026.0"
4249;"8955.0"
4250;"5288033.0"
4251;"21363450.0"
4252;"25011730.0"
4253;"5310985.0"
4254;"448285.0"
4255;"11633167.0"
4256;"24794392.0"
4257;"44629554.0"
4258;"447956.0"
4259;"6852193.0"
4260;"5503.0"
4261;"6505803.0"
4262;"134601.0"
4263;"6604229.0"
4264;"1174.0"
4265;"448610.0"
4266;"23724781.0"
4267;"25151352.0"
4268;"3572.0"
4269;"6830.0"
4270;"16750074.0"
4271;"121938.0"
4272;"448123.0"
4273;"447950.0"
4274;"54684589.0"
4275;"2475.0"
4276;"446300.0"
4277;"129211.0"
4278;"11840955.0"
4279;"24178119.0"
4280;"12598931.0"
4281;"3016416.0"
4282;"1048.0"
4283;"24768551.0"
4284;"5326727.0"
4285;"5497045.0"
4286;"17756743.0"
4287;"4369594.0"
4288;"247.0"
4289;"6323526.0"
4290;"5288998.0"
4291;"445246.0"
4292;"446611.0"
4293;"22479942.0"
4294;"5288712.0"
4295;"5284596.0"
4296;"46937158.0"
4297;"37792.0"
4298;"5736.0"
4299;"208908.0"
4300;"9549303.0"
4301;"25145656.0"
4302;"667550.0"
4303;"220010.0"
4304;"28693.0"
4305;"49803313.0"
4306;"5381.0"
4307;"11197931.0"
4308;"1714.0"
4309;"848641.0"
4310;"2740174.0"
4311;"11560856.0"
4312;"347402.0"
4313;"60753.0"
4314;"3534.0"
4315;"9913767.0"
4316;"460612.0"
4317;"24905152.0"
4318;"444914.0"
4319;"9547939.0"
4320;"5280934.0"
4321;"4943.0"
4322;"44144379.0"
4323;"5311356.0"
4324;"40467016.0"
4325;"5287509.0"
4326;"983.0"
4327;"447649.0"
4328;"447450.0"
4329;"216468.0"
4330;"6533629.0"
4331;"6540261.0"
4332;"5487.0"
4333;"2710.0"
4334;"10324367.0"
4335;"131704316.0"
4336;"5593.0"
4337;"4848.0"
4338;"5289339.0"
4339;"999.0"
4340;"16222096.0"
4341;"6323417.0"
4342;"6323289.0"
4343;"54675769.0"
4344;"657081.0"
4345;"46937107.0"
4346;"52938427.0"
4347;"73896915.0"
4348;"5723.0"
4349;"9543517.0"
4350;"11740154.0"
4351;"941651.0"
4352;"3468.0"
4353;"3604.0"
4354;"11840930.0"
4355;"11253490.0"
4356;"443879.0"
4357;"444894.0"
4358;"7187.0"
4359;"444031.0"
4360;"1549008.0"
4361;"54385.0"
4362;"447048.0"
4363;"447536.0"
4364;"54675776.0"
4365;"4201.0"
4366;"17414308.0"
4367;"17753867.0"
4368;"44144380.0"
4369;"72304.0"
4370;"3965.0"
4371;"5326972.0"
4372;"5745.0"
4373;"119055.0"
4374;"11957417.0"
4375;"6386.0"
4376;"17756771.0"
4377;"447695.0"
4378;"65628.0"
4379;"123920.0"
4380;"124653.0"
4381;"1017.0"
4382;"5092.0"
4383;"447066.0"
4384;"264.0"
4385;"440667.0"
4386;"448768.0"
4387;"46937163.0"
4388;"15143646.0"
4389;"4413.0"
4390;"11995761.0"
4391;"71616.0"
4392;"65679.0"
4393;"11485425.0"
4394;"179344.0"
4395;"337359.0"
4396;"131704220.0"
4397;"5405.0"
4398;"2800.0"
4399;"9918381.0"
4400;"175805.0"
4401;"445018.0"
4402;"15991574.0"
4403;"24434.0"
4404;"4764.0"
4405;"5742673.0"
4406;"445455.0"
4407;"447652.0"
4408;"3081361.0"
4409;"445843.0"
4410;"441289.0"
4411;"46936479.0"
4412;"3488.0"
4413;"6435808.0"
4414;"6291.0"
4415;"8747.0"
4416;"11431716.0"
4417;"444104.0"
4418;"46937071.0"
4419;"16040268.0"
4420;"25229546.0"
4421;"448022.0"
4422;"5287620.0"
4423;"6914627.0"
4424;"446845.0"
4425;"65533.0"
4426;"122195.0"
4427;"4914.0"
4428;"1649.0"
4429;"444224.0"
4430;"448965.0"
4431;"10024590.0"
4432;"4849.0"
4433;"6540267.0"
4434;"6914612.0"
4435;"16058639.0"
4436;"24875320.0"
4437;"25210493.0"
4438;"708346.0"
4439;"3307.0"
4440;"216239.0"
4441;"3467.0"
4442;"42642648.0"
4443;"25138203.0"
4444;"8730.0"
4445;"24812717.0"
4446;"40973.0"
4447;"5287991.0"
4448;"24801862.0"
4449;"24856357.0"
4450;"795.0"
4451;"444238.0"
4452;"25185057.0"
4453;"3035817.0"
4454;"5284585.0"
4455;"4926.0"
4456;"60648.0"
4457;"6420149.0"
4458;"1712.0"
4459;"5656.0"
4460;"16028.0"
4461;"5281614.0"
4462;"24748050.0"
4463;"5326843.0"
4464;"9887303.0"
4465;"5287438.0"
4466;"447721.0"
4467;"5362119.0"
4468;"5870.0"
4469;"9939426.0"
4470;"176870.0"
4471;"5733.0"
4472;"17754156.0"
4473;"445576.0"
4474;"9867812.0"
4475;"1521.0"
4476;"44422489.0"
4477;"6857599.0"
4478;"8064.0"
4479;"24755476.0"
4480;"448503.0"
4481;"448457.0"
4482;"40539.0"
4483;"23665772.0"
4484;"5280980.0"
4485;"8361.0"
4486;"6918155.0"
4487;"5280353.0"
4488;"5287668.0"
4489;"4906.0"
4490;"65552.0"
4491;"6420118.0"
4492;"5325.0"
4493;"49866945.0"
4494;"60602.0"
4495;"4086.0"
4496;"6076.0"
4497;"11464526.0"
4498;"5496659.0"
4499;"6857487.0"
4500;"5289310.0"
4501;"449165.0"
4502;"4095.0"
4503;"1615.0"
4504;"2082.0"
4505;"42628060.0"
4506;"20279.0"
4507;"5754.0"
4508;"153997.0"
4509;"3759.0"
4510;"25011733.0"
4511;"68867.0"
4512;"5288573.0"
4513;"42609673.0"
4514;"50905713.0"
4515;"6102761.0"
4516;"5494425.0"
4517;"60726.0"
4518;"8163.0"
4519;"46937075.0"
4520;"445770.0"
4521;"54732242.0"
4522;"5289354.0"
4523;"24905153.0"
4524;"65981.0"
4525;"89950.0"
4526;"23994.0"
4527;"65947.0"
4528;"10157080.0"
4529;"3492020.0"
4530;"5483.0"
4531;"16124688.0"
4532;"4753.0"
4533;"25249.0"
4534;"4436.0"
4535;"204109.0"
4536;"6802.0"
4537;"69672.0"
4538;"72886.0"
4539;"444200.0"
4540;"13342.0"
4541;"448575.0"
4542;"3447.0"
4543;"444514.0"
4544;"6503.0"
4545;"6857688.0"
4546;"2578.0"
4547;"46937020.0"
4548;"4075.0"
4549;"4369593.0"
4550;"34633.0"
4551;"243556.0"
4552;"446506.0"
4553;"46937033.0"
4554;"446761.0"
4555;"3517.0"
4556;"15602982.0"
4557;"5282253.0"
4558;"19371515.0"
4559;"54727975.0"
4560;"15993.0"
4561;"23652731.0"
4562;"2784.0"
4563;"644019.0"
4564;"444475.0"
4565;"6450546.0"
4566;"5576.0"
4567;"3032285.0"
4568;"5289547.0"
4569;"1775.0"
4570;"7699.0"
4571;"3055168.0"
4572;"128564.0"
4573;"97032.0"
4574;"5287523.0"
4575;"444863.0"
4576;"35330.0"
4577;"9803963.0"
4578;"11395145.0"
4579;"5720.0"
4580;"33625.0"
4581;"1053.0"
4582;"3695754.0"
4583;"5282443.0"
4584;"439912.0"
4585;"5288016.0"
4586;"4934.0"
4587;"69602.0"
4588;"70789197.0"
4589;"19.0"
4590;"172198.0"
4591;"5288257.0"
4592;"23649245.0"
4593;"5326827.0"
4594;"9845059.0"
4595;"461278.0"
4596;"12035.0"
4597;"9549180.0"
4598;"447537.0"
4599;"92337.0"
4600;"657061.0"
4601;"5732.0"
4602;"448875.0"
4603;"3779.0"
4604;"131704266.0"
4605;"25134250.0"
4606;"162501.0"
4607;"9999276.0"
4608;"60877.0"
4609;"5287461.0"
4610;"1103.0"
4611;"3410.0"
4612;"119.0"
4613;"73425383.0"
4614;"23722944.0"
4615;"11876263.0"
4616;"36688409.0"
4617;"24851689.0"
4618;"15387.0"
4619;"6509979.0"
4620;"29327.0"
4621;"11143173.0"
4622;"5564.0"
4623;"3711.0"
4624;"11302.0"
4625;"8408.0"
4626;"31477.0"
4627;"2761494.0"
4628;"60977.0"
4629;"3540.0"
4630;"16131215.0"
4631;"4369579.0"
4632;"9576912.0"
4633;"8189.0"
4634;"8094.0"
4635;"9543427.0"
4636;"25229537.0"
4637;"444394.0"
4638;"42627769.0"
4639;"3994.0"
4640;"131704289.0"
4641;"25210476.0"
4642;"30668.0"
4643;"35375.0"
4644;"13109.0"
4645;"16043304.0"
4646;"4369379.0"
4647;"447736.0"
4648;"44668.0"
4649;"9547959.0"
4650;"10184653.0"
4651;"5289288.0"
4652;"46937174.0"
4653;"4919.0"
4654;"448173.0"
4655;"3220.0"
4656;"5289348.0"
4657;"8629.0"
4658;"25113157.0"
4659;"23644582.0"
4660;"3033769.0"
4661;"25151504.0"
4662;"5494414.0"
4663;"2585.0"
4664;"5983.0"
4665;"448317.0"
4666;"447955.0"
4667;"44144378.0"
4668;"446501.0"
4669;"9952916.0"
4670;"133246.0"
4671;"2202.0"
4672;"5494422.0"
4673;"2403.0"
4674;"9600421.0"
4675;"6102691.0"
4676;"4044.0"
4677;"5459861.0"
4678;"57030.0"
4679;"5289320.0"
4680;"65374.0"
4681;"10219702.0"
4682;"1779.0"
4683;"708857.0"
4684;"3739.0"
4685;"3108.0"
4686;"131704295.0"
4687;"154575.0"
4688;"5610.0"
4689;"10132.0"
4690;"3236.0"
4691;"158781.0"
4692;"9867609.0"
4693;"162955.0"
4694;"6420130.0"
4695;"62296.0"
4696;"9994066.0"
4697;"44176354.0"
4698;"1941.0"
4699;"446242.0"
4700;"37464.0"
4701;"5284513.0"
4702;"11554165.0"
4703;"5388906.0"
4704;"28620.0"
4705;"6047.0"
4706;"446240.0"
4707;"9826528.0"
4708;"25150855.0"
4709;"24894130.0"
4710;"215436.0"
4711;"11602832.0"
4712;"85466.0"
4713;"23672064.0"
4714;"44237094.0"
4715;"11953884.0"
4716;"5709.0"
4717;"25199766.0"
4718;"5287834.0"
4719;"159325.0"
4720;"6914666.0"
4721;"9817381.0"
4722;"9825434.0"
4723;"445953.0"
4724;"5287990.0"
4725;"10869340.0"
4726;"10361208.0"
4727;"6137.0"
4728;"10317619.0"
4729;"3121.0"
4730;"2564.0"
4731;"38521.0"
4732;"24748051.0"
4733;"5828196.0"
4734;"10200651.0"
4735;"7478.0"
4736;"643330.0"
4737;"446018.0"
4738;"2352168.0"
4739;"5344.0"
4740;"23586145.0"
4741;"449593.0"
4742;"4471892.0"
4743;"11245700.0"
4744;"4601.0"
4745;"12594.0"
4746;"448209.0"
4747;"65302.0"
4748;"164628.0"
4749;"444581.0"
4750;"2723698.0"
4751;"448978.0"
4752;"27854.0"
4753;"165323.0"
4754;"5282430.0"
4755;"4369359.0"
4756;"4178.0"
4757;"5962.0"
4758;"5287779.0"
4759;"16750071.0"
4760;"5288700.0"
4761;"71496458.0"
4762;"1478.0"
4763;"47811.0"
4764;"19861.0"
4765;"1548887.0"
4766;"44462678.0"
4767;"39468.0"
4768;"2966.0"
4769;"6540277.0"
4770;"1195.0"
4771;"5401.0"
4772;"9865587.0"
4773;"16741238.0"
4774;"170018.0"
4775;"9865528.0"
4776;"445032.0"
4777;"7099.0"
4778;"72402.0"
4779;"1800.0"
4780;"13373715.0"
4781;"4020.0"
4782;"24826799.0"
4783;"121959.0"
4784;"447492.0"
4785;"440121.0"
4786;"11669698.0"
4787;"71955.0"
4788;"9911502.0"
4789;"2823014.0"
4790;"24892823.0"
4791;"5284549.0"
4792;"74190.0"
4793;"16058668.0"
4794;"448014.0"
4795;"5388936.0"
4796;"1015.0"
4797;"6112.0"
4798;"5326514.0"
4799;"16122638.0"
4800;"9954980.0"
4801;"122357.0"
4802;"25021183.0"
4803;"51701.0"
4804;"2723601.0"
4805;"133017.0"
4806;"53025.0"
4807;"10052040.0"
4808;"439162.0"
4809;"6380.0"
4810;"5288527.0"
4811;"23645698.0"
4812;"11273.0"
4813;"2737071.0"
4814;"3038506.0"
4815;"1759.0"
4816;"3003157.0"
4817;"6918523.0"
4818;"5459784.0"
4819;"32681.0"
4820;"25138289.0"
4821;"2309.0"
4822;"11450633.0"
4823;"9614919.0"
4824;"2783.0"
4825;"445840.0"
4826;"4908.0"
4827;"17754112.0"
4828;"11586735.0"
4829;"132706.0"
4830;"5288240.0"
4831;"346926.0"
4832;"3698.0"
4833;"3036505.0"
4834;"25229552.0"
4835;"5282494.0"
4836;"447400.0"
4837;"9571107.0"
4838;"705712.0"
4839;"5288635.0"
4840;"760.0"
4841;"49867154.0"
4842;"445720.0"
4843;"6540273.0"
4844;"9871074.0"
4845;"17754203.0"
4846;"17753799.0"
4847;"12560.0"
4848;"695906.0"
4849;"22692237.0"
4850;"65948.0"
4851;"4369102.0"
4852;"1548942.0"
4853;"24752832.0"
4854;"104838.0"
4855;"42613186.0"
4856;"16122642.0"
4857;"131704233.0"
4858;"6196.0"
4859;"7029.0"
4860;"5328940.0"
4861;"65076.0"
4862;"657073.0"
4863;"6102708.0"
4864;"16004692.0"
4865;"2197.0"
4866;"449125.0"
4867;"3406.0"
4868;"51683.0"
4869;"5288600.0"
4870;"14677.0"
4871;"444764.0"
4872;"17749735.0"
4873;"25147644.0"
4874;"9854012.0"
4875;"10125830.0"
4876;"2742752.0"
4877;"56927674.0"
4878;"69286.0"
4879;"75791.0"
4880;"9944398.0"
4881;"49866981.0"
4882;"3762.0"
4883;"443872.0"
4884;"2435.0"
4885;"1235170.0"
4886;"24864077.0"
4887;"4542.0"
4888;"8550.0"
4889;"50192.0"
4890;"56640146.0"
4891;"1003.0"
4892;"6452300.0"
4893;"9549257.0"
4894;"6540558.0"
4895;"10635.0"
4896;"67505836.0"
4897;"5311221.0"
4898;"2396.0"
4899;"131704251.0"
4900;"448668.0"
4901;"4316.0"
4902;"1548953.0"
4903;"11963622.0"
4904;"5459361.0"
4905;"24812719.0"
4906;"11954369.0"
4907;"40839.0"
4908;"1662.0"
4909;"4708.0"
4910;"180559.0"
4911;"131704200.0"
4912;"6918554.0"
4913;"45267103.0"
4914;"49867502.0"
4915;"5284514.0"
4916;"5584.0"
4917;"3161908.0"
4918;"11494891.0"
4919;"5288101.0"
4920;"131704232.0"
4921;"134780.0"
4922;"448968.0"
4923;"46937137.0"
4924;"60594.0"
4925;"10831270.0"
4926;"9913.0"
4927;"44603531.0"
4928;"1738118.0"
4929;"4828.0"
4930;"1031.0"
4931;"443380.0"
4932;"3054.0"
4933;"5284603.0"
4934;"5281034.0"
4935;"24762195.0"
4936;"4775.0"
4937;"9812534.0"
4938;"25113614.0"
4939;"6083.0"
4940;"24978538.0"
4941;"39147.0"
4942;"17754023.0"
4943;"46937056.0"
4944;"5681.0"
4945;"5327.0"
4946;"446578.0"
4947;"27400.0"
4948;"46937091.0"
4949;"3475.0"
4950;"9600408.0"
4951;"5327097.0"
4952;"97538.0"
4953;"131704305.0"
4954;"71364.0"
4955;"15558638.0"
4956;"167842.0"
4957;"158397.0"
4958;"93176.0"
4959;"9543437.0"
4960;"8555.0"
4961;"4211.0"
4962;"6077.0"
4963;"3519.0"
4964;"439236.0"
4965;"10668.0"
4966;"42627296.0"
4967;"5287468.0"
4968;"4369394.0"
4969;"3117.0"
4970;"6917864.0"
4971;"5280335.0"
4972;"1981.0"
4973;"440046.0"
4974;"192706.0"
4975;"9846180.0"
4976;"46936378.0"
4977;"637542.0"
4978;"68865.0"
4979;"2540.0"
4980;"25138280.0"
4981;"5456.0"
4982;"11953931.0"
4983;"449242.0"
4984;"447865.0"
4985;"210320.0"
4986;"11243969.0"
4987;"5288103.0"
4988;"153994.0"
4989;"11616886.0"
4990;"4171.0"
4991;"11626560.0"
4992;"5078.0"
4993;"50922675.0"
4994;"1549107.0"
4995;"2995.0"
4996;"11992146.0"
4997;"11427975.0"
4998;"74077203.0"
4999;"2119.0"
5000;"9547998.0"
5001;"6323515.0"
5002;"11677589.0"
5003;"5326886.0"
5004;"5284566.0"
5005;"216326.0"
5006;"444148.0"
5007;"58031952.0"
5008;"71387.0"
5009;"853608.0"
5010;"5746.0"
5011;"5311399.0"
5012;"10457944.0"
5013;"5756.0"
5014;"444306.0"
5015;"6675.0"
5016;"26042.0"
5017;"425841.0"
5018;"67532.0"
5019;"11282283.0"
5020;"24905143.0"
5021;"68827.0"
5022;"656583.0"
5023;"11963944.0"
5024;"5729339.0"
5025;"1694.0"
5026;"124075.0"
5027;"5311037.0"
5028;"4500.0"
5029;"15433.0"
5030;"91532.0"
5031;"46220502.0"
5032;"9305.0"
5033;"4091.0"
5034;"5476587.0"
5035;"44585557.0"
5036;"5287855.0"
5037;"131704191.0"
5038;"11560224.0"
5039;"123600.0"
5040;"16063245.0"
5041;"4472.0"
5042;"16040279.0"
5043;"5312125.0"
5044;"24856362.0"
5045;"11396600.0"
5046;"148124.0"
5047;"253602.0"
5048;"146089.0"
5049;"5311070.0"
5050;"4058.0"
5051;"24180585.0"
5052;"448903.0"
5053;"447531.0"
5054;"1548972.0"
5055;"5280883.0"
5056;"10062713.0"
5057;"5287728.0"
5058;"18794.0"
5059;"219078.0"
5060;"5492457.0"
5061;"1633.0"
5062;"5460341.0"
5063;"3033053.0"
5064;"104850.0"
5065;"25166913.0"
5066;"447022.0"
5067;"1604.0"
5068;"11219835.0"
5069;"9878.0"
5070;"448297.0"
5071;"47953.0"
5072;"444617.0"
5073;"1792.0"
5074;"77991.0"
5075;"445967.0"
5076;"5289321.0"
5077;"2789.0"
5078;"510684.0"
5079;"1916699.0"
5080;"176407.0"
5081;"21066096.0"
5082;"5288709.0"
5083;"1758.0"
5084;"3100.0"
5085;"16058637.0"
5086;"446744.0"
5087;"9854489.0"
5088;"22128.0"
5089;"24894151.0"
5090;"5462501.0"
5091;"15942658.0"
5092;"44462760.0"
5093;"40704.0"
5094;"108143.0"
5095;"16741275.0"
5096;"5289336.0"
5097;"123631.0"
5098;"131704203.0"
5099;"159738.0"
5100;"4054.0"
5101;"447638.0"
5102;"11256587.0"
5103;"46937031.0"
5104;"2812.0"
5105;"25190761.0"
5106;"611002.0"
5107;"4940.0"
5108;"157920.0"
5109;"107778.0"
5110;"10182969.0"
5111;"4735.0"
5112;"24768537.0"
5113;"24941253.0"
5114;"11250029.0"
5115;"5288634.0"
5116;"3955.0"
5117;"71733.0"
5118;"439456.0"
5119;"2120.0"
5120;"108150.0"
5121;"2079916.0"
5122;"11120251.0"
5123;"448841.0"
5124;"24941248.0"
5125;"71098.0"
5126;"3506204.0"
5127;"23648296.0"
5128;"5288910.0"
5129;"82400.0"
5130;"6914595.0"
5131;"21704.0"
5132;"68723.0"
5133;"2811.0"
5134;"15951529.0"
5135;"131704176.0"
5136;"3042.0"
5137;"107526.0"
5138;"7741.0"
5139;"25111933.0"
5140;"11750009.0"
5141;"123683.0"
5142;"6013.0"
5143;"5287684.0"
5144;"6323244.0"
5145;"2239.0"
5146;"6433164.0"
5147;"247839.0"
5148;"25147495.0"
5149;"57327016.0"
5150;"439693.0"
5151;"26987.0"
5152;"6215.0"
5153;"23586040.0"
5154;"15083623.0"
5155;"636398.0"
5156;"15606.0"
5157;"5578.0"
5158;"11671467.0"
5159;"60813.0"
5160;"448661.0"
5161;"9929643.0"
5162;"5289296.0"
5163;"11349402.0"
5164;"4761.0"
5165;"24485.0"
5166;"5311325.0"
5167;"131704274.0"
5168;"17753999.0"
5169;"15991573.0"
5170;"449162.0"
5171;"6918606.0"
5172;"6918473.0"
5173;"46937048.0"
5174;"104865.0"
5175;"23653503.0"
5176;"11667832.0"
5177;"23647357.0"
5178;"1514.0"
5179;"5289162.0"
5180;"5280492.0"
5181;"443600.0"
5182;"11154555.0"
5183;"9444.0"
5184;"23270857.0"
5185;"6009.0"
5186;"448660.0"
5187;"54676228.0"
5188;"6041.0"
5189;"2764.0"
5190;"71587953.0"
5191;"115348.0"
5192;"6852128.0"
5193;"11338033.0"
5194;"448267.0"
5195;"157684.0"
5196;"222865.0"
5197;"2370.0"
5198;"46937055.0"
5199;"23653514.0"
5200;"4621.0"
5201;"2375.0"
5202;"121750.0"
5203;"5362417.0"
5204;"3002190.0"
5205;"444456.0"
5206;"2441.0"
5207;"4633.0"
5208;"11319053.0"
5209;"2230.0"
5210;"4121.0"
5211;"4488.0"
5212;"6102594.0"
5213;"9955116.0"
5214;"120231.0"
5215;"5289553.0"
5216;"65028.0"
5217;"10062702.0"
5218;"5289084.0"
5219;"12773795.0"
5220;"131704180.0"
5221;"46937179.0"
5222;"2895.0"
5223;"5288599.0"
5224;"60961.0"
5225;"4192.0"
5226;"3767.0"
5227;"104904.0"
5228;"4771.0"
5229;"46937170.0"
5230;"39042.0"
5231;"4768.0"
