;MarkerID;IMPACT;STRAND;Consequence;cDNA_position;CDS_position;Protein_position;Amino_acids;Codons;Existing_variation;BayesDel_addAF_score;BayesDel_noAF_score;ClinPred_score;DANN_score;DEOGEN2_score;Eigen-PC-phred_coding;Eigen-PC-raw_coding;Eigen-phred_coding;Eigen-raw_coding;FATHMM_score;GM12878_fitCons_score;GenoCanyon_score;H1-hESC_fitCons_score;LIST-S2_score;LRT_Omega;LRT_pred;LRT_score;M-CAP_score;MVP_score;MetaLR_score;MetaRNN_score;MutPred_score;MutationAssessor_rankscore;MutationTaster_AAE;MutationTaster_pred;MutationTaster_score;PROVEAN_converted_rankscore;Polyphen2_HDIV_score;Polyphen2_HVAR_score;REVEL_score;SIFT4G_score;SIFT_score;VEST4_score;integrated_fitCons_score;phastCons30way_mammalian
0;chr1:23874536_C/A;HIGH;-1;stop_lost;1244;1082;361;*/L;tGa/tTa;-;-0.415082;-0.834013;;0.5419085611643949;;1.954628;-0.133386477230297;3.498931;0.243009458017993;;0.271743;0.930897729826821;0.060301;;;;;;;;;;;*361L,*361L;N,N;1,1;;;;;;;0.083;0.256867;0.002000
1;chr1:23874538_G/-;HIGH;-1;frameshift_variant;1242;1080;360;C/X;tgC/tg;-;;;;;;;;;;;;;;;;;;;;;;;;;;;;;;;;;;;
2;chr1:23874544_A/G;LOW;-1;synonymous_variant;1236;1074;358;S;tcT/tcC;-;;;;;;;;;;;;;;;;;;;;;;;;;;;;;;;;;;;
3;chr1:23874548_A/G;MODERATE;-1;missense_variant;1232;1070;357;L/P;cTc/cCc;-;-0.186359;-0.505468;0.108501897687272;0.14424923932561662;0.064261;0.05442008;-1.68422134613426;0.0490399;-1.62846442171567;-1.17;0.702456;0.933271662468383;0.547309;0.181182;3.080530;N;0.045476;0.028814;0.204665344411;0.1581;0.055152804;0.249;0.06538;L357P,L357P;N,N;0.999991,0.999991;0.11547;0.41;0.018;0.117;0.074;0.206;0.083;0.67177;0.000000
4;chr1:23874549_G/A;MODERATE;-1;missense_variant;1231;1069;357;L/F;Ctc/Ttc;-;-0.314654;-0.508227;0.0190457483046172;0.095702798315024179;0.082185;0.09764087;-1.52774544039064;0.07729858;-1.51283993354629;-1.15;0.702456;0.837648451360911;0.547309;0.220278;3.080530;N;0.045476;0.027737;0.53563189239;0.1730;0.04077205;;0.06538;L357F,L357F;N,N;1,1;0.12283;0.047;0.007;0.093;0.177;0.734;0.035;0.67177;0.000000
5;chr1:23874550_G/T;MODERATE;-1;missense_variant;1230;1068;356;D/E;gaC/gaA;-;-0.167238;-0.478002;0.076310886317535;0.89696956890266411;0.066734;0.5003847;-0.990836659598638;0.4125851;-0.992084566747045;-1.09;0.702456;0.885569255123802;0.547309;0.267973;3.539890;N;0.004052;0.018518;0.764083912325;0.2216;0.063043;0.056;0.06538;D356E,D356E;N,N;1,1;0.05310;0.001;0.002;0.191;0.431;0.237;0.024;0.67177;0.000000
6;chr1:23874555_G/A;LOW;-1;synonymous_variant;1225;1063;355;L;Cta/Tta;-;;;;;;;;;;;;;;;;;;;;;;;;;;;;;;;;;;;
7;chr1:23874557_T/C;MODERATE;-1;missense_variant;1223;1061;354;D/G;gAt/gGt;-;-0.240467;-0.58319;0.058261550962925;0.75896708944278402;0.060366;0.09960481;-1.52213404338261;0.09705109;-1.45164465917957;-1.16;0.702456;0.999014496590629;0.547309;0.415458;4.534250;N;0.056408;0.014051;0.468336420597;0.1447;0.032817036;0.115;0.09354;D354G,D354G;N,N;1,1;0.04947;0.0;0.0;0.144;0.334;0.495;0.017;0.67177;0.000000
8;chr1:23874565_A/G;LOW;-1;synonymous_variant;1215;1053;351;D;gaT/gaC;-;;;;;;;;;;;;;;;;;;;;;;;;;;;;;;;;;;;
9;chr1:23874568_T/C;LOW;-1;synonymous_variant;1212;1050;350;P;ccA/ccG;-;;;;;;;;;;;;;;;;;;;;;;;;;;;;;;;;;;;
10;chr1:23874571_C/T;HIGH;-1;stop_gained;1209;1047;349;W/*;tgG/tgA;-;0.367566;0.290207;;0.91663820515980776;;1.731011;-0.223298422000123;3.101316;0.152984510503888;;0.702456;0.913285104216918;0.547309;;1.718260;N;0.224538;;;;;;;W349*,W349*;N,N;0.863697,0.863697;;;;;;;0.671;0.67177;0.002000
11;chr1:23874574_C/T;LOW;-1;synonymous_variant;1206;1044;348;P;ccG/ccA;-;;;;;;;;;;;;;;;;;;;;;;;;;;;;;;;;;;;
12;chr1:23874575_G/A;MODERATE;-1;missense_variant;1205;1043;348;P/L;cCg/cTg;-;-0.452168;-0.518535;0.00596134460940777;0.59828096186243307;0.105089;0.09830024;-1.52581944173652;0.1210261;-1.38997204408551;-1.06;0.702456;0.999916448300738;0.547309;0.540746;2.096180;N;0.106075;0.03368;0.477762074677;0.2164;0.014284879;;0.14455;P348L,P348L;N,N;0.999991,0.999991;0.18670;0.0;0.0;0.212;1.0;0.546;0.058;0.67177;0.009000
13;chr1:23874582_T/C;MODERATE;-1;missense_variant;1198;1036;346;I/V;Atc/Gtc;-;-0.172596;-0.485699;0.0366835682561768;0.25418317822935665;0.05489;0.7894075;-0.777503550189505;0.5732865;-0.858822330065498;-1.06;0.702456;0.760852587645895;0.547309;0.40106;3.384380;N;0.007307;0.0249;0.717838396926;0.2099;0.035086334;0.096;0.12951;I346V,I346V;N,N;0.999354,0.999354;0.05035;0.0;0.0;0.221;1.0;0.891;0.024;0.67177;0.919000
14;chr1:23874585_T/A;HIGH;-1;stop_gained;1195;1033;345;K/*;Aaa/Taa;-;0.554516;0.558747;;0.99209947298254986;;4.178289;0.373854230548828;5.698227;0.577110121638936;;0.702456;0.999999092610663;0.547309;;3.853720;N;0.001482;;;;;;;K345*,K345*;D,D;0.999997,0.999997;;;;;;;0.76;0.67177;0.996000
15;chr1:23874589_A/G;LOW;-1;synonymous_variant;1191;1029;343;D;gaT/gaC;-;;;;;;;;;;;;;;;;;;;;;;;;;;;;;;;;;;;
16;chr1:23874590_T/C;MODERATE;-1;missense_variant;1190;1028;343;D/G;gAt/gGt;-;0.0116834;-0.220994;0.438792705535889;0.98507944822800353;0.093989;1.451416;-0.356968473636449;1.352613;-0.413989665433314;-1.19;0.702456;0.996499820703459;0.547309;0.693531;66.040600;U;0.001084;0.069356;0.84469633768;0.3055;0.13375553;0.258;0.24501;D343G,D343G;N,N;0.998284,0.998284;0.22078;0.281;0.075;0.268;0.037;0.008;0.148;0.67177;1.000000
17;chr1:23874603_C/T;MODERATE;-1;missense_variant;1177;1015;339;E/K;Gag/Aag;-;-0.111562;-0.228899;0.278639435768127;0.996006441146296;0.100594;1.897334;-0.155171283102835;1.735269;-0.252102352710293;-1.11;0.702456;0.999605791089935;0.547309;0.816518;586.023000;U;0.000019;0.024242;0.847829183606;0.3444;0.10826337;0.207;0.28011;E339K,E339K;D,D;0.956027,0.956027;0.21003;0.225;0.028;0.225;0.398;0.008;0.099;0.67177;0.790000
18;chr1:23874604_G/A;LOW;-1;synonymous_variant;1176;1014;338;T;acC/acT;-;;;;;;;;;;;;;;;;;;;;;;;;;;;;;;;;;;;
19;chr1:23874604_G/C;LOW;-1;synonymous_variant;1176;1014;338;T;acC/acG;-;;;;;;;;;;;;;;;;;;;;;;;;;;;;;;;;;;;
20;chr1:23874604_G/T;LOW;-1;synonymous_variant;1176;1014;338;T;acC/acA;-;;;;;;;;;;;;;;;;;;;;;;;;;;;;;;;;;;;
21;chr1:23874605_G/A;MODERATE;-1;missense_variant;1175;1013;338;T/I;aCc/aTc;-;-0.362523;-0.401032;0.0135978527142963;0.92271804598424412;0.10337;1.287034;-0.448680458577174;1.100856;-0.539084513587058;-1.2;0.702456;0.967194102783597;0.547309;0.608239;1.749660;U;0.247966;0.036504;0.842945499789;0.2797;0.06845799;;0.28011;T338I,T338I;N,N;1,1;0.21860;0.01;0.004;0.162;0.297;0.187;0.136;0.67177;0.500000
22;chr1:23874607_G/A;LOW;-1;synonymous_variant;1173;1011;337;V;gtC/gtT;-;;;;;;;;;;;;;;;;;;;;;;;;;;;;;;;;;;;
23;chr1:23874618_T/G;LOW;-1;synonymous_variant;1162;1000;334;R;Aga/Cga;-;;;;;;;;;;;;;;;;;;;;;;;;;;;;;;;;;;;
24;chr1:23874619_C/T;LOW;-1;synonymous_variant;1161;999;333;P;ccG/ccA;-;;;;;;;;;;;;;;;;;;;;;;;;;;;;;;;;;;;
25;chr1:23874620_G/A;MODERATE;-1;missense_variant;1160;998;333;P/L;cCg/cTg;-;-0.123895;-0.415743;0.312425196170807;0.94230747078262855;0.141099;1.359849;-0.406851770740672;1.404398;-0.390158793560571;-1.14;0.702456;0.759755080896335;0.547309;0.592541;420.446000;U;0.000454;0.055716;0.842090021661;0.2137;0.1450474;0.216;0.26193;P333L,P333L;N,N;0.999992,0.999992;0.31375;0.734;0.025;0.196;0.095;0.02;0.051;0.67177;0.004000
26;chr1:23874621_G/A;MODERATE;-1;missense_variant;1159;997;333;P/S;Ccg/Tcg;-;-0.0818679;-0.355374;0.52742874622345;0.96667760058450136;0.063719;2.108106;-0.0789307467711247;2.018975;-0.150769120828477;-1.09;0.702456;0.999554738041027;0.547309;0.633137;420.446000;U;0.000454;0.026869;0.866875965968;0.3333;0.15938413;0.192;0.26193;P333S,P333S;N,N;1,1;0.07008;0.495;0.024;0.217;0.212;0.174;0.099;0.67177;0.006000
27;chr1:23874623_G/A;MODERATE;-1;missense_variant;1157;995;332;A/V;gCc/gTc;-;-0.244238;-0.588607;0.023058296880907;0.71657485056625791;0.065261;0.2639231;-1.22353264108791;0.2107975;-1.22355505809353;-1.17;0.702456;0.848546398828501;0.547309;0.566543;0.909263;N;0.814675;0.0152;0.532648216222;0.1808;0.033730805;0.148;0.14455;A332V,A332V;N,N;1,1;0.17210;0.0;0.001;0.142;0.593;0.318;0.013;0.67177;0.008000
28;chr1:23874624_C/A;MODERATE;-1;missense_variant;1156;994;332;A/S;Gcc/Tcc;-;-0.25888;-0.479189;0.0279103856828892;0.96057438996978928;0.0499;0.6456944;-0.881141533572004;0.5089333;-0.908993193414239;-1.11;0.702456;0.833237566978737;0.547309;0.516848;0.909263;N;0.814675;0.031198;0.700873026449;0.2342;0.04430899;;0.22405;A332S,A332S;N,N;1,1;0.03889;0.004;0.004;0.071;0.493;0.283;0.025;0.67177;0.014000
29;chr1:23874626_T/G;MODERATE;-1;missense_variant;1154;992;331;E/A;gAa/gCa;-;-0.0342004;-0.286903;0.259641974148649;0.99142161303367837;0.105059;1.957071;-0.132472395519929;1.949105;-0.174512555593327;-1.16;0.702456;0.999989088693545;0.547309;0.586841;1.083160;N;0.833258;0.093413;0.879513486606;0.2508;0.17360365;0.206;0.26193;E331A,E331A;D,D;0.71087,0.71087;0.21644;0.682;0.115;0.208;0.071;0.008;0.134;0.67177;0.029000
30;chr1:23874628_T/G;MODERATE;-1;missense_variant;1152;990;330;E/D;gaA/gaC;-;-0.12449;-0.416598;0.0761748132545702;0.97832802159773424;0.089481;0.4613814;-1.02252394820142;0.3312279;-1.07275114925596;-1.17;0.702456;0.826412507141107;0.547309;0.457454;0.766887;N;0.528817;0.020468;0.730142393092;0.1812;0.08101854;;0.24501;E330D,E330D;N,N;0.999994,0.999994;0.15986;0.001;0.001;0.161;0.363;0.139;0.035;0.67177;0.022000
31;chr1:23874629_T/G;MODERATE;-1;missense_variant;1151;989;330;E/A;gAa/gCa;-;-0.0506335;-0.310508;0.0643753889013452;0.98192942804846239;0.082243;1.092472;-0.569519059142883;0.8405211;-0.683615345590556;-1.17;0.702456;0.995211686361816;0.547309;0.546045;0.766887;N;0.528817;0.03436;0.86447792963;0.2302;0.11236021;0.176;0.24501;E330A,E330A;N,N;1,1;0.15782;0.003;0.004;0.136;0.344;0.104;0.139;0.67177;0.016000
32;chr1:23874630_C/G;MODERATE;-1;missense_variant;1150;988;330;E/Q;Gaa/Caa;-;-0.0774757;-0.349065;0.12011481076479;0.91265700693016982;0.071978;1.036891;-0.606145134924283;0.8598359;-0.672359937089196;-1.17;0.702456;0.966730626144323;0.547309;0.622038;0.766887;N;0.528817;0.029941;0.8616714628;0.2362;0.13128313;0.191;0.24501;E330Q,E330Q;N,N;1,1;0.13035;0.309;0.054;0.122;0.275;0.034;0.131;0.67177;0.009000
33;chr1:23874630_C/T;MODERATE;-1;missense_variant;1150;988;330;E/K;Gaa/Aaa;-;-0.297177;-0.358674;0.0283686932149123;0.95575366646110926;0.086396;0.8464616;-0.737225228942572;0.5796362;-0.854069396350848;-1.13;0.702456;0.966730626144323;0.547309;0.622938;0.766887;N;0.528817;0.017249;0.814626347719;0.2211;0.054811507;;0.15840;E330K,E330K;N,N;1,1;0.13805;0.001;0.002;0.134;0.487;0.156;0.082;0.67177;0.009000
34;chr1:23874637_C/G;MODERATE;-1;missense_variant;1143;981;327;E/D;gaG/gaC;-;-0.135646;-0.432623;0.0855921134352684;0.95983251105755629;0.051925;0.9864841;-0.640198095957636;0.7393618;-0.74449657420201;-1.17;0.702456;0.83947596098268;0.547309;0.425557;0.714423;N;0.365235;0.024913;0.862684420196;0.1926;0.08867508;0.207;0.17993;E327D,E327D;N,N;0.765984,0.765984;0.02853;0.001;0.001;0.159;0.735;0.36;0.069;0.67177;0.001000
35;chr1:23874646_A/G;LOW;-1;synonymous_variant;1134;972;324;L;ctT/ctC;-;;;;;;;;;;;;;;;;;;;;;;;;;;;;;;;;;;;
36;chr1:23874649_G/A;LOW;-1;synonymous_variant;1131;969;323;G;ggC/ggT;-;;;;;;;;;;;;;;;;;;;;;;;;;;;;;;;;;;;
37;chr1:23874660_A/G;MODERATE;-1;missense_variant;1120;958;320;C/R;Tgt/Cgt;-;-0.338521;-0.724039;0.0663648098707199;0.38412872491802413;0.071846;0.1524643;-1.39779299670666;0.1450218;-1.33774362105448;1.4;0.702456;0.99464907116326;0.547309;0.349165;1.382370;N;0.417778;0.007514;0.117506650769;0.0366;0.051336825;0.608;0.11182;C320R,C320R;N,N;0.999773,0.999773;0.22078;0.0;0.0;0.056;0.353;0.347;0.028;0.67177;0.000000
38;chr1:23874661_C/G;MODERATE;-1;missense_variant;1119;957;319;K/N;aaG/aaC;-;-0.28048;-0.640667;0.0505541616744763;0.8540348979442498;0.073985;0.7858526;-0.780013463332301;0.6246183;-0.821170590761675;1.17;0.702456;0.941229944958521;0.547309;0.406259;0.521378;N;0.101852;0.008969;0.392395365052;0.0460;0.11770338;0.481;0.15840;K319N,K319N;N,N;0.999989,0.999989;0.14588;0.001;0.001;0.044;0.28;0.108;0.079;0.67177;0.003000
39;chr1:23874665_T/C;MODERATE;-1;missense_variant;1115;953;318;K/R;aAg/aGg;-;-0.228357;-0.565795;0.109394200146198;0.33707744558275615;0.051906;0.1158965;-1.47899322678909;0.07119056;-1.53434944486293;1.14;0.702456;0.918184741657557;0.547309;0.424758;0.549174;N;0.111397;0.004754;0.144782658237;0.0426;0.06462249;0.393;0.17993;K318R,K318R;N,N;0.999997,0.999997;0.03761;0.003;0.004;0.038;0.597;0.575;0.055;0.67177;0.029000
40;chr1:23874672_G/A;MODERATE;-1;missense_variant;1108;946;316;H/Y;Cac/Tac;-;-0.741628;-0.694254;0.00245158139378643;0.64520186239464516;0.050825;0.4809581;-1.00643356392172;0.4151311;-0.989751740247546;1.23;0.702456;0.760966519209806;0.547309;0.233577;1.823760;N;0.092394;;;0.0000;0.0036177933;;0.14455;H316Y,H316Y;P,P;1,1;0.07736;0.298;0.057;0.016;0.397;0.138;0.02;0.67177;0.129000
41;chr1:23874679_G/A;LOW;-1;synonymous_variant;1101;939;313;C;tgC/tgT;-;;;;;;;;;;;;;;;;;;;;;;;;;;;;;;;;;;;
42;chr1:23874689_G/A;MODERATE;-1;missense_variant;1091;929;310;A/V;gCc/gTc;-;-0.207243;-0.353939;0.420102447271347;0.99803238921818693;0.049923;3.936728;0.336524826429812;3.422278;0.226453740043599;1.36;0.702456;0.999949494827124;0.547309;0.781822;0.228562;N;0.003242;0.009593;0.710703377762;0.0627;0.18847358;;0.28011;A310V,A310V;D,D;0.918615,0.918615;0.04456;0.69;0.23;0.081;0.454;0.187;0.456;0.67177;0.984000
43;chr1:23874690_C/G;MODERATE;-1;missense_variant;1090;928;310;A/P;Gcc/Ccc;-;-0.0656526;-0.150554;0.65431618143802;0.99736782738122753;0.31071;4.945643;0.475777951934227;4.691839;0.453206403976572;1.16;0.702456;0.999430674023822;0.547309;0.734027;0.228562;N;0.003242;0.023819;0.710069045005;0.1286;0.65548134;;0.28011;A310P,A310P;D,D;0.951085,0.951085;0.46673;0.996;0.862;0.168;0.075;0.031;0.653;0.67177;0.987000
44;chr1:23874695_G/T;MODERATE;-1;missense_variant;1085;923;308;S/Y;tCc/tAc;-;-0.0292103;-0.279735;0.38877010762848;0.98125013730321586;0.1753;2.556778;0.0548784847828922;2.47763;-0.00947212611866304;1.14;0.702456;0.861262007497021;0.547309;0.725427;0.722085;N;0.354798;0.00834;0.636550010978;0.0585;0.34565967;0.474;0.26193;S308Y,S308Y;N,N;0.757324,0.757324;0.44657;0.761;0.215;0.131;0.105;0.007;0.406;0.67177;0.999000
45;chr1:23874697_G/C;LOW;-1;synonymous_variant;1083;921;307;R;cgC/cgG;-;;;;;;;;;;;;;;;;;;;;;;;;;;;;;;;;;;;
46;chr1:23874698_C/T;MODERATE;-1;missense_variant;1082;920;307;R/H;cGc/cAc;-;-0.116256;-0.223242;0.411634057760239;0.99732085885083754;0.521666;4.399638;0.405785514199885;3.622207;0.268700879692067;0.34;0.702456;0.999969032844489;0.547309;0.744226;0.209202;D;0.000237;0.007906;0.770464733044;0.0971;0.392134;;0.26193;R307H,R307H;D,D;0.995289,0.995289;0.53898;0.577;0.109;0.170;0.1;0.068;0.646;0.67177;1.000000
47;chr1:23874699_G/A;MODERATE;-1;missense_variant;1081;919;307;R/C;Cgc/Tgc;-;-0.168691;-0.277435;0.31519942548223;0.99661533985463602;0.563016;2.851945;0.127927654616344;2.512282;0.000330417671985647;0.34;0.702456;0.99137367139879;0.547309;0.772023;0.209202;N;0.000237;0.016985;0.803606371596;0.0906;0.8218918;0.858;0.17993;R307C,R307C;D,D;0.99997,0.99997;0.72353;0.435;0.066;0.220;0.011;0.043;0.417;0.67177;0.999000
48;chr1:23874703_C/G;MODERATE;-1;missense_variant;1077;915;305;E/D;gaG/gaC;-;-0.194166;-0.516683;0.502511143684387;0.98975819360533168;0.111026;2.029673;-0.106115704199712;1.754969;-0.244595867872054;1.2;0.702456;0.927785586757641;0.547309;0.621038;0.048427;D;0.000000;0.00731;0.587237122171;0.0553;0.22570044;0.748;0.28011;E305D,E305D;D,D;0.982487,0.982487;0.27463;0.233;0.179;0.068;0.349;0.374;0.062;0.67177;0.995000
49;chr1:23874713_C/T;MODERATE;-1;missense_variant;1067;905;302;R/Q;cGg/cAg;-;0.200434;0.132999;0.97307813167572;0.99955507597343185;0.329201;6.606589;0.629017596951251;6.266254;0.632053833137441;1.01;0.702456;0.999999999999851;0.547309;0.989326;0.000000;D;0.000000;0.047046;0.795581171059;0.2002;0.8979908;0.745;0.28011;R302Q,R302Q;D,D;0.999947,0.999947;0.64132;1.0;0.999;0.529;0.0;0.0;0.705;0.67177;0.840000
50;chr1:23874714_G/A;MODERATE;-1;missense_variant;1066;904;302;R/W;Cgg/Tgg;-;0.178978;0.0193126;0.994330048561096;0.99863807269866278;0.410143;1.285705;-0.449457786830982;1.594623;-0.307886078882565;1.01;0.702456;0.850754854623462;0.547309;0.992151;0.000000;D;0.000000;0.036549;0.643721901085;0.1656;0.75847864;0.747;0.28011;R302W,R302W;D,D;0.999346,0.999346;0.91741;1.0;1.0;0.496;0.0;0.0;0.536;0.67177;0.734000
51;chr1:23874719_G/A;MODERATE;-1;missense_variant;1061;899;300;A/V;gCt/gTt;-;0.128998;-0.0524801;0.967589914798737;0.9988759176580867;0.32279;5.725468;0.557172803198632;5.570693;0.56345162908026;1.13;0.702456;0.999999999999851;0.547309;0.973153;0.051140;D;0.000000;0.072625;0.739406654003;0.1962;0.8876606;0.635;0.26193;A300V,A300V;D,D;1,1;0.60188;1.0;0.984;0.371;0.0;0.0;0.697;0.67177;0.585000
52;chr1:23874719_G/C;MODERATE;-1;missense_variant;1061;899;300;A/G;gCt/gGt;-;0.0810707;-0.121324;0.855710923671722;0.99707650133829384;0.321589;4.498035;0.419319067923808;4.153418;0.368380482979393;1.14;0.702456;0.999999999999851;0.547309;0.862414;0.051140;D;0.000000;0.026718;0.6928222551;0.0979;0.6010407;0.697;0.17993;A300G,A300G;D,D;1,1;0.60507;0.881;0.452;0.282;0.0;0.0;0.284;0.67177;0.585000
53;chr1:23874725_A/T;MODERATE;-1;missense_variant;1055;893;298;I/N;aTc/aAc;-;0.225377;0.0859614;0.99578173443977;0.9935705890393115;0.59899;10.75503;0.820397634904166;10.72321;0.887140533917098;0.38;0.702456;0.999999999515335;0.547309;0.975002;0.112680;D;0.000012;0.064044;0.898168116285;0.4159;0.97653484;0.842;0.92918;I298N,I298N;D,D;0.99994,0.99994;0.90895;1.0;0.996;0.689;0.001;0.0;0.913;0.67177;0.888000
54;chr1:23874727_G/A;LOW;-1;synonymous_variant;1053;891;297;V;gtC/gtT;-;;;;;;;;;;;;;;;;;;;;;;;;;;;;;;;;;;;
55;chr1:23874729_C/T;MODERATE;-1;missense_variant;1051;889;297;V/I;Gtc/Atc;-;-0.330432;-0.696933;0.00671647279551356;0.31000950496776802;0.049711;0.8634879;-0.725270945798459;0.5008394;-0.915594643821668;1.44;0.702456;0.795216465478199;0.547309;0.744226;0.420482;N;0.018704;0.003141;0.270889551736;0.0222;0.046235323;;0.02246;V297I,V297I;N,N;0.999623,0.999623;0.03700;0.001;0.006;0.048;1.0;1.0;0.032;0.67177;0.928000
56;chr1:23874733_G/A;LOW;-1;synonymous_variant;1047;885;295;N;aaC/aaT;-;;;;;;;;;;;;;;;;;;;;;;;;;;;;;;;;;;;
57;chr1:23874736_G/A;LOW;-1;synonymous_variant;1044;882;294;V;gtC/gtT;-;;;;;;;;;;;;;;;;;;;;;;;;;;;;;;;;;;;
58;chr1:23874744_A/T;MODERATE;-1;missense_variant;1036;874;292;S/T;Tcc/Acc;-;0.253263;0.126019;0.995296657085419;0.99446362911549391;0.329815;6.641328;0.631502273486948;7.527103;0.727865071885127;-1.24;0.702456;0.998928268111317;0.547309;0.930507;0.051879;D;0.000000;0.11386;0.933708272886;0.6853;0.85293996;0.736;0.93167;S292T,S292T;D,D;0.99919,0.99919;0.58733;1.0;1.0;0.773;0.0;0.0;0.574;0.67177;0.998000
59;chr1:23874745_G/A;LOW;-1;synonymous_variant;1035;873;291;N;aaC/aaT;-;;;;;;;;;;;;;;;;;;;;;;;;;;;;;;;;;;;
60;chr1:23874753_G/A;MODERATE;-1;missense_variant;1027;865;289;L/F;Ctc/Ttc;-;0.284834;0.171368;0.992025256156921;0.9990198064950625;0.326021;9.005842;0.758583169979546;8.472667;0.783873744120739;-0.66;0.702456;0.999999999999851;0.547309;0.964304;0.000000;D;0.000000;0.133927;0.879849740772;0.5414;0.77376807;0.542;0.84121;L289F,L289F;D,D;1,1;0.48850;1.0;1.0;0.610;0.027;0.0;0.586;0.67177;0.989000
61;chr1:23874755_C/T;MODERATE;-1;missense_variant;1025;863;288;C/Y;tGc/tAc;-;0.282242;0.167645;0.99601823091507;0.99773121545689403;0.38571;9.124781;0.76337051206412;8.821443;0.802104729862423;1.24;0.702456;0.99999994016634;0.547309;0.90161;0.000000;D;0.000000;0.070502;0.795272253977;0.2640;0.8929852;0.749;0.81254;C288Y,C288Y;D,D;0.999987,0.999987;0.83695;1.0;0.999;0.688;0.001;0.0;0.802;0.67177;0.995000
62;chr1:23874761_A/G;MODERATE;-1;missense_variant;1019;857;286;M/T;aTg/aCg;-;-0.113961;-0.401474;0.356113314628601;0.84248966724254093;0.058685;2.132853;-0.0706082269155137;1.556135;-0.323918571174437;-0.6;0.702456;0.997743409014173;0.547309;0.820618;0.362539;N;0.005398;0.007767;0.689850661843;0.1202;0.16078985;0.663;0.02258;M286T,M286T;N,N;0.956191,0.956191;0.14000;0.008;0.019;0.125;0.915;0.628;0.104;0.67177;1.000000
63;chr1:23874766_G/A;LOW;-1;synonymous_variant;1014;852;284;C;tgC/tgT;-;;;;;;;;;;;;;;;;;;;;;;;;;;;;;;;;;;;
64;chr1:23874772_A/G;LOW;-1;synonymous_variant;1008;846;282;A;gcT/gcC;-;;;;;;;;;;;;;;;;;;;;;;;;;;;;;;;;;;;
65;chr1:23874776_A/T;MODERATE;-1;missense_variant;1004;842;281;F/Y;tTt/tAt;-;0.18385;0.0263116;0.931183874607086;0.99586995920209098;0.124528;7.989593;0.712325977987898;7.272931;0.710809233909165;-0.6;0.702456;0.999999999515335;0.547309;0.957104;0.000000;D;0.000000;0.048929;0.845336169967;0.4442;0.91391826;0.865;0.50856;F281Y,F281Y;D,D;0.999991,0.999991;0.27669;1.0;1.0;0.546;0.094;0.005;0.613;0.67177;0.995000
66;chr1:23874779_G/A;MODERATE;-1;missense_variant;1001;839;280;A/V;gCc/gTc;-;-0.484293;-0.648716;0.00618655554708955;0.39231120401481467;0.04839;0.7209352;-0.826473647442814;0.3858504;-1.01733758515212;1.22;0.702456;0.826457674846884;0.547309;0.842916;0.539392;N;0.080849;0.00504;0.248417906384;0.0278;0.005254805;;0.00566;A280V,A280V;N,N;0.794555,0.794555;0.01246;0.0;0.006;0.048;1.0;1.0;0.074;0.67177;0.969000
67;chr1:23874780_C/A;MODERATE;-1;missense_variant;1000;838;280;A/S;Gcc/Tcc;-;-0.153296;-0.457975;0.621644496917725;0.99636607337203587;0.142058;3.02602;0.166950323338513;2.948151;0.115578481660007;1.14;0.702456;0.999073389415201;0.547309;0.934107;0.539392;N;0.080849;0.015889;0.63550411661;0.1089;0.40895674;0.781;0.36358;A280S,A280S;N,N;0.912707,0.912707;0.26200;0.482;0.45;0.070;0.018;0.004;0.184;0.67177;0.973000
68;chr1:23874781_CTT/-;MODERATE;-1;inframe_deletion;997-999;835-837;279;K/-;AAG/-;-;;;;;;;;;;;;;;;;;;;;;;;;;;;;;;;;;;;
69;chr1:23874802_C/A;LOW;-1;synonymous_variant;978;816;272;T;acG/acT;-;;;;;;;;;;;;;;;;;;;;;;;;;;;;;;;;;;;
70;chr1:23874802_C/T;LOW;-1;synonymous_variant;978;816;272;T;acG/acA;-;;;;;;;;;;;;;;;;;;;;;;;;;;;;;;;;;;;
71;chr1:23874803_G/A;MODERATE;-1;missense_variant;977;815;272;T/M;aCg/aTg;-;-0.358822;-0.493521;0.0599896310290268;0.9957797259589577;0.076525;1.455735;-0.354706989295572;1.896306;-0.192955648942422;1.21;0.702456;0.924892400550017;0.547309;0.777122;1.163060;N;0.656029;0.027914;0.660217342666;0.1544;0.1521253;;0.37439;T272M,T272M;N,N;1,1;0.13035;0.967;0.806;0.081;0.107;0.024;0.152;0.67177;0.030000
72;chr1:23874804_T/A;MODERATE;-1;missense_variant;976;814;272;T/S;Acg/Tcg;-;-0.325293;-0.705038;0.296502143144608;0.52094173102690233;0.048183;0.3449142;-1.13091185383534;0.2536172;-1.16379582412349;1.28;0.702456;0.752996719810554;0.547309;0.473453;1.163060;N;0.656029;0.007221;0.36453787251;0.0482;0.10797912;0.503;0.02835;T272S,T272S;N,N;1,1;0.05035;0.001;0.026;0.024;0.74;0.356;0.026;0.67177;0.022000
73;chr1:23874807_T/C;MODERATE;-1;missense_variant;973;811;271;T/A;Act/Gct;-;-0.360536;-0.574133;0.0263440927688812;0.24157215041441343;0.049322;0.05246749;-1.69354004697651;0.03690112;-1.69685856458725;-0.56;0.702456;0.999287298604741;0.547309;0.381962;1.152950;N;0.675497;0.017429;0.403896168776;0.0917;0.04088065;;0.00936;T271A,T271A;N,N;1,1;0.03521;0.0;0.004;0.123;0.52;1.0;0.025;0.67177;0.003000
74;chr1:23874822_C/A;MODERATE;-1;missense_variant;958;796;266;A/S;Gcc/Tcc;-;-0.143481;-0.428391;0.327679038047791;0.99166931154843385;0.070743;2.396039;0.0106704098483898;1.956182;-0.172067479689138;1.21;0.702456;0.999636093551525;0.547309;0.585341;0.946665;N;0.875024;0.009492;0.533227312814;0.0580;0.16571832;0.663;0.36358;A266S,A266S;N,N;0.993663,0.993663;0.19297;0.091;0.102;0.101;0.008;0.002;0.088;0.67177;0.940000
75;chr1:23874822_C/T;MODERATE;-1;missense_variant;958;796;266;A/T;Gcc/Acc;-;-0.189277;-0.50966;0.136667525921154;0.99515243262666486;0.052585;2.199513;-0.048812432342686;1.727612;-0.255023245121874;1.22;0.702456;0.999636093551525;0.547309;0.514149;0.946665;N;0.875024;0.005487;0.52297913765;0.0496;0.11867112;0.516;0.14455;A266T,A266T;N,N;0.985485,0.985485;0.07444;0.009;0.016;0.089;0.09;0.057;0.038;0.67177;0.940000
76;chr1:23874824_A/C;MODERATE;-1;missense_variant;956;794;265;M/R;aTg/aGg;-;0.133717;0.157898;0.684876221775257;0.98549214051761891;0.353433;8.736318;0.747250581706615;8.871617;0.804626783487538;1.29;0.702456;0.999999999739988;0.547309;0.667233;0.077782;D;0.000000;0.054287;0.747770978899;0.2570;0.9736436;0.865;0.83145;M265R,M265R;D,D;1,1;0.72471;1.0;0.997;0.720;0.001;0.0;0.804;0.67177;0.970000
77;chr1:23874834_G/A;LOW;-1;synonymous_variant;946;784;262;L;Ctg/Ttg;-;;;;;;;;;;;;;;;;;;;;;;;;;;;;;;;;;;;
78;chr1:23874856_G/A;LOW;-1;synonymous_variant;924;762;254;L;ctC/ctT;-;;;;;;;;;;;;;;;;;;;;;;;;;;;;;;;;;;;
79;chr1:23874867_A/G;LOW;-1;synonymous_variant;913;751;251;L;Ttg/Ctg;-;;;;;;;;;;;;;;;;;;;;;;;;;;;;;;;;;;;
80;chr1:23874869_A/G;MODERATE;-1;missense_variant;911;749;250;V/A;gTg/gCg;-;0.0155716;-0.215409;0.989179015159607;0.99855313567246862;0.372346;7.903444;0.70792576920119;7.40238;0.719629205147335;0.8;0.702456;0.999999999890701;0.547309;0.89841;0.182238;D;0.000212;0.023848;0.816515938373;0.3022;0.5443122;0.695;0.82106;V250A,V250A;D,D;0.999822,0.999822;0.71397;0.78;0.723;0.441;0.004;0.001;0.377;0.67177;1.000000
81;chr1:23874875_C/A;MODERATE;-1;missense_variant;905;743;248;G/V;gGg/gTg;-;-0.206169;-0.470278;0.220878502382574;0.98060328702926047;0.048172;1.793015;-0.196966348224588;1.629504;-0.293675986279551;1.37;0.702456;0.986932335104731;0.547309;0.860114;0.222920;D;0.000290;0.013167;0.64230605287;0.0748;0.2464498;;0.17993;G248V,G248V;D,D;1,1;0.07008;0.597;0.456;0.086;0.188;0.218;0.146;0.67177;0.992000
82;chr1:23874876_C/T;MODERATE;-1;missense_variant;904;742;248;G/R;Ggg/Agg;-;-0.00646894;-0.0712218;0.535116195678711;0.99929039029478328;0.142523;8.915301;0.754851959418928;8.889717;0.805530899951137;1.18;0.702456;0.999999999999979;0.547309;0.955404;0.222920;D;0.000290;0.053391;0.784270663148;0.2811;0.59028554;;0.83286;G248R,G248R;D,D;0.999996,0.999996;0.46503;0.999;0.992;0.409;0.066;0.064;0.542;0.67177;0.993000
83;chr1:23874887_G/A;MODERATE;-1;missense_variant;893;731;244;A/V;gCc/gTc;-;0.13621;0.212925;0.366599240352216;0.99901675011715685;0.14526;12.3914;0.866541902641696;10.55969;0.880549477884378;-0.69;0.702456;0.999999999999979;0.547309;0.956971;0.173918;D;0.000116;0.066526;0.91898976186;0.5462;0.90100044;0.838;0.53506;A244V,A244V;D,D;1,1;0.35399;1.0;1.0;0.603;0.017;0.0;0.764;0.67177;1.000000
84;chr1:23874897_C/T;MODERATE;-1;missense_variant;883;721;241;V/M;Gtg/Atg;-;-0.153803;-0.289576;0.804946422576904;0.9986215383265955;0.116548;4.387719;0.404119872971669;4.822771;0.471622998355541;-0.61;0.702456;0.990030696129126;0.547309;0.874313;0.125792;N;0.000043;0.129031;0.852004672353;0.4758;0.42432982;0.617;0.47900;V241M,V241M;D,D;0.963812,0.963812;0.24676;0.996;0.988;0.441;0.006;0.001;0.091;0.67177;0.894000
85;chr1:23874898_A/G;LOW;-1;synonymous_variant;882;720;240;D;gaT/gaC;-;;;;;;;;;;;;;;;;;;;;;;;;;;;;;;;;;;;
86;chr1:23874903_G/T;MODERATE;-1;missense_variant;877;715;239;L/M;Ctg/Atg;-;-0.0598299;-0.323718;0.715440571308136;0.92295134212264052;0.052015;3.142053;0.191531251672731;2.736445;0.0613294589912996;-0.61;0.702456;0.998860143137643;0.547309;0.617538;0.239926;N;0.001077;0.020223;0.714501024649;0.2571;0.18540621;0.628;0.15224;L239M,L239M;D,D;0.964606,0.964606;0.04233;0.526;0.587;0.229;0.805;1.0;0.104;0.67177;0.988000
87;chr1:23874905_C/T;MODERATE;-1;missense_variant;875;713;238;R/K;aGg/aAg;-;0.0349313;-0.1876;0.887466073036194;0.99703732322106853;0.105816;9.242968;0.768043928528784;8.267211;0.772559425086128;1.57;0.702456;0.999999997202102;0.547309;0.732627;0.094859;D;0.000001;0.015936;0.697922046397;0.2054;0.38186914;0.706;0.64647;R238K,R238K;D,D;0.999067,0.999067;0.28497;0.997;0.991;0.259;0.0;0.001;0.232;0.67177;0.995000
88;chr1:23874911_C/T;MODERATE;-1;missense_variant;869;707;236;R/Q;cGa/cAa;-;-0.195716;-0.388458;0.213347882168529;0.98874955762860262;0.11464;3.44313;0.250893601122229;3.018324;0.132917192869045;-0.6;0.702456;0.999761040491546;0.547309;0.750425;0.272597;N;0.002702;0.024382;0.749819313313;0.2971;0.3781267;0.808;0.32069;R236Q,R236Q;D,D;0.97282,0.97282;0.29525;0.58;0.441;0.189;0.197;0.524;0.168;0.67177;0.984000
89;chr1:23874912_G/A;HIGH;-1;stop_gained;868;706;236;R/*;Cga/Tga;-;0.369055;0.529014;;0.99770454231586392;;5.628241;0.548068412707938;6.786023;0.675228037790461;;0.702456;0.997929793873801;0.547309;;0.272597;N;0.002702;;;;;;;R236*,R236*;D,D;1,1;;;;;;;0.902;0.67177;0.985000
90;chr1:23874949_C/A;MODERATE;-1;missense_variant;831;669;223;L/F;ttG/ttT;-;-0.0586436;-0.322014;0.916517594285879;0.9986047564938384;0.204365;4.006083;0.347549102365267;4.563335;0.434307978507501;1.11;0.702456;0.999983442956887;0.547309;0.768023;0.048004;D;0.000000;0.053809;0.663583918657;0.2363;0.40385905;0.632;0.67662;L223F,L223F;D,D;0.995118,0.995118;0.51968;0.996;0.978;0.313;0.02;0.002;0.163;0.67177;0.993000
91;chr1:23874952_G/T;MODERATE;-1;missense_variant;828;666;222;S/R;agC/agA;-;-0.148862;-0.451606;0.0350763512688033;0.33724494188574983;0.04656;0.6020836;-0.913396114050271;0.3490099;-1.05405829050263;-0.58;0.702456;0.750261511137146;0.547309;0.594141;0.551990;N;0.075547;0.019756;0.510524285738;0.1401;0.08181271;0.675;0.15622;S222R,S222R;N,N;1,1;0.02853;0.001;0.012;0.112;0.444;0.536;0.081;0.67177;0.992000
92;chr1:23874958_C/T;LOW;-1;synonymous_variant;822;660;220;V;gtG/gtA;-;;;;;;;;;;;;;;;;;;;;;;;;;;;;;;;;;;;
93;chr1:23874963_G/A;MODERATE;-1;missense_variant;817;655;219;H/Y;Cat/Tat;-;0.224662;0.0849354;0.959802746772766;0.99752566031635481;0.349746;11.27035;0.835838924143223;11.14269;0.903572108618129;1.04;0.702456;0.999999999999998;0.547309;0.79772;0.000000;D;0.000000;0.049455;0.861930121395;0.3394;0.9317348;0.817;0.89610;H219Y,H219Y;D,D;1,1;0.69950;1.0;1.0;0.572;0.0;0.088;0.744;0.67177;0.988000
94;chr1:23874966_G/A;HIGH;-1;stop_gained;814;652;218;Q/*;Cag/Tag;-;0.489885;0.566539;;0.99699247747240649;;6.27461;0.604053409898693;7.853198;0.748401814187005;;0.702456;0.99999928620661;0.547309;;0.243555;D;0.000598;;;;;;;Q218*,Q218*;D,D;1,1;;;;;;;0.788;0.67177;0.993000
95;chr1:23874970_G/A;LOW;-1;synonymous_variant;810;648;216;A;gcC/gcT;-;;;;;;;;;;;;;;;;;;;;;;;;;;;;;;;;;;;
96;chr1:23874978_A/G;MODERATE;-1;missense_variant;802;640;214;W/R;Tgg/Cgg;-;0.0636762;-0.14631;0.911225199699402;0.99056618352520875;0.334751;4.974469;0.479140700520654;4.804855;0.469146317844437;1.41;0.702456;0.999999570567388;0.547309;0.794521;0.000000;D;0.000000;0.016059;0.629465430942;0.0995;0.72140574;0.796;0.38159;W214R,W214R;D,D;0.999995,0.999995;0.78388;0.994;0.942;0.291;0.071;0.045;0.534;0.67177;0.995000
97;chr1:23874981_G/A;MODERATE;-1;missense_variant;799;637;213;L/F;Ctc/Ttc;-;0.229144;0.091373;0.724765777587891;0.99838310553693221;0.050968;6.950329;0.652577495676753;6.58322;0.659082854670581;1.11;0.702456;0.999999999616475;0.547309;0.815918;0.000000;D;0.000000;0.04225;0.691987570819;0.1955;0.73279643;0.7;0.35607;L213F,L213F;D,D;0.999997,0.999997;0.08809;1.0;1.0;0.426;0.008;0.001;0.637;0.67177;0.976000
98;chr1:23874985_A/T;MODERATE;-1;missense_variant;795;633;211;H/Q;caT/caA;-;-0.206466;-0.426693;0.474773079156876;0.95724982294951066;0.140372;0.3423074;-1.13363034063657;0.4072117;-0.997058429990592;1.24;0.702456;0.997860225506356;0.547309;0.777722;0.345999;N;0.004704;0.010981;0.305086939656;0.0759;0.24872527;0.654;0.27187;H211Q,H211Q;N,N;0.999991,0.999991;0.39503;0.599;0.633;0.162;0.201;0.011;0.112;0.67177;0.847000
99;chr1:23874986_T/A;MODERATE;-1;missense_variant;794;632;211;H/L;cAt/cTt;-;-0.0415241;-0.297423;0.127662032842636;0.84696876839130752;0.326109;0.8589793;-0.728447797345877;0.642129;-0.80883367614033;1.45;0.702456;0.992069838761267;0.547309;0.816218;0.345999;N;0.004704;0.012616;0.341226946553;0.0356;0.25413442;0.709;0.32305;H211L,H211L;N,N;1,1;0.60827;0.001;0.01;0.276;0.595;0.285;0.392;0.67177;0.848000
100;chr1:23874996_T/-;HIGH;-1;frameshift_variant;784;622;208;T/X;Acc/cc;-;;;;;;;;;;;;;;;;;;;;;;;;;;;;;;;;;;;
101;chr1:23875002_T/C;MODERATE;-1;missense_variant;778;616;206;I/V;Atc/Gtc;-;-0.100838;-0.382623;0.0955946822190542;0.38607349196967033;0.056078;0.7679606;-0.792693262459003;0.4769948;-0.935425424698743;-0.55;0.702456;0.998248189453733;0.547309;0.618038;0.237166;D;0.000708;0.018914;0.583742250554;0.1208;0.1460188;0.589;0.15840;I206V,I206V;D,D;0.970646,0.970646;0.08809;0.047;0.17;0.122;0.486;0.949;0.07;0.67177;0.955000
102;chr1:23875008_C/T;MODERATE;-1;missense_variant;772;610;204;G/R;Gga/Aga;-;-0.119234;-0.222511;0.411065697669983;0.99871234492937633;0.15152;4.897483;0.470073320056714;4.786315;0.466568978797117;1.2;0.702456;0.999998419753422;0.547309;0.782022;0.409035;N;0.015691;0.017636;0.72781450588;0.1346;0.44503826;;0.43825;G204R,G204R;D,D;0.95716,0.95716;0.27463;0.994;0.817;0.253;0.37;0.067;0.423;0.67177;0.671000
103;chr1:23875009_G/A;LOW;-1;synonymous_variant;771;609;203;S;tcC/tcT;-;;;;;;;;;;;;;;;;;;;;;;;;;;;;;;;;;;;
104;chr1:23875012_A/C;MODERATE;-1;missense_variant;768;606;202;F/L;ttT/ttG;-;-0.22764;-0.564766;0.039390217512846;0.34497323945496422;0.054212;0.4933518;-0.996415286943822;0.2317658;-1.19327565735431;1.43;0.702456;0.999165035399271;0.547309;0.621638;0.056541;D;0.000001;0.00828;0.187945064343;0.0178;0.041395575;0.571;0.02095;F202L,F202L;N,N;0.991003,0.991003;0.01921;0.002;0.006;0.079;1.0;1.0;0.049;0.67177;0.503000
105;chr1:23875014_A/G;MODERATE;-1;missense_variant;766;604;202;F/L;Ttt/Ctt;-;-0.18688;-0.506217;0.297387629747391;0.39459878700674983;0.054212;1.425425;-0.370837804453852;0.9066567;-0.64542467614749;1.43;0.702456;0.999778279647358;0.547309;0.621638;0.056541;D;0.000001;0.004489;0.270447802918;0.0189;0.07296419;0.571;0.02095;F202L,F202L;D,D;0.980991,0.980991;0.01921;0.002;0.006;0.078;1.0;1.0;0.049;0.67177;0.625000
106;chr1:23875017_G/T;MODERATE;-1;missense_variant;763;601;201;L/I;Ctc/Atc;-;0.0632571;-0.146912;0.841532349586487;0.99387653688550115;0.092583;7.741726;0.699432263147752;7.356242;0.716527104476174;1.2;0.702456;1.0;0.547309;0.70313;0.061993;D;0.000002;0.02698;0.721054117171;0.2339;0.83253753;0.662;0.52479;L201I,L201I;D,D;0.999997,0.999997;0.16598;0.975;0.919;0.270;0.07;0.047;0.603;0.67177;0.537000
107;chr1:23875020_A/G;MODERATE;-1;missense_variant;760;598;200;F/L;Ttc/Ctc;-;-0.268434;-0.623364;0.074745823747498;0.91761403829261323;0.053804;0.1235479;-1.46048273448027;0.1038158;-1.43307597989358;1.49;0.702456;0.999997725750973;0.547309;0.419458;0.551353;N;0.099137;0.005484;0.208816687407;0.0233;0.084961355;0.64;0.01466;F200L,F200L;N,N;1,1;0.01664;0.001;0.016;0.032;0.16;0.018;0.036;0.67177;0.260000
108;chr1:23875021_G/A;LOW;-1;synonymous_variant;759;597;199;A;gcC/gcT;-;;;;;;;;;;;;;;;;;;;;;;;;;;;;;;;;;;;
109;chr1:23875023_C/G;MODERATE;-1;missense_variant;757;595;199;A/P;Gcc/Ccc;-;0.0468442;-0.170488;0.496620357036591;0.99524626744088052;0.224664;1.738013;-0.220262028928693;2.183995;-0.0971003822900415;-0.68;0.702456;0.999525903901465;0.547309;0.684232;0.538297;N;0.075160;0.077449;0.833478237945;0.3608;0.88666445;0.818;0.44315;A199P,A199P;N,N;1,1;0.44852;0.882;0.889;0.504;0.083;0.108;0.419;0.67177;0.287000
110;chr1:23875023_C/T;MODERATE;-1;missense_variant;757;595;199;A/T;Gcc/Acc;-;-0.377043;-0.485885;0.0299566730931587;0.80150698117284225;0.063874;0.7373454;-0.814644071950428;0.5170622;-0.902477368272361;-0.63;0.702456;0.999525903901465;0.547309;0.569643;0.538297;N;0.075160;0.022823;0.605465558274;0.1467;0.04219091;;0.32305;A199T,A199T;N,N;1,1;0.08340;0.003;0.021;0.094;0.535;0.596;0.059;0.67177;0.287000
111;chr1:23875024_G/A;LOW;-1;synonymous_variant;756;594;198;I;atC/atT;-;;;;;;;;;;;;;;;;;;;;;;;;;;;;;;;;;;;
112;chr1:23875027_G/A;LOW;-1;synonymous_variant;753;591;197;F;ttC/ttT;-;;;;;;;;;;;;;;;;;;;;;;;;;;;;;;;;;;;
113;chr1:23875036_C/G;MODERATE;-1;missense_variant;744;582;194;W/C;tgG/tgC;-;0.342366;0.254009;0.997033834457397;0.99170171259128037;0.375665;7.842114;0.704735732597039;6.641052;0.663761253674873;-0.57;0.702456;0.999999999975217;0.547309;0.838616;0.000000;D;0.000000;0.13438;0.95350935405;0.4452;0.89078987;0.737;0.39561;W194C,W194C;D,D;1,1;0.83967;1.0;1.0;0.584;0.001;0.001;0.744;0.67177;1.000000
114;chr1:23875039_G/C;MODERATE;-1;missense_variant;741;579;193;S/R;agC/agG;-;-0.0520328;-0.312518;0.70713746547699;0.99703212253889939;0.183651;3.030764;0.167971734118027;3.215954;0.180012174608025;1.16;0.702456;0.999854000495625;0.547309;0.618838;0.476112;N;0.038074;0.020549;0.759849614725;0.1703;0.61983526;0.817;0.77586;S193R,S193R;N,N;0.809564,0.809564;0.42763;0.747;0.723;0.255;0.377;0.068;0.428;0.67177;0.996000
115;chr1:23875048_G/C;HIGH;-1;stop_gained;732;570;190;Y/*;taC/taG;-;0.518762;0.507389;;0.99575781202969937;;3.407562;0.244185879337752;4.574191;0.435940326969102;;0.702456;0.999610577210736;0.547309;;0.055860;D;0.000000;;;;;;;Y190*,Y190*;D,D;1,1;;;;;;;0.853;0.67177;0.979000
116;chr1:23875054_A/G;LOW;-1;synonymous_variant;726;564;188;N;aaT/aaC;-;;;;;;;;;;;;;;;;;;;;;;;;;;;;;;;;;;;
117;chr1:23875055_T/C;MODERATE;-1;missense_variant;725;563;188;N/S;aAt/aGt;-;-0.334292;-0.548835;0.273470289083977;0.99654454614952759;0.16477;3.0305;0.16791415954075;3.171967;0.169753333822751;1.22;0.702456;0.999999163619668;0.547309;0.770523;0.449021;N;0.018191;0.0083;0.660851695494;0.1308;0.35187992;0.694;0.44892;N188S,N188S;N,N;0.57622,0.57622;0.40468;0.869;0.739;0.155;0.62;0.081;0.048;0.67177;0.953000
118;chr1:23875071_A/G;MODERATE;-1;missense_variant;709;547;183;F/L;Ttc/Ctc;-;0.0728322;-0.133158;0.931133925914764;0.99840955250955732;0.181987;5.227782;0.507497350176618;5.066283;0.503941633734009;1.12;0.702456;0.999999995838001;0.547309;0.535446;0.044876;D;0.000000;0.017196;0.600825740518;0.1819;0.6544094;0.778;0.43254;F183L,F183L;D,D;0.999958,0.999958;0.52128;0.985;0.951;0.255;0.03;0.006;0.559;0.67177;0.998000
119;chr1:23875077_CA/-;HIGH;-1;frameshift_variant;702-703;540-541;180-181;SE/SX;tcTGag/tcag;-;;;;;;;;;;;;;;;;;;;;;;;;;;;;;;;;;;;
120;chr1:23875085_G/A;MODERATE;-1;missense_variant;695;533;178;P/L;cCc/cTc;-;-0.0760472;-0.347013;0.054169699549675;0.84413226700179123;0.077439;1.723781;-0.226460308925557;1.491046;-0.3516997103766;-0.64;0.702456;0.999999167588606;0.547309;0.69863;0.462575;N;0.024921;0.008115;0.7787160767;0.2041;0.20250225;0.464;0.25523;P178L,P178L;D,D;0.983387,0.983387;0.23590;0.004;0.029;0.043;0.42;0.261;0.08;0.67177;0.992000
121;chr1:23875086_G/T;MODERATE;-1;missense_variant;694;532;178;P/T;Ccc/Acc;-;-0.109553;-0.325304;0.0787860505616072;0.8609200104902982;0.054926;1.236617;-0.478753844874193;0.9866707;-0.600542879342689;-0.6;0.702456;0.999968722074493;0.547309;0.651335;0.462575;N;0.024921;0.018152;0.703681620835;0.1841;0.15884694;;0.18616;P178T,P178T;N,N;0.999989,0.999989;0.09460;0.11;0.14;0.078;0.649;0.341;0.081;0.67177;0.972000
122;chr1:23875087_C/T;LOW;-1;synonymous_variant;693;531;177;R;agG/agA;-;;;;;;;;;;;;;;;;;;;;;;;;;;;;;;;;;;;
123;chr1:23875089_T/C;MODERATE;-1;missense_variant;691;529;177;R/G;Agg/Ggg;-;-0.210933;-0.540767;0.0678101540060871;0.98012339821586236;0.097824;1.387213;-0.391608723696971;1.134186;-0.521687739996676;1.18;0.702456;0.999964316097031;0.547309;0.694731;0.637178;N;0.174005;0.00955;0.425615883737;0.0496;0.07733017;0.548;0.16226;R177G,R177G;N,N;0.976506,0.976506;0.21860;0.021;0.065;0.055;0.115;0.091;0.102;0.67177;0.939000
124;chr1:23875096_G/A;LOW;-1;synonymous_variant;684;522;174;C;tgC/tgT;-;;;;;;;;;;;;;;;;;;;;;;;;;;;;;;;;;;;
125;chr1:23875099_A/T;LOW;-1;synonymous_variant;681;519;173;T;acT/acA;-;;;;;;;;;;;;;;;;;;;;;;;;;;;;;;;;;;;
126;chr1:23875100_G/A;MODERATE;-1;missense_variant;680;518;173;T/I;aCt/aTt;-;0.122243;-0.0621835;0.964756965637207;0.99862657805962707;0.322093;6.480296;0.61981194464573;5.825786;0.590242275293599;-0.68;0.702456;0.999999080964015;0.547309;0.79772;0.235417;D;0.000142;0.037274;0.899491837321;0.3636;0.49749228;0.662;0.46185;T173I,T173I;D,D;0.951242,0.951242;0.63323;0.907;0.752;0.458;0.018;0.002;0.179;0.67177;1.000000
127;chr1:23875107_C/T;MODERATE;-1;missense_variant;673;511;171;G/R;Gga/Aga;-;0.41597;0.359735;0.998580574989319;0.99929572542378708;0.400988;16.93807;0.966721756150106;14.52638;1.01886930527321;-0.77;0.702456;1.0;0.547309;0.90161;0.000000;D;0.000000;0.1922;0.930161416652;0.6947;0.92460746;0.748;0.93020;G171R,G171R;D,D;1,1;0.96166;1.0;1.0;0.875;0.01;0.0;0.958;0.67177;1.000000
128;chr1:23875113_G/A;MODERATE;-1;missense_variant;667;505;169;L/F;Ctc/Ttc;-;-0.0234836;-0.271509;0.987903535366058;0.99884998925288704;0.313724;4.517478;0.421926895689239;5.057348;0.502805447530796;1.05;0.702456;0.999999991831931;0.547309;0.612939;0.061930;N;0.000005;0.029983;0.68354922304;0.2905;0.46943036;0.671;0.85306;L169F,L169F;D,D;0.999976,0.999976;0.61865;1.0;1.0;0.420;0.015;0.009;0.081;0.67177;0.902000
129;chr1:23875113_G/C;MODERATE;-1;missense_variant;667;505;169;L/V;Ctc/Gtc;-;0.0829357;-0.118645;0.787818372249603;0.99737052422298145;0.119954;4.131893;0.366907450071654;4.448057;0.41665306315099;1.03;0.702456;0.999999991831931;0.547309;0.70083;0.061930;D;0.000005;0.050577;0.616877265583;0.2336;0.47414452;0.665;0.55589;L169V,L169V;D,D;0.99988,0.99988;0.25118;1.0;1.0;0.378;0.017;0.001;0.308;0.67177;0.902000
130;chr1:23875118_A/T;MODERATE;-1;missense_variant;662;500;167;L/Q;cTg/cAg;-;0.282222;0.167616;0.992528676986694;0.99430769844309908;0.509252;5.998727;0.581442921323399;6.717988;0.669905659017471;1.02;0.702456;0.999999994674477;0.547309;0.748825;0.067442;D;0.000016;0.053101;0.81393196169;0.2938;0.86436415;0.605;0.89678;L167Q,L167Q;D,D;0.99945,0.99945;0.81187;1.0;0.995;0.527;0.003;0.001;0.81;0.67177;0.960000
131;chr1:23875125_A/T;MODERATE;-1;missense_variant;655;493;165;S/T;Tcc/Acc;-;-0.0364372;-0.290116;0.924722254276276;0.99396577467841107;0.172987;5.598657;0.545236159231517;5.780797;0.585661984826975;1.0;0.702456;0.999999962501531;0.547309;0.664234;0.103999;D;0.000002;0.050726;0.842542087117;0.2300;0.47125491;0.708;0.86425;S165T,S165T;D,D;0.997682,0.997682;0.39887;0.997;0.983;0.286;0.029;0.003;0.234;0.67177;0.817000
132;chr1:23875126_G/A;LOW;-1;synonymous_variant;654;492;164;V;gtC/gtT;-;;;;;;;;;;;;;;;;;;;;;;;;;;;;;;;;;;;
133;chr1:23875128_C/T;MODERATE;-1;missense_variant;652;490;164;V/I;Gtc/Atc;-;-0.419212;-0.547797;0.00293449702634463;0.1068659504734014;0.04869;0.777659;-0.785811461971936;0.4805189;-0.932448061211049;-0.57;0.702456;0.999853370699619;0.547309;0.624837;0.389509;N;0.017706;0.009396;0.509762279564;0.1049;0.08162266;0.574;0.03026;V164I,V164I;N,N;1,1;0.03140;0.0;0.009;0.070;1.0;1.0;0.027;0.67177;0.398000
134;chr1:23875131_G/C;MODERATE;-1;missense_variant;649;487;163;L/V;Cta/Gta;-;-0.299816;-0.668441;0.0154782065203885;0.062540943320550976;0.058453;0.3176849;-1.16004274388841;0.2366851;-1.18646728854957;0.98;0.702456;0.999807259981897;0.547309;0.550145;0.781468;N;0.507900;0.006975;0.484109215787;0.0426;0.06615895;0.636;0.13445;L163V,L163V;N,N;1,1;0.04947;0.004;0.01;0.046;1.0;1.0;0.032;0.67177;0.314000
135;chr1:23875138_G/A;LOW;-1;synonymous_variant;642;480;160;L;ctC/ctT;-;;;;;;;;;;;;;;;;;;;;;;;;;;;;;;;;;;;
136;chr1:23875143_C/A;MODERATE;-1;missense_variant;637;475;159;V/F;Gtc/Ttc;-;-0.0839522;-0.358368;0.383109956979752;0.99528468198593223;0.239046;2.415257;0.016141022818472;2.907975;0.105487507680438;1.08;0.702456;0.999819797905863;0.547309;0.712229;0.836577;N;0.624356;0.062251;0.788561521617;0.1941;0.44731855;0.707;0.77858;V159F,V159F;D,D;0.994028,0.994028;0.52612;0.721;0.673;0.265;0.033;0.018;0.182;0.67177;0.647000
137;chr1:23875153_G/A;LOW;-1;synonymous_variant;627;465;155;G;ggC/ggT;-;;;;;;;;;;;;;;;;;;;;;;;;;;;;;;;;;;;
138;chr1:23875155_C/T;MODERATE;-1;missense_variant;625;463;155;G/S;Ggc/Agc;-;-0.313985;-0.519666;0.104909041742687;0.98762841092174303;0.056149;1.40908;-0.379651844282428;1.152643;-0.512192218916552;1.19;0.702456;0.999987920374564;0.547309;0.720728;0.387285;N;0.014778;0.010653;0.484400871567;0.0632;0.091427594;0.542;0.25572;G155S,G155S;N,N;0.927806,0.927806;0.07736;0.028;0.158;0.075;0.549;0.289;0.079;0.67177;0.437000
139;chr1:23875159_G/C;LOW;-1;synonymous_variant;621;459;153;T;acC/acG;-;;;;;;;;;;;;;;;;;;;;;;;;;;;;;;;;;;;
140;chr1:23875160_G/C;MODERATE;-1;missense_variant;620;458;153;T/S;aCc/aGc;-;-0.176806;-0.491746;0.281055867671967;0.98266741583619532;0.062932;2.219037;-0.0426046224607698;1.786517;-0.232780969060813;1.21;0.702456;0.999999214876524;0.547309;0.406259;0.626921;N;0.155136;0.006331;0.633527035242;0.0562;0.22999215;0.664;0.19620;T153S,T153S;N,N;0.96802,0.96802;0.12099;0.012;0.069;0.078;0.264;0.11;0.055;0.67177;0.753000
141;chr1:23875164_C/T;MODERATE;-1;missense_variant;616;454;152;V/M;Gtg/Atg;-;-0.0851573;-0.360099;0.463094681501389;0.99894236423013927;0.116482;3.615366;0.282295378703194;3.960184;0.334133882842384;-0.82;0.702456;0.999997907116177;0.547309;0.725627;0.589219;N;0.136897;0.028299;0.796408649751;0.4917;0.27183813;0.628;0.54099;V152M,V152M;N,N;0.597765,0.597765;0.30555;0.922;0.877;0.384;0.031;0.002;0.056;0.67177;0.837000
142;chr1:23875167_G/A;LOW;-1;synonymous_variant;613;451;151;L;Ctg/Ttg;-;;;;;;;;;;;;;;;;;;;;;;;;;;;;;;;;;;;
143;chr1:23875175_C/T;MODERATE;-1;missense_variant;605;443;148;G/E;gGa/gAa;-;-0.225814;-0.562142;0.118224829435349;0.90674707274899857;0.057956;0.7879481;-0.778516781422508;0.690375;-0.775965144312283;1.2;0.702456;0.998834754403952;0.547309;0.371363;0.786968;N;0.457553;0.012565;0.420322003156;0.0985;0.14023486;0.453;0.43825;G148E,G148E;N,N;1,1;0.08809;0.079;0.232;0.030;0.485;0.164;0.069;0.67177;0.251000
144;chr1:23875178_C/T;MODERATE;-1;missense_variant;602;440;147;R/H;cGt/cAt;-;-0.180712;-0.317061;0.534472644329071;0.99848408891252893;0.322205;1.692063;-0.240428991854749;2.217173;-0.0867226949930468;-0.68;0.702456;0.996698790667546;0.547309;0.637336;0.325126;N;0.002756;0.018987;0.856124704152;0.3091;0.26021534;0.658;0.58353;R147H,R147H;D,D;0.974486,0.974486;0.59226;0.918;0.61;0.316;0.021;0.001;0.069;0.67177;0.113000
145;chr1:23875179_G/A;MODERATE;-1;missense_variant;601;439;147;R/C;Cgt/Tgt;-;0.00348744;-0.232767;0.981091856956482;0.99830436743946893;0.355144;2.628321;0.0734828371885508;2.608394;0.0269878190779808;-0.71;0.702456;0.999978561681388;0.547309;0.720328;0.325126;N;0.002756;0.046439;0.844292744366;0.3222;0.43814307;0.706;0.85803;R147C,R147C;D,D;0.99996,0.99996;0.74582;0.31;0.224;0.323;0.054;0.014;0.127;0.67177;0.432000
146;chr1:23875181_G/A;MODERATE;-1;missense_variant;599;437;146;T/I;aCc/aTc;-;0.310915;0.208832;0.991896331310272;0.99898891912720444;0.483243;11.74211;0.849175020746265;11.51606;0.917669432943416;0.89;0.702456;1.0;0.547309;0.840716;0.000000;D;0.000000;0.101011;0.880222404242;0.3468;0.98136157;0.874;0.92762;T146I,T146I;D,D;1,1;0.81107;1.0;1.0;0.722;0.0;0.0;0.885;0.67177;0.857000
147;chr1:23875185_G/A;MODERATE;-1;missense_variant;595;433;145;L/F;Ctc/Ttc;-;-0.185586;-0.504358;0.22746866941452;0.99261589952302409;0.143845;1.66641;-0.251927848674826;1.511509;-0.342859068921865;1.21;0.702456;0.999213248613116;0.547309;0.646635;0.272836;N;0.002193;0.016571;0.372993862945;0.0730;0.1925543;0.557;0.53506;L145F,L145F;D,D;0.956624,0.956624;0.42384;0.056;0.182;0.047;0.123;0.043;0.051;0.67177;0.897000
148;chr1:23875191_C/A;MODERATE;-1;missense_variant;589;427;143;A/S;Gct/Tct;-;-0.272467;-0.629157;0.0931390002044861;0.718472772028805;0.0495;1.292224;-0.445628169255527;1.028421;-0.577724278712512;1.25;0.702456;0.991539603423537;0.547309;0.471453;0.581661;N;0.111423;0.008028;0.505640481493;0.0408;0.07671437;0.345;0.06538;A143S,A143S;N,N;0.889957,0.889957;0.03700;0.051;0.098;0.022;0.562;0.55;0.093;0.67177;0.975000
149;chr1:23875193_T/C;MODERATE;-1;missense_variant;587;425;142;K/R;aAa/aGa;-;-0.165458;-0.378591;0.272623747587204;0.99457174995407827;0.140993;2.157388;-0.0624797434841993;2.207641;-0.0896907851581523;-0.6;0.702456;0.999085593131977;0.547309;0.59824;0.087218;N;0.000000;0.02247;0.879165671382;0.2764;0.27912095;0.456;0.27130;K142R,K142R;D,D;0.860112,0.860112;0.29525;0.538;0.433;0.133;0.144;0.087;0.127;0.67177;0.974000
150;chr1:23875208_T/C;MODERATE;-1;missense_variant;572;410;137;Y/C;tAt/tGt;-;-0.13442;-0.334007;0.882757902145386;0.9967839905100897;0.330778;4.182998;0.374556062521173;4.56927;0.435195539525794;1.14;0.702456;0.999949703002517;0.547309;0.782022;0.576711;N;0.103877;0.062554;0.814228354293;0.1978;0.44779643;0.492;0.64440;Y137C,Y137C;D,D;0.65593,0.65593;0.63207;0.952;0.84;0.263;0.12;0.004;0.267;0.67177;0.494000
151;chr1:23875210_G/A;LOW;-1;synonymous_variant;570;408;136;R;cgC/cgT;-;;;;;;;;;;;;;;;;;;;;;;;;;;;;;;;;;;;
152;chr1:23875211_C/T;MODERATE;-1;missense_variant;569;407;136;R/H;cGc/cAc;-;-0.431185;-0.620476;0.0104802513076242;0.18100965364374447;0.065105;0.739014;-0.813454537738424;0.4709923;-0.940529586713599;1.18;0.702456;0.988540899329864;0.547309;0.433057;0.666605;N;0.200310;0.003812;0.369309618794;0.0363;0.062675744;;0.09735;R136H,R136H;N,N;0.998427,0.998427;0.00805;0.001;0.004;0.014;0.703;1.0;0.027;0.67177;0.495000
153;chr1:23875212_G/A;MODERATE;-1;missense_variant;568;406;136;R/C;Cgc/Tgc;-;-0.384519;-0.585561;0.052846668853684;0.83975442630239239;0.055227;0.8303289;-0.748559866538437;0.6191326;-0.825081294080421;1.54;0.702456;0.991169695447769;0.547309;0.478252;0.666605;N;0.200310;0.009731;0.361958692863;0.0376;0.10153675;;0.43825;R136C,R136C;N,N;0.725609,0.725609;0.11185;0.004;0.009;0.013;0.23;0.288;0.053;0.67177;0.502000
154;chr1:23875212_G/T;MODERATE;-1;missense_variant;568;406;136;R/S;Cgc/Agc;-;-0.240241;-0.582866;0.169616892933846;0.72856946153278268;0.051815;0.7476429;-0.80724485245899;0.5205643;-0.899670814481858;1.25;0.702456;0.991169695447769;0.547309;0.369363;0.666605;N;0.200310;0.007307;0.409800938858;0.0395;0.10681653;0.359;0.12483;R136S,R136S;N,N;0.99884,0.99884;0.05604;0.01;0.022;0.009;0.407;0.313;0.046;0.67177;0.502000
155;chr1:23875221_G/T;MODERATE;-1;missense_variant;559;397;133;L/I;Ctc/Atc;-;-0.51122;-0.50408;0.0387462879472571;0.93622596314815298;0.063677;2.631363;0.0742544244135691;2.508985;-0.000594890703429246;1.01;0.702456;0.99981003933066;0.547309;0.768923;0.189128;D;0.000217;0.010814;0.668205050051;0.0592;0.009951115;;0.12483;L133I,L133I;D,D;0.978491,0.978491;0.07590;0.88;0.557;0.112;0.725;0.983;0.079;0.67177;0.997000
156;chr1:23875223_T/C;MODERATE;-1;missense_variant;557;395;132;Y/C;tAc/tGc;-;0.457885;0.419943;0.998433411121368;0.99768400007664915;0.40375;5.948902;0.577159294383811;6.633468;0.663149553400783;-2.36;0.702456;0.999999999996818;0.547309;0.853415;0.000000;D;0.000000;0.400005;0.962270829378;0.8426;0.9560876;0.817;0.93219;Y132C,Y132C;D,D;1,1;0.96395;1.0;1.0;0.871;0.003;0.0;0.835;0.67177;0.997000
157;chr1:23875226_C/G;MODERATE;-1;missense_variant;554;392;131;R/P;cGa/cCa;-;0.578086;0.592604;0.998246073722839;0.99580841561873701;0.604714;9.161965;0.76485534615026;10.39656;0.87385829294415;-4.27;0.702456;1.0;0.547309;0.960404;0.000000;D;0.000000;0.465713;0.983990845409;0.9658;0.9860191;0.834;0.93643;R131P,R131P;D,D;1,1;0.93582;1.0;1.0;0.971;0.0;0.0;0.973;0.67177;0.979000
158;chr1:23875226_C/T;MODERATE;-1;missense_variant;554;392;131;R/Q;cGa/cAa;-;0.433727;0.587897;0.988744497299194;0.99946778431984118;0.551149;8.600392;0.741275583742723;9.546211;0.836935842495661;-4.27;0.702456;1.0;0.547309;0.976202;0.000000;D;0.000000;0.317567;0.984196395395;0.9614;0.9566612;;0.93643;R131Q,R131Q;D,D;0.999999,0.999999;0.73893;1.0;1.0;0.929;0.0;0.0;0.895;0.67177;0.979000
159;chr1:23875227_G/A;HIGH;-1;stop_gained;553;391;131;R/*;Cga/Tga;-;0.237247;0.566539;;0.99716761842631108;;7.092821;0.661731614494199;8.982627;0.810159650210456;;0.702456;0.999999999529663;0.547309;;0.000000;D;0.000000;;;;;;;R131*,R131*;D,D;1,1;;;;;;;0.88;0.67177;0.972000
160;chr1:23875237_G/A;LOW;-1;synonymous_variant;543;381;127;T;acC/acT;-;;;;;;;;;;;;;;;;;;;;;;;;;;;;;;;;;;;
161;chr1:23875249_G/A;LOW;-1;synonymous_variant;531;369;123;S;agC/agT;-;;;;;;;;;;;;;;;;;;;;;;;;;;;;;;;;;;;
162;chr1:23875265_G/A;MODERATE;-1;missense_variant;515;353;118;T/I;aCa/aTa;-;0.253751;0.126719;0.991119865133968;0.99852652442664136;0.323587;12.805;0.877075566553646;11.03315;0.899365585092152;-0.79;0.702456;0.999999999804421;0.547309;0.924008;0.093331;D;0.000001;0.123626;0.946181008309;0.5930;0.79789454;0.634;0.79844;T118I,T118I;D,D;0.999974,0.999974;0.69118;0.997;0.99;0.768;0.008;0.001;0.608;0.67177;1.000000
163;chr1:23875277_G/C;MODERATE;-1;missense_variant;503;341;114;T/S;aCt/aGt;-;-0.0129652;-0.2564;0.901720320504989;0.99433297467072634;0.160864;3.713697;0.299444282185383;3.742148;0.292744780736394;-0.63;0.702456;0.999999443214823;0.547309;0.90061;0.045380;D;0.000000;0.058838;0.88839619247;0.4079;0.46662343;0.582;0.75187;T114S,T114S;D,D;0.999316,0.999316;0.40274;0.995;0.977;0.417;0.234;0.003;0.223;0.67177;0.999000
164;chr1:23875279_C/A;LOW;-1;synonymous_variant;501;339;113;V;gtG/gtT;-;;;;;;;;;;;;;;;;;;;;;;;;;;;;;;;;;;;
165;chr1:23875281_C/T;MODERATE;-1;missense_variant;499;337;113;V/M;Gtg/Atg;-;0.0526308;0.0975031;0.623454657033619;0.99917380559550539;0.139732;9.027482;0.759468224714573;7.961823;0.754911517305658;1.19;0.702456;1.0;0.547309;0.835117;0.000000;D;0.000000;0.042762;0.685930098433;0.2210;0.66399014;0.483;0.70756;V113M,V113M;D,D;1,1;0.40468;1.0;1.0;0.332;0.004;0.001;0.583;0.67177;0.996000
166;chr1:23875282_G/A;LOW;-1;synonymous_variant;498;336;112;S;agC/agT;-;;;;;;;;;;;;;;;;;;;;;;;;;;;;;;;;;;;
167;chr1:23875287_C/T;MODERATE;-1;missense_variant;493;331;111;G/S;Ggc/Agc;-;-0.00570167;-0.0644386;0.958587288856506;0.99870691106405651;0.375214;5.841974;0.56774419884594;5.784361;0.586028012932222;1.29;0.702456;0.999999999407302;0.547309;0.79582;0.046279;D;0.000000;0.047353;0.770858631928;0.1960;0.6791668;;0.75005;G111S,G111S;D,D;0.999999,0.999999;0.74348;0.998;0.987;0.377;0.021;0.003;0.496;0.67177;0.999000
168;chr1:23875288_A/C;MODERATE;-1;missense_variant;492;330;110;I/M;atT/atG;-;-0.15676;-0.447465;0.377550345185997;0.99375205105969622;0.056805;0.9913203;-0.636898050815967;1.22018;-0.477996152244025;1.23;0.702456;0.999974927026038;0.547309;0.864413;0.110668;D;0.000007;0.019684;0.411531665326;0.0655;0.1411944;0.302;0.46185;I110M,I110M;D,D;0.75304,0.75304;0.07299;0.969;0.77;0.191;0.07;0.007;0.302;0.67177;0.998000
169;chr1:23875288_A/T;LOW;-1;synonymous_variant;492;330;110;I;atT/atA;-;;;;;;;;;;;;;;;;;;;;;;;;;;;;;;;;;;;
170;chr1:23875289_A/G;MODERATE;-1;missense_variant;491;329;110;I/T;aTt/aCt;-;-0.23622;-0.259017;0.125331047679531;0.99800257768121958;0.106788;7.129874;0.664055480454172;6.057119;0.612897635363184;1.2;0.702456;0.999999999996818;0.547309;0.885811;0.110668;D;0.000007;0.023463;0.726124463899;0.1284;0.13176969;;0.35840;I110T,I110T;D,D;0.999934,0.999934;0.32791;0.947;0.734;0.221;0.019;0.001;0.292;0.67177;0.999000
171;chr1:23875290_T/C;MODERATE;-1;missense_variant;490;328;110;I/V;Att/Gtt;-;-0.130099;-0.424654;0.741499185562134;0.98992215485041712;0.052612;2.266394;-0.0278467269197102;1.996175;-0.158496042412324;1.21;0.702456;0.999995873912253;0.547309;0.858314;0.110668;D;0.000007;0.013424;0.469578130381;0.0713;0.18298006;0.295;0.13372;I110V,I110V;D,D;0.990603,0.990603;0.09297;0.443;0.292;0.084;0.145;0.006;0.23;0.67177;0.999000
172;chr1:23875295_A/C;MODERATE;-1;missense_variant;485;323;108;L/R;cTg/cGg;-;0.257345;0.131882;0.955361306667328;0.99748781814697418;0.51449;8.599884;0.74125270628614;7.871064;0.749479936215926;0.96;0.702456;0.999999999996818;0.547309;0.937806;0.063063;D;0.000003;0.064076;0.776029575915;0.2332;0.85257196;0.595;0.57047;L108R,L108R;D,D;0.999917,0.999917;0.58896;0.999;0.996;0.548;0.084;0.001;0.865;0.67177;0.990000
173;chr1:23875299_G/T;MODERATE;-1;missense_variant;481;319;107;L/M;Ctg/Atg;-;0.187126;0.031017;0.95622444152832;0.99300701759119914;0.118061;3.623223;0.283688979374866;4.113091;0.361409192058368;-0.67;0.702456;0.999551800092301;0.547309;0.685431;0.000000;D;0.000000;0.146889;0.785022633681;0.5110;0.4986897;0.462;0.88528;L107M,L107M;D,D;0.995676,0.995676;0.27669;1.0;1.0;0.581;0.007;0.001;0.498;0.67177;0.964000
174;chr1:23875306_A/G;LOW;-1;synonymous_variant;474;312;104;A;gcT/gcC;-;;;;;;;;;;;;;;;;;;;;;;;;;;;;;;;;;;;
175;chr1:23875312_G/A;LOW;-1;synonymous_variant;468;306;102;S;tcC/tcT;-;;;;;;;;;;;;;;;;;;;;;;;;;;;;;;;;;;;
176;chr1:23875318_C/A;LOW;-1;synonymous_variant;462;300;100;V;gtG/gtT;-;;;;;;;;;;;;;;;;;;;;;;;;;;;;;;;;;;;
177;chr1:23875323_C/T;MODERATE;-1;missense_variant;457;295;99;G/S;Ggt/Agt;-;-0.104298;-0.387593;0.206326022744179;0.96870511177649221;0.048317;1.309197;-0.435752128044047;1.496485;-0.349339420385935;-0.59;0.702456;0.994995148957018;0.547309;0.683432;0.521176;N;0.051174;0.033836;0.825990385736;0.2547;0.14517125;0.429;0.32135;G99S,G99S;N,N;1,1;0.06026;0.797;0.593;0.165;0.699;0.171;0.087;0.67177;0.836000
178;chr1:23875328_A/-;HIGH;-1;frameshift_variant;452;290;97;F/X;tTc/tc;-;;;;;;;;;;;;;;;;;;;;;;;;;;;;;;;;;;;
179;chr1:23875328_A/T;MODERATE;-1;missense_variant;452;290;97;F/Y;tTc/tAc;-;0.0189466;-0.210561;0.859503746032715;0.99427793199602821;0.145248;5.838471;0.567431615456217;5.920733;0.599736907866733;1.22;0.702456;0.999999999996948;0.547309;0.763824;0.092842;D;0.000000;0.011993;0.661898212072;0.2010;0.55408514;0.461;0.68558;F97Y,F97Y;D,D;0.999167,0.999167;0.29114;0.933;0.838;0.249;0.009;0.055;0.509;0.67177;0.945000
180;chr1:23875336_G/C;MODERATE;-1;missense_variant;444;282;94;F/L;ttC/ttG;-;0.232866;0.0967194;0.976248979568481;0.9886926946447927;0.325189;1.95449;-0.133438837446636;2.2538;-0.0754364464055601;1.3;0.702456;0.995458303361871;0.547309;0.885211;0.000000;D;0.000000;0.030064;0.53865211836;0.1669;0.7514163;0.637;0.72069;F94L,F94L;D,D;0.998975,0.998975;0.62343;1.0;1.0;0.439;0.04;0.002;0.663;0.67177;0.881000
181;chr1:23875337_A/G;MODERATE;-1;missense_variant;443;281;94;F/S;tTc/tCc;-;0.288017;0.17594;0.986872911453247;0.99863351595872862;0.324763;5.933627;0.575834401211261;5.738684;0.581310028374622;1.17;0.702456;0.999999999996948;0.547309;0.866613;0.000000;D;0.000000;0.051552;0.677580545999;0.1738;0.8528062;0.689;0.66956;F94S,F94S;D,D;0.999999,0.999999;0.63782;1.0;1.0;0.513;0.059;0.001;0.863;0.67177;0.884000
182;chr1:23875344_C/G;MODERATE;-1;missense_variant;436;274;92;V/L;Gtg/Ctg;-;-0.102274;-0.384686;0.109095633735867;0.9646749830926592;0.050613;1.562102;-0.300952296100579;1.26427;-0.4561961317746;-0.53;0.702456;0.999044766555796;0.547309;0.854814;0.272870;N;0.002784;0.025707;0.755519617258;0.1459;0.12534449;0.39;0.09627;V92L,V92L;D,D;0.849584,0.849584;0.03463;0.276;0.233;0.047;0.799;0.5;0.093;0.67177;0.933000
183;chr1:23875345_A/G;LOW;-1;synonymous_variant;435;273;91;F;ttT/ttC;-;;;;;;;;;;;;;;;;;;;;;;;;;;;;;;;;;;;
184;chr1:23875348_G/A;LOW;-1;synonymous_variant;432;270;90;S;agC/agT;-;;;;;;;;;;;;;;;;;;;;;;;;;;;;;;;;;;;
185;chr1:23875353_A/G;MODERATE;-1;missense_variant;427;265;89;C/R;Tgc/Cgc;-;-0.141738;-0.441373;0.0595601864024509;0.90797669820676341;0.174499;1.236288;-0.478952214413357;0.9140926;-0.641166823657997;1.24;0.702456;0.997064714362558;0.547309;0.565243;0.629732;N;0.137323;0.00683;0.321951552304;0.0417;0.16055569;0.355;0.26193;C89R,C89R;D,D;0.999948,0.999948;0.50992;0.006;0.024;0.060;0.333;0.228;0.196;0.67177;0.830000
186;chr1:23875354_T/C;LOW;-1;synonymous_variant;426;264;88;A;gcA/gcG;-;;;;;;;;;;;;;;;;;;;;;;;;;;;;;;;;;;;
187;chr1:23875355_G/T;MODERATE;-1;missense_variant;425;263;88;A/E;gCa/gAa;-;0.130944;-0.0496846;0.584740221500397;0.96178508108108474;0.14429;1.56115;-0.30141708038939;1.565896;-0.319809835472974;-0.66;0.702456;0.993129734995293;0.547309;0.935006;0.421951;N;0.014229;0.100888;0.768311024406;0.3155;0.28550935;0.396;0.38595;A88E,A88E;D,D;0.771806,0.771806;0.34198;0.293;0.497;0.411;0.051;0.003;0.423;0.67177;0.866000
188;chr1:23875361_A/G;MODERATE;-1;missense_variant;419;257;86;V/A;gTc/gCc;-;0.00625958;-0.228785;0.77347993850708;0.99789196125597768;0.089574;3.389835;0.240815603980359;2.83707;0.0874503273180559;-0.66;0.577304;0.999999999996948;0.547309;0.768323;0.501380;N;0.039724;0.025556;0.924729244946;0.2508;0.27155066;0.312;0.23595;V86A,V86A;N,N;0.681292,0.681292;0.19720;0.406;0.314;0.148;0.203;0.001;0.2;0.460665;0.988000
189;chr1:23875368_T/A;MODERATE;-1;missense_variant;412;250;84;S/C;Agt/Tgt;-;0.109059;0.178558;0.83487868309021;0.99183090960964038;0.347737;8.539571;0.738561422738724;8.179204;0.767583967248282;1.09;0.577304;0.999999999996948;0.547309;0.710029;0.000000;D;0.000000;0.072131;0.859715797489;0.2816;0.35516;;0.89877;S84C,S84C;D,D;1,1;0.71042;1.0;1.0;0.523;0.007;0.001;0.446;0.460665;0.984000
190;chr1:23875383_-/C;HIGH;-1;frameshift_variant;397-398;235-236;79;A/GX;gct/gGct;-;;;;;;;;;;;;;;;;;;;;;;;;;;;;;;;;;;;
191;chr1:23875384_C/A;LOW;-1;synonymous_variant;396;234;78;G;ggG/ggT;-;;;;;;;;;;;;;;;;;;;;;;;;;;;;;;;;;;;
192;chr1:23875388_G/A;MODERATE;-1;missense_variant;392;230;77;A/V;gCt/gTt;-;0.233371;0.273291;0.997166216373444;0.99911306663644184;0.3737;17.30784;0.973542515697067;14.23291;1.00979594006567;0.47;0.577304;1.0;0.547309;0.965953;0.000000;D;0.000000;0.02784;0.912666565788;0.4386;0.9806825;0.881;0.93317;A77V,A77V;D,D;1,1;0.72240;1.0;1.0;0.702;0.0;0.0;0.953;0.460665;0.998000
193;chr1:23875396_G/A;LOW;-1;synonymous_variant;384;222;74;G;ggC/ggT;-;;;;;;;;;;;;;;;;;;;;;;;;;;;;;;;;;;;
194;chr1:23875400_A/G;MODERATE;-1;missense_variant;380;218;73;I/T;aTt/aCt;-;0.26599;0.1443;0.993605971336365;0.99842890650248795;0.404772;13.21157;0.887124673087949;11.71102;0.924842943069782;0.96;0.577304;0.999999999998063;0.547309;0.956971;0.156443;D;0.000024;0.036831;0.805558765288;0.3186;0.9179535;0.794;0.91446;I73T,I73T;D,D;0.999956,0.999956;0.76822;0.999;0.996;0.697;0.003;0.0;0.845;0.460665;0.993000
195;chr1:23875402_G/A;LOW;-1;synonymous_variant;378;216;72;F;ttC/ttT;-;;;;;;;;;;;;;;;;;;;;;;;;;;;;;;;;;;;
196;chr1:23875405_C/T;LOW;-1;synonymous_variant;375;213;71;L;ctG/ctA;-;;;;;;;;;;;;;;;;;;;;;;;;;;;;;;;;;;;
197;chr1:23875407_G/A;LOW;-1;synonymous_variant;373;211;71;L;Ctg/Ttg;-;;;;;;;;;;;;;;;;;;;;;;;;;;;;;;;;;;;
198;chr1:23875407_G/C;MODERATE;-1;missense_variant;373;211;71;L/V;Ctg/Gtg;-;0.0331756;-0.190122;0.856591582298279;0.99740541847802;0.106061;5.477657;0.533384416654822;5.363794;0.540184574296057;-0.61;0.577304;0.999992232023654;0.547309;0.823018;0.148001;D;0.000249;0.055772;0.839753724582;0.4123;0.37502456;0.408;0.44442;L71V,L71V;D,D;0.972214,0.972214;0.25118;0.989;0.955;0.371;0.186;0.143;0.115;0.460665;0.997000
199;chr1:23875410_A/G;MODERATE;-1;missense_variant;370;208;70;Y/H;Tac/Cac;-;0.100003;0.0861669;0.968977749347687;0.99842853355029515;0.369179;10.99885;0.827806506889323;9.850424;0.850554028928425;0.91;0.577304;0.999999999998063;0.547309;0.867113;0.055257;D;0.000000;0.026311;0.865227431395;0.2831;0.8674121;;0.57729;Y70H,Y70H;D,D;0.999981,0.999981;0.80085;1.0;1.0;0.709;0.0;0.0;0.822;0.460665;0.997000
200;chr1:23875417_C/T;LOW;-1;synonymous_variant;363;201;67;K;aaG/aaA;-;;;;;;;;;;;;;;;;;;;;;;;;;;;;;;;;;;;
201;chr1:23875419_T/C;MODERATE;-1;missense_variant;361;199;67;K/E;Aag/Gag;-;0.107389;-0.0835199;0.96007639169693;0.99881161268940888;0.166287;7.27515;0.672958906109571;7.436035;0.721870715489102;1.16;0.577304;0.99999995565076;0.547309;0.918208;0.099522;D;0.000002;0.0284;0.819610689009;0.2520;0.7326212;0.542;0.78878;K67E,K67E;D,D;0.974797,0.974797;0.45042;0.997;0.988;0.388;0.011;0.002;0.477;0.460665;0.874000
202;chr1:23875421_C/T;MODERATE;-1;missense_variant;359;197;66;R/Q;cGg/cAg;-;-0.48192;-0.441336;0.0150484906452282;0.91249925604955573;0.147104;0.541273;-0.959121054298709;0.4306236;-0.975648416423144;-1.23;0.577304;0.991763956926834;0.547309;0.811219;0.246311;N;0.000302;;0.750119961027;0.1441;0.004694581;;0.28843;R66Q,R66Q;N,N;0.960146,0.960146;0.37375;0.225;0.089;0.260;0.365;0.348;0.061;0.460665;0.587000
203;chr1:23875422_G/A;MODERATE;-1;missense_variant;358;196;66;R/W;Cgg/Tgg;-;-0.107279;-0.189221;0.935106039047241;0.9973661597225697;0.322925;1.694651;-0.239272012293294;2.248688;-0.076996235173178;-1.33;0.577304;0.993233768380051;0.547309;0.964603;0.246311;D;0.000302;0.155598;0.899406313594;0.6478;0.58366656;;0.66821;R66W,R66W;N,N;0.557293,0.557293;0.64593;0.999;0.954;0.459;0.04;0.022;0.332;0.460665;0.560000
204;chr1:23875424_C/T;MODERATE;-1;missense_variant;356;194;65;R/H;cGc/cAc;-;-0.218177;-0.443516;0.739584743976593;0.99685558378082129;0.068185;2.653318;0.0798364228428562;2.893806;0.101916935687037;1.13;0.577304;0.999975037322654;0.547309;0.786121;0.100290;N;0.000003;0.011178;0.688856029526;0.1169;0.2103849;;0.66415;R65H,R65H;D,D;0.994389,0.994389;0.13418;0.917;0.554;0.128;0.225;0.01;0.151;0.460665;0.508000
205;chr1:23875425_G/A;MODERATE;-1;missense_variant;355;193;65;R/C;Cgc/Tgc;-;-0.22988;-0.331315;0.867200672626495;0.99796184181690251;0.52186;3.414436;0.245492600472185;4.156055;0.368836535500773;0.88;0.577304;0.997266165836377;0.547309;0.816518;0.100290;D;0.000003;0.091202;0.703958845364;0.2801;0.765006;;0.91202;R65C,R65C;D,D;0.999933,0.999933;0.66325;1.0;0.997;0.376;0.001;0.001;0.609;0.460665;0.438000
206;chr1:23875429_T/C;LOW;-1;synonymous_variant;351;189;63;Q;caA/caG;-;;;;;;;;;;;;;;;;;;;;;;;;;;;;;;;;;;;
207;chr1:23875430_T/C;MODERATE;-1;missense_variant;350;188;63;Q/R;cAa/cGa;-;-0.689162;-0.61889;0.00231175049445622;0.17149887647335865;0.05077;0.9024227;-0.698091101298185;0.5023671;-0.914343759019296;-0.51;0.577304;0.999766470355238;0.547309;0.179882;0.527042;N;0.091487;;;0.0000;3.1362777e-06;;0.00452;Q63R,Q63R;P,P;1,1;0.00961;0.0;0.0;0.118;0.824;1.0;0.01;0.460665;0.072000
208;chr1:23875431_G/A;HIGH;-1;stop_gained;349;187;63;Q/*;Caa/Taa;-;0.16764;0.0666731;;0.99437613505478351;;1.850499;-0.173548354438052;2.932906;0.11176846633336;;0.577304;0.989729733368476;0.547309;;0.527042;N;0.091487;;;;;;;Q63*,Q63*;D,D;1,1;;;;;;;0.485;0.460665;0.072000
209;chr1:23875431_G/C;MODERATE;-1;missense_variant;349;187;63;Q/E;Caa/Gaa;-;-0.179444;-0.495536;0.117246092055335;0.87418979127792185;0.076269;0.8206968;-0.755391937401135;0.6399743;-0.810335277610217;-0.55;0.577304;0.989729733368476;0.547309;0.415458;0.527042;N;0.091487;0.01412;0.717345707198;0.1537;0.123818934;0.305;0.24501;Q63E,Q63E;N,N;1,1;0.12099;0.001;0.002;0.059;0.915;0.117;0.041;0.460665;0.072000
210;chr1:23875433_T/C;MODERATE;-1;missense_variant;347;185;62;H/R;cAc/cGc;-;-0.362898;-0.759055;0.034959034971073;0.4504038436870752;0.049648;0.07466035;-1.60170019414203;0.04402187;-1.65468999659457;1.45;0.577304;0.999639664378776;0.547309;0.374863;0.756277;N;0.389272;0.006258;0.191931220699;0.0181;0.03815037;0.319;0.02162;H62R,H62R;N,N;0.999952,0.999952;0.02332;0.0;0.002;0.027;0.924;1.0;0.037;0.460665;0.087000
211;chr1:23875435_G/A;LOW;-1;synonymous_variant;345;183;61;S;tcC/tcT;-;;;;;;;;;;;;;;;;;;;;;;;;;;;;;;;;;;;
212;chr1:23875436_G/A;MODERATE;-1;missense_variant;344;182;61;S/F;tCc/tTc;-;-0.0247989;0.054562;0.575888812541962;0.99838303291511465;0.321684;7.194808;0.668076376708602;7.037302;0.694094240672198;-0.72;0.577304;0.999999999700565;0.547309;0.825917;0.284476;N;0.001006;0.03878;0.898900898674;0.4704;0.802107;0.747;0.57729;S61F,S61F;D,D;0.999961,0.999961;0.60029;1.0;0.997;0.605;0.002;0.0;0.527;0.460665;0.969000
213;chr1:23875436_G/T;MODERATE;-1;missense_variant;344;182;61;S/Y;tCc/tAc;-;0.197458;0.0458577;0.989169657230377;0.9941281642968639;0.322843;6.973078;0.654065213538907;6.746626;0.672154813594111;-0.69;0.577304;0.999999999700565;0.547309;0.80432;0.284476;N;0.001006;0.035778;0.896200649061;0.4495;0.8551108;0.734;0.70455;S61Y,S61Y;D,D;0.999928,0.999928;0.56466;1.0;0.997;0.588;0.003;0.0;0.529;0.460665;0.969000
214;chr1:23875441_C/G;LOW;-1;synonymous_variant;339;177;59;L;ctG/ctC;-;;;;;;;;;;;;;;;;;;;;;;;;;;;;;;;;;;;
215;chr1:23875444_G/A;LOW;-1;synonymous_variant;336;174;58;I;atC/atT;-;;;;;;;;;;;;;;;;;;;;;;;;;;;;;;;;;;;
216;chr1:23875451_T/G;MODERATE;-1;missense_variant;329;167;56;Y/S;tAt/tCt;-;-0.12019;-0.410421;0.275304401110222;0.97015073969664545;0.147324;1.859976;-0.169780103697203;2.020254;-0.150336739742718;1.14;0.702456;0.993543751611514;0.547309;0.566043;0.530450;N;0.067077;0.028399;0.433379234345;0.0857;0.30376458;0.39;0.46772;Y56S,Y56S;D,D;0.87637,0.87637;0.46503;0.888;0.646;0.137;0.38;0.179;0.325;0.67177;0.265000
217;chr1:23875458_C/T;MODERATE;-1;missense_variant;322;160;54;V/M;Gtg/Atg;-;0.410473;0.351839;0.983744502067566;0.99894805251415464;0.418848;6.815526;0.64358500540718;7.792941;0.744716441124346;-1.9;0.577304;0.999999999939529;0.547309;0.933707;0.190656;D;0.000329;0.075324;0.932345934706;0.8009;0.9127902;0.793;0.91848;V54M,V54M;D,D;0.999993,0.999993;0.56301;0.998;0.988;0.702;0.002;0.0;0.549;0.460665;0.097000
218;chr1:23875463_A/T;MODERATE;-1;missense_variant;317;155;52;V/E;gTg/gAg;-;-0.090907;-0.368358;0.324632525444031;0.95969087216792959;0.521706;1.109909;-0.55820734195796;1.135079;-0.521226296696217;1.08;0.702456;0.995120631180005;0.547309;0.239276;1.397770;N;0.314090;0.023943;0.381580015636;0.1170;0.21497339;0.454;0.28011;V52E,V52E;N,N;1,1;0.58733;0.195;0.18;0.097;0.123;0.006;0.328;0.67177;0.019000
219;chr1:23875464_C/T;MODERATE;-1;missense_variant;316;154;52;V/M;Gtg/Atg;-;-0.495341;-0.68962;0.0257108050710838;0.67940503386530715;0.074376;0.1836185;-1.34080476607706;0.1510752;-1.32567011576242;1.1;0.702456;0.993984660565595;0.547309;0.172183;1.397770;N;0.314090;0.012481;0.378674557249;0.0699;0.031440914;0.29;0.04954;V52M,V52M;N,N;1,1;0.09965;0.051;0.017;0.001;0.24;0.143;0.03;0.67177;0.016000
220;chr1:23875465_G/A;LOW;-1;synonymous_variant;315;153;51;N;aaC/aaT;-;;;;;;;;;;;;;;;;;;;;;;;;;;;;;;;;;;;
221;chr1:23875467_T/A;MODERATE;-1;missense_variant;313;151;51;N/Y;Aac/Tac;-;0.536998;0.533584;0.998277544975281;0.99410353380205441;0.602013;9.474324;0.776919088709423;10.13432;0.862837438434712;-4.07;0.702456;0.999999999998956;0.547309;0.729627;0.085679;D;0.000000;0.351581;0.98867979766;0.9542;0.98478776;0.834;0.93551;N51Y,N51Y;D,D;1,1;0.93404;1.0;1.0;0.936;0.0;0.0;0.924;0.67177;0.575000
222;chr1:23875470_C/T;MODERATE;-1;missense_variant;310;148;50;E/K;Gag/Aag;-;0.300742;0.194218;0.992920458316803;0.99935506360119841;0.371371;9.655969;0.783636057359713;9.35658;0.828161859797512;1.2;0.702456;1.0;0.547309;0.835616;0.146462;D;0.000011;0.047863;0.873953822125;0.2768;0.93838495;0.817;0.88303;E50K,E50K;D,D;0.999999,0.999999;0.60507;0.991;0.967;0.518;0.029;0.001;0.665;0.67177;0.613000
223;chr1:23875485_G/A;LOW;-1;synonymous_variant;295;133;45;L;Ctg/Ttg;-;;;;;;;;;;;;;;;;;;;;;;;;;;;;;;;;;;;
224;chr1:23875496_G/A;MODERATE;-1;missense_variant;284;122;41;T/I;aCt/aTt;-;-0.167963;-0.479044;0.107664422071113;0.78437178455174328;0.053803;1.252619;-0.469139217201917;0.9946714;-0.596142903519977;1.29;0.702456;0.999944335201962;0.547309;0.483352;0.283310;N;0.001229;0.006499;0.494165489436;0.0522;0.103732854;0.556;0.57729;T41I,T41I;N,N;0.999964,0.999964;0.06868;0.017;0.004;0.101;0.433;0.296;0.058;0.67177;0.476000
225;chr1:23875515_C/T;MODERATE;-1;missense_variant;265;103;35;A/T;Gct/Act;-;-0.042143;-0.298312;0.404617376720908;0.99789222999931404;0.149216;3.568916;0.273996229501201;4.160349;0.369568896905136;1.19;0.702456;0.999999575532306;0.48864;0.641836;0.219355;N;0.002006;0.015683;0.715280532979;0.1509;0.3583429;0.632;0.73915;A35T,A35T;N,N;0.999726,0.999726;0.41239;0.991;0.885;0.268;0.115;0.004;0.123;0.67177;0.045000
226;chr1:23875517_G/A;MODERATE;-1;missense_variant;263;101;34;T/I;aCa/aTa;-;-0.329638;-0.711279;0.0290952845909503;0.47138868066486928;0.047872;0.2260632;-1.27468010189138;0.1230563;-1.38522246111616;1.3;0.702456;0.99840452488133;0.48864;0.273673;0.533763;N;0.095805;0.002231;0.226586394389;0.0238;0.025319844;0.387;0.00474;T34I,T34I;N,N;1,1;0.02898;0.0;0.001;0.018;1.0;0.785;0.024;0.67177;0.045000
227;chr1:23875527_G/T;MODERATE;-1;missense_variant;253;91;31;P/T;Ccc/Acc;-;-0.228739;-0.566344;0.0881452278397117;0.82246498445952043;0.056517;0.1434783;-1.41614752791758;0.1436344;-1.34056387463367;1.24;0.702456;0.999987973398365;0.48864;0.633137;0.854788;N;0.667627;0.003757;0.197625483188;0.0429;0.09645417;0.39;0.43825;P31T,P31T;N,N;1,1;0.16799;0.002;0.004;0.040;0.372;0.109;0.051;0.67177;0.004000
228;chr1:23875529_C/A;MODERATE;-1;missense_variant;251;89;30;G/V;gGt/gTt;-;-0.240639;-0.583438;0.124184741014298;0.59831521084572126;0.059246;0.04799017;-1.71586109352342;0.05174012;-1.61525197953636;1.2;0.702456;0.999999998489291;0.48864;0.512349;2.064430;N;0.034238;0.008223;0.202086224978;0.0477;0.041912407;0.421;0.40313;G30V,G30V;N,N;1,1;0.25770;0.023;0.017;0.048;0.264;0.029;0.131;0.67177;0.004000
229;chr1:23875529_C/T;MODERATE;-1;missense_variant;251;89;30;G/D;gGt/gAt;-;-0.49979;-0.645172;0.0505499728024006;0.53492510520780334;0.050946;0.03130182;-1.8181276508055;0.02860363;-1.75562536014617;1.25;0.702456;0.999999998489291;0.48864;0.30087;2.064430;N;0.034238;0.005199;0.144782658237;0.0347;0.017938793;;0.16971;G30D,G30D;N,N;1,1;0.10833;0.0;0.001;0.030;0.66;0.328;0.103;0.67177;0.004000
230;chr1:23875534_C/T;LOW;-1;synonymous_variant;246;84;28;L;ctG/ctA;-;;;;;;;;;;;;;;;;;;;;;;;;;;;;;;;;;;;
231;chr1:23875537_G/A;LOW;-1;synonymous_variant;243;81;27;I;atC/atT;-;;;;;;;;;;;;;;;;;;;;;;;;;;;;;;;;;;;
232;chr1:23875543_G/A;LOW;-1;synonymous_variant;237;75;25;Y;taC/taT;-;;;;;;;;;;;;;;;;;;;;;;;;;;;;;;;;;;;
233;chr1:23875548_C/G;MODERATE;-1;missense_variant;232;70;24;D/H;Gat/Cat;-;-0.146892;-0.448777;0.128867753327677;0.9495917242658577;0.106273;1.699217;-0.23724575567833;1.408507;-0.388302777723093;1.19;0.702456;0.998911320286675;0.48864;0.571043;0.803958;N;0.522426;0.003264;0.545519808136;0.0456;0.12883487;0.521;0.40776;D24H,D24H;N,N;0.981326,0.981326;0.15578;0.001;0.004;0.076;0.191;0.171;0.052;0.67177;1.000000
234;chr1:23875552_C/T;MODERATE;-1;missense_variant;228;66;22;M/I;atG/atA;-;-0.158654;-0.450186;0.207974455390461;0.98342473986947931;0.105809;2.540854;0.0506479408502638;2.182552;-0.0975507036727591;1.42;0.702456;0.999960784739569;0.48864;0.69823;0.395025;N;0.013419;0.004157;0.449088463789;0.0569;0.16497472;0.574;0.54099;M22I,M22I;D,D;0.933439,0.933439;0.19720;0.029;0.016;0.045;0.169;0.087;0.234;0.67177;1.000000
235;chr1:23875554_T/A;MODERATE;-1;missense_variant;226;64;22;M/L;Atg/Ttg;-;-0.148214;-0.450675;0.288369506597519;0.95074567010013555;0.089568;2.743097;0.102094856512041;2.257539;-0.0742910844979305;1.38;0.702456;0.999982653766371;0.48864;0.534647;0.395025;N;0.013419;0.007501;0.440498838766;0.0846;0.1748386;0.633;0.36358;M22L,M22L;D,D;0.691217,0.691217;0.15578;0.0;0.002;0.074;0.366;0.208;0.258;0.67177;1.000000
236;chr1:23875554_T/C;MODERATE;-1;missense_variant;226;64;22;M/V;Atg/Gtg;-;-0.264007;-0.324855;0.253120958805084;0.98180530932092336;0.100323;3.262797;0.216074492041964;2.811274;0.0808353939682603;1.34;0.702456;0.999982653766371;0.48864;0.560444;0.395025;N;0.013419;0.016978;0.505946769237;0.1054;0.13199505;0.581;0.67151;M22V,M22V;D,D;0.736366,0.736366;0.18042;0.137;0.103;0.131;0.023;0.002;0.21;0.67177;1.000000
237;chr1:23875555_A/G;LOW;-1;synonymous_variant;225;63;21;P;ccT/ccC;-;;;;;;;;;;;;;;;;;;;;;;;;;;;;;;;;;;;
238;chr1:23875560_T/C;MODERATE;-1;missense_variant;220;58;20;N/D;Aac/Gac;-;-0.258415;-0.608971;0.11494042724371;0.99151737762623415;0.141877;1.640018;-0.263999469724247;1.392726;-0.395471399672268;1.28;0.702456;0.999982039462253;0.48864;0.542646;3.780380;N;0.000679;0.00633;0.491928505054;0.1001;0.090247035;0.317;0.47472;N20D,N20D;D,D;0.919572,0.919572;0.24026;0.0;0.003;0.080;0.189;0.293;0.09;0.67177;1.000000
239;chr1:23875567_C/T;LOW;-1;synonymous_variant;213;51;17;L;ttG/ttA;-;;;;;;;;;;;;;;;;;;;;;;;;;;;;;;;;;;;
240;chr1:23875570_G/T;LOW;-1;synonymous_variant;210;48;16;G;ggC/ggA;-;;;;;;;;;;;;;;;;;;;;;;;;;;;;;;;;;;;
241;chr1:23875571_C/A;MODERATE;-1;missense_variant;209;47;16;G/V;gGc/gTc;-;-0.135798;-0.432841;0.2597481987759;0.98260995522846128;0.097882;1.088084;-0.572371591189934;1.253219;-0.461584003506372;1.25;0.702456;0.99903772644601;0.48864;0.660434;5.591830;N;0.000002;0.015218;0.561867705733;0.1093;0.12848493;0.323;0.59049;G16V,G16V;D,D;0.743258,0.743258;0.22944;0.575;0.382;0.141;0.048;0.003;0.196;0.67177;0.941000
242;chr1:23875574_T/C;MODERATE;-1;missense_variant;206;44;15;D/G;gAt/gGt;-;-0.255067;-0.604163;0.0253231824802847;0.7391640826259771;0.097167;0.4478383;-1.03394169866581;0.3329663;-1.0708888781556;1.22;0.702456;0.999107824696416;0.48864;0.451355;;;;0.005013;0.261217442401;0.0341;0.034472734;0.238;0.34509;D15G,D15G;N,N;1,1;0.29933;0.001;0.001;0.030;0.692;0.854;0.046;0.67177;0.581000
243;chr1:23875575_C/A;MODERATE;-1;missense_variant;205;43;15;D/Y;Gat/Tat;-;-0.287821;-0.42551;0.0590616730191034;0.91497728412547852;0.157616;0.66899;-0.864153987474615;0.6498914;-0.80340809061768;1.23;0.702456;0.998862654795277;0.48864;0.59944;;;;0.022608;0.368554958709;0.0692;0.08441913;;0.57402;D15Y,D15Y;N,N;1,1;0.40468;0.939;0.396;0.137;0.117;0.077;0.164;0.67177;0.330000
244;chr1:23875580_G/C;MODERATE;-1;missense_variant;200;38;13;S/C;tCc/tGc;-;-0.078708;-0.335349;0.104057257385818;0.92568802137818817;0.159218;2.425156;0.0189280746044607;2.003439;-0.156009923182374;0.56;0.702456;0.99986512967425;0.48864;0.490951;;;;0.009845;0.757685649662;0.1166;0.12293941;0.417;0.45626;S13C,S13C;N,N;0.885334,0.885334;0.33998;0.012;0.021;0.065;0.111;0.074;0.135;0.67177;0.716000
245;chr1:23875582_G/A;LOW;-1;synonymous_variant;198;36;12;G;ggC/ggT;-;;;;;;;;;;;;;;;;;;;;;;;;;;;;;;;;;;;
246;chr1:23875583_C/G;MODERATE;-1;missense_variant;197;35;12;G/A;gGc/gCc;-;-0.245487;-0.590401;0.0237866393785404;0.73662786367319211;0.057197;0.8977942;-0.701307658184884;0.6642359;-0.79353115026163;1.23;0.702456;0.998630621549494;0.48864;0.548145;0.852022;N;0.639696;0.003269;0.351180957027;0.0440;0.03215176;0.389;0.42232;G12A,G12A;N,N;0.964186,0.964186;0.03824;0.0;0.004;0.027;0.779;0.536;0.062;0.67177;0.947000
247;chr1:23875592_A/G;MODERATE;-1;missense_variant;188;26;9;I/T;aTa/aCa;-;-0.201093;-0.526633;0.0616550652029049;0.72069771431492413;0.056473;0.3949363;-1.08147901104678;0.2583868;-1.15762492346713;-1.19;0.702456;0.998260963621904;0.48864;0.329367;2.219770;N;0.058778;0.010566;0.426436156839;0.2010;0.030559748;;0.01383;I9T,I9T;N,N;1,1;0.06488;0.0;0.0;0.139;0.633;0.344;0.025;0.67177;0.013000
248;chr1:23875594_C/A;MODERATE;-1;missense_variant;186;24;8;E/D;gaG/gaT;-;-0.106039;-0.390094;0.0644379034638405;0.97599084189775664;0.091336;0.921503;-0.684881778189358;0.8360504;-0.686207008482333;-1.15;0.702456;0.998247425556205;0.48864;0.419058;0.612663;N;0.315993;0.01593;0.85957680387;0.2764;0.096729934;0.306;0.50145;E8D,E8D;N,N;1,1;0.16187;0.001;0.003;0.083;0.332;0.079;0.049;0.67177;0.006000
249;chr1:23875604_C/T;HIGH;-1;stop_gained;176;14;5;W/*;tGg/tAg;-;0.112522;0.033912;;0.95366428550650328;;1.347933;-0.413553992734891;2.447905;-0.0179807991511289;;0.702456;0.999980034186175;0.48864;;1.002150;N;0.996238;;;;;;;.,.;D,D;1,1;;;;;;;0.474;0.67177;0.003000
250;chr1:23875609_T/-;HIGH;-1;frameshift_variant;171;9;3;E/X;gaA/ga;-;;;;;;;;;;;;;;;;;;;;;;;;;;;;;;;;;;;
